// Generated by scripts/prepare-emoji.py; Twemoji 17.0.1.
#pragma once
namespace ui::emoji {
struct Entry { const char* sequence; unsigned tile; };
inline constexpr Entry catalog[] = {
{"\x23\xe2\x83\xa3",3788},
{"\x23\xe2\x83\xa3\xef\xb8\x8f",3788},
{"\x23\xef\xb8\x8f\xe2\x83\xa3",3788},
{"\x2a\xe2\x83\xa3",3984},
{"\x2a\xe2\x83\xa3\xef\xb8\x8f",3984},
{"\x2a\xef\xb8\x8f\xe2\x83\xa3",3984},
{"\x30\xe2\x83\xa3",3992},
{"\x30\xe2\x83\xa3\xef\xb8\x8f",3992},
{"\x30\xef\xb8\x8f\xe2\x83\xa3",3992},
{"\x31\xe2\x83\xa3",3995},
{"\x31\xe2\x83\xa3\xef\xb8\x8f",3995},
{"\x31\xef\xb8\x8f\xe2\x83\xa3",3995},
{"\x32\xe2\x83\xa3",3996},
{"\x32\xe2\x83\xa3\xef\xb8\x8f",3996},
{"\x32\xef\xb8\x8f\xe2\x83\xa3",3996},
{"\x33\xe2\x83\xa3",3999},
{"\x33\xe2\x83\xa3\xef\xb8\x8f",3999},
{"\x33\xef\xb8\x8f\xe2\x83\xa3",3999},
{"\x34\xe2\x83\xa3",4000},
{"\x34\xe2\x83\xa3\xef\xb8\x8f",4000},
{"\x34\xef\xb8\x8f\xe2\x83\xa3",4000},
{"\x35\xe2\x83\xa3",4001},
{"\x35\xe2\x83\xa3\xef\xb8\x8f",4001},
{"\x35\xef\xb8\x8f\xe2\x83\xa3",4001},
{"\x36\xe2\x83\xa3",4002},
{"\x36\xe2\x83\xa3\xef\xb8\x8f",4002},
{"\x36\xef\xb8\x8f\xe2\x83\xa3",4002},
{"\x37\xe2\x83\xa3",4003},
{"\x37\xe2\x83\xa3\xef\xb8\x8f",4003},
{"\x37\xef\xb8\x8f\xe2\x83\xa3",4003},
{"\x38\xe2\x83\xa3",4004},
{"\x38\xe2\x83\xa3\xef\xb8\x8f",4004},
{"\x38\xef\xb8\x8f\xe2\x83\xa3",4004},
{"\x39\xe2\x83\xa3",4005},
{"\x39\xe2\x83\xa3\xef\xb8\x8f",4005},
{"\x39\xef\xb8\x8f\xe2\x83\xa3",4005},
{"\xc2\xa9",4006},
{"\xc2\xa9\xef\xb8\x8f",4006},
{"\xc2\xae",4007},
{"\xc2\xae\xef\xb8\x8f",4007},
{"\xe2\x80\xbc",3776},
{"\xe2\x80\xbc\xef\xb8\x8f",3776},
{"\xe2\x81\x89",3777},
{"\xe2\x81\x89\xef\xb8\x8f",3777},
{"\xe2\x84\xa2",3778},
{"\xe2\x84\xa2\xef\xb8\x8f",3778},
{"\xe2\x84\xb9",3779},
{"\xe2\x84\xb9\xef\xb8\x8f",3779},
{"\xe2\x86\x94",3780},
{"\xe2\x86\x94\xef\xb8\x8f",3780},
{"\xe2\x86\x95",3781},
{"\xe2\x86\x95\xef\xb8\x8f",3781},
{"\xe2\x86\x96",3782},
{"\xe2\x86\x96\xef\xb8\x8f",3782},
{"\xe2\x86\x97",3783},
{"\xe2\x86\x97\xef\xb8\x8f",3783},
{"\xe2\x86\x98",3784},
{"\xe2\x86\x98\xef\xb8\x8f",3784},
{"\xe2\x86\x99",3785},
{"\xe2\x86\x99\xef\xb8\x8f",3785},
{"\xe2\x86\xa9",3786},
{"\xe2\x86\xa9\xef\xb8\x8f",3786},
{"\xe2\x86\xaa",3787},
{"\xe2\x86\xaa\xef\xb8\x8f",3787},
{"\xe2\x8c\x9a",3789},
{"\xe2\x8c\x9a\xef\xb8\x8f",3789},
{"\xe2\x8c\x9b",3790},
{"\xe2\x8c\x9b\xef\xb8\x8f",3790},
{"\xe2\x8c\xa8",3791},
{"\xe2\x8c\xa8\xef\xb8\x8f",3791},
{"\xe2\x8f\x8f",3792},
{"\xe2\x8f\x8f\xef\xb8\x8f",3792},
{"\xe2\x8f\xa9",3793},
{"\xe2\x8f\xa9\xef\xb8\x8f",3793},
{"\xe2\x8f\xaa",3794},
{"\xe2\x8f\xaa\xef\xb8\x8f",3794},
{"\xe2\x8f\xab",3795},
{"\xe2\x8f\xab\xef\xb8\x8f",3795},
{"\xe2\x8f\xac",3796},
{"\xe2\x8f\xac\xef\xb8\x8f",3796},
{"\xe2\x8f\xad",3797},
{"\xe2\x8f\xad\xef\xb8\x8f",3797},
{"\xe2\x8f\xae",3798},
{"\xe2\x8f\xae\xef\xb8\x8f",3798},
{"\xe2\x8f\xaf",3799},
{"\xe2\x8f\xaf\xef\xb8\x8f",3799},
{"\xe2\x8f\xb0",3800},
{"\xe2\x8f\xb0\xef\xb8\x8f",3800},
{"\xe2\x8f\xb1",3801},
{"\xe2\x8f\xb1\xef\xb8\x8f",3801},
{"\xe2\x8f\xb2",3802},
{"\xe2\x8f\xb2\xef\xb8\x8f",3802},
{"\xe2\x8f\xb3",3803},
{"\xe2\x8f\xb3\xef\xb8\x8f",3803},
{"\xe2\x8f\xb8",3804},
{"\xe2\x8f\xb8\xef\xb8\x8f",3804},
{"\xe2\x8f\xb9",3805},
{"\xe2\x8f\xb9\xef\xb8\x8f",3805},
{"\xe2\x8f\xba",3806},
{"\xe2\x8f\xba\xef\xb8\x8f",3806},
{"\xe2\x93\x82",3807},
{"\xe2\x93\x82\xef\xb8\x8f",3807},
{"\xe2\x96\xaa",3808},
{"\xe2\x96\xaa\xef\xb8\x8f",3808},
{"\xe2\x96\xab",3809},
{"\xe2\x96\xab\xef\xb8\x8f",3809},
{"\xe2\x96\xb6",3810},
{"\xe2\x96\xb6\xef\xb8\x8f",3810},
{"\xe2\x97\x80",3811},
{"\xe2\x97\x80\xef\xb8\x8f",3811},
{"\xe2\x97\xbb",3812},
{"\xe2\x97\xbb\xef\xb8\x8f",3812},
{"\xe2\x97\xbc",3813},
{"\xe2\x97\xbc\xef\xb8\x8f",3813},
{"\xe2\x97\xbd",3814},
{"\xe2\x97\xbd\xef\xb8\x8f",3814},
{"\xe2\x97\xbe",3815},
{"\xe2\x97\xbe\xef\xb8\x8f",3815},
{"\xe2\x98\x80",3816},
{"\xe2\x98\x80\xef\xb8\x8f",3816},
{"\xe2\x98\x81",3817},
{"\xe2\x98\x81\xef\xb8\x8f",3817},
{"\xe2\x98\x82",3818},
{"\xe2\x98\x82\xef\xb8\x8f",3818},
{"\xe2\x98\x83",3819},
{"\xe2\x98\x83\xef\xb8\x8f",3819},
{"\xe2\x98\x84",3820},
{"\xe2\x98\x84\xef\xb8\x8f",3820},
{"\xe2\x98\x8e",3821},
{"\xe2\x98\x8e\xef\xb8\x8f",3821},
{"\xe2\x98\x91",3822},
{"\xe2\x98\x91\xef\xb8\x8f",3822},
{"\xe2\x98\x94",3823},
{"\xe2\x98\x94\xef\xb8\x8f",3823},
{"\xe2\x98\x95",3824},
{"\xe2\x98\x95\xef\xb8\x8f",3824},
{"\xe2\x98\x98",3825},
{"\xe2\x98\x98\xef\xb8\x8f",3825},
{"\xe2\x98\x9d",3831},
{"\xe2\x98\x9d\xef\xb8\x8f",3831},
{"\xe2\x98\x9d\xf0\x9f\x8f\xbb",3826},
{"\xe2\x98\x9d\xf0\x9f\x8f\xbb\xef\xb8\x8f",3826},
{"\xe2\x98\x9d\xf0\x9f\x8f\xbc",3827},
{"\xe2\x98\x9d\xf0\x9f\x8f\xbc\xef\xb8\x8f",3827},
{"\xe2\x98\x9d\xf0\x9f\x8f\xbd",3828},
{"\xe2\x98\x9d\xf0\x9f\x8f\xbd\xef\xb8\x8f",3828},
{"\xe2\x98\x9d\xf0\x9f\x8f\xbe",3829},
{"\xe2\x98\x9d\xf0\x9f\x8f\xbe\xef\xb8\x8f",3829},
{"\xe2\x98\x9d\xf0\x9f\x8f\xbf",3830},
{"\xe2\x98\x9d\xf0\x9f\x8f\xbf\xef\xb8\x8f",3830},
{"\xe2\x98\xa0",3832},
{"\xe2\x98\xa0\xef\xb8\x8f",3832},
{"\xe2\x98\xa2",3833},
{"\xe2\x98\xa2\xef\xb8\x8f",3833},
{"\xe2\x98\xa3",3834},
{"\xe2\x98\xa3\xef\xb8\x8f",3834},
{"\xe2\x98\xa6",3835},
{"\xe2\x98\xa6\xef\xb8\x8f",3835},
{"\xe2\x98\xaa",3836},
{"\xe2\x98\xaa\xef\xb8\x8f",3836},
{"\xe2\x98\xae",3837},
{"\xe2\x98\xae\xef\xb8\x8f",3837},
{"\xe2\x98\xaf",3838},
{"\xe2\x98\xaf\xef\xb8\x8f",3838},
{"\xe2\x98\xb8",3839},
{"\xe2\x98\xb8\xef\xb8\x8f",3839},
{"\xe2\x98\xb9",3840},
{"\xe2\x98\xb9\xef\xb8\x8f",3840},
{"\xe2\x98\xba",3841},
{"\xe2\x98\xba\xef\xb8\x8f",3841},
{"\xe2\x99\x80",3842},
{"\xe2\x99\x80\xef\xb8\x8f",3842},
{"\xe2\x99\x82",3843},
{"\xe2\x99\x82\xef\xb8\x8f",3843},
{"\xe2\x99\x88",3844},
{"\xe2\x99\x88\xef\xb8\x8f",3844},
{"\xe2\x99\x89",3845},
{"\xe2\x99\x89\xef\xb8\x8f",3845},
{"\xe2\x99\x8a",3846},
{"\xe2\x99\x8a\xef\xb8\x8f",3846},
{"\xe2\x99\x8b",3847},
{"\xe2\x99\x8b\xef\xb8\x8f",3847},
{"\xe2\x99\x8c",3848},
{"\xe2\x99\x8c\xef\xb8\x8f",3848},
{"\xe2\x99\x8d",3849},
{"\xe2\x99\x8d\xef\xb8\x8f",3849},
{"\xe2\x99\x8e",3850},
{"\xe2\x99\x8e\xef\xb8\x8f",3850},
{"\xe2\x99\x8f",3851},
{"\xe2\x99\x8f\xef\xb8\x8f",3851},
{"\xe2\x99\x90",3852},
{"\xe2\x99\x90\xef\xb8\x8f",3852},
{"\xe2\x99\x91",3853},
{"\xe2\x99\x91\xef\xb8\x8f",3853},
{"\xe2\x99\x92",3854},
{"\xe2\x99\x92\xef\xb8\x8f",3854},
{"\xe2\x99\x93",3855},
{"\xe2\x99\x93\xef\xb8\x8f",3855},
{"\xe2\x99\x9f",3856},
{"\xe2\x99\x9f\xef\xb8\x8f",3856},
{"\xe2\x99\xa0",3857},
{"\xe2\x99\xa0\xef\xb8\x8f",3857},
{"\xe2\x99\xa3",3858},
{"\xe2\x99\xa3\xef\xb8\x8f",3858},
{"\xe2\x99\xa5",3859},
{"\xe2\x99\xa5\xef\xb8\x8f",3859},
{"\xe2\x99\xa6",3860},
{"\xe2\x99\xa6\xef\xb8\x8f",3860},
{"\xe2\x99\xa8",3861},
{"\xe2\x99\xa8\xef\xb8\x8f",3861},
{"\xe2\x99\xbb",3862},
{"\xe2\x99\xbb\xef\xb8\x8f",3862},
{"\xe2\x99\xbe",3863},
{"\xe2\x99\xbe\xef\xb8\x8f",3863},
{"\xe2\x99\xbf",3864},
{"\xe2\x99\xbf\xef\xb8\x8f",3864},
{"\xe2\x9a\x92",3865},
{"\xe2\x9a\x92\xef\xb8\x8f",3865},
{"\xe2\x9a\x93",3866},
{"\xe2\x9a\x93\xef\xb8\x8f",3866},
{"\xe2\x9a\x94",3867},
{"\xe2\x9a\x94\xef\xb8\x8f",3867},
{"\xe2\x9a\x95",3868},
{"\xe2\x9a\x95\xef\xb8\x8f",3868},
{"\xe2\x9a\x96",3869},
{"\xe2\x9a\x96\xef\xb8\x8f",3869},
{"\xe2\x9a\x97",3870},
{"\xe2\x9a\x97\xef\xb8\x8f",3870},
{"\xe2\x9a\x99",3871},
{"\xe2\x9a\x99\xef\xb8\x8f",3871},
{"\xe2\x9a\x9b",3872},
{"\xe2\x9a\x9b\xef\xb8\x8f",3872},
{"\xe2\x9a\x9c",3873},
{"\xe2\x9a\x9c\xef\xb8\x8f",3873},
{"\xe2\x9a\xa0",3874},
{"\xe2\x9a\xa0\xef\xb8\x8f",3874},
{"\xe2\x9a\xa1",3875},
{"\xe2\x9a\xa1\xef\xb8\x8f",3875},
{"\xe2\x9a\xa7",3876},
{"\xe2\x9a\xa7\xef\xb8\x8f",3876},
{"\xe2\x9a\xaa",3877},
{"\xe2\x9a\xaa\xef\xb8\x8f",3877},
{"\xe2\x9a\xab",3878},
{"\xe2\x9a\xab\xef\xb8\x8f",3878},
{"\xe2\x9a\xb0",3879},
{"\xe2\x9a\xb0\xef\xb8\x8f",3879},
{"\xe2\x9a\xb1",3880},
{"\xe2\x9a\xb1\xef\xb8\x8f",3880},
{"\xe2\x9a\xbd",3881},
{"\xe2\x9a\xbd\xef\xb8\x8f",3881},
{"\xe2\x9a\xbe",3882},
{"\xe2\x9a\xbe\xef\xb8\x8f",3882},
{"\xe2\x9b\x84",3883},
{"\xe2\x9b\x84\xef\xb8\x8f",3883},
{"\xe2\x9b\x85",3884},
{"\xe2\x9b\x85\xef\xb8\x8f",3884},
{"\xe2\x9b\x88",3885},
{"\xe2\x9b\x88\xef\xb8\x8f",3885},
{"\xe2\x9b\x8e",3886},
{"\xe2\x9b\x8e\xef\xb8\x8f",3886},
{"\xe2\x9b\x8f",3887},
{"\xe2\x9b\x8f\xef\xb8\x8f",3887},
{"\xe2\x9b\x91",3888},
{"\xe2\x9b\x91\xef\xb8\x8f",3888},
{"\xe2\x9b\x93",3890},
{"\xe2\x9b\x93\xe2\x80\x8d\xf0\x9f\x92\xa5",3889},
{"\xe2\x9b\x93\xef\xb8\x8f",3890},
{"\xe2\x9b\x93\xef\xb8\x8f\xe2\x80\x8d\xf0\x9f\x92\xa5",3889},
{"\xe2\x9b\x94",3891},
{"\xe2\x9b\x94\xef\xb8\x8f",3891},
{"\xe2\x9b\xa9",3892},
{"\xe2\x9b\xa9\xef\xb8\x8f",3892},
{"\xe2\x9b\xaa",3893},
{"\xe2\x9b\xaa\xef\xb8\x8f",3893},
{"\xe2\x9b\xb0",3894},
{"\xe2\x9b\xb0\xef\xb8\x8f",3894},
{"\xe2\x9b\xb1",3895},
{"\xe2\x9b\xb1\xef\xb8\x8f",3895},
{"\xe2\x9b\xb2",3896},
{"\xe2\x9b\xb2\xef\xb8\x8f",3896},
{"\xe2\x9b\xb3",3897},
{"\xe2\x9b\xb3\xef\xb8\x8f",3897},
{"\xe2\x9b\xb4",3898},
{"\xe2\x9b\xb4\xef\xb8\x8f",3898},
{"\xe2\x9b\xb5",3899},
{"\xe2\x9b\xb5\xef\xb8\x8f",3899},
{"\xe2\x9b\xb7",3905},
{"\xe2\x9b\xb7\xef\xb8\x8f",3905},
{"\xe2\x9b\xb7\xf0\x9f\x8f\xbb",3900},
{"\xe2\x9b\xb7\xf0\x9f\x8f\xbb\xef\xb8\x8f",3900},
{"\xe2\x9b\xb7\xf0\x9f\x8f\xbc",3901},
{"\xe2\x9b\xb7\xf0\x9f\x8f\xbc\xef\xb8\x8f",3901},
{"\xe2\x9b\xb7\xf0\x9f\x8f\xbd",3902},
{"\xe2\x9b\xb7\xf0\x9f\x8f\xbd\xef\xb8\x8f",3902},
{"\xe2\x9b\xb7\xf0\x9f\x8f\xbe",3903},
{"\xe2\x9b\xb7\xf0\x9f\x8f\xbe\xef\xb8\x8f",3903},
{"\xe2\x9b\xb7\xf0\x9f\x8f\xbf",3904},
{"\xe2\x9b\xb7\xf0\x9f\x8f\xbf\xef\xb8\x8f",3904},
{"\xe2\x9b\xb8",3906},
{"\xe2\x9b\xb8\xef\xb8\x8f",3906},
{"\xe2\x9b\xb9",3924},
{"\xe2\x9b\xb9\xe2\x80\x8d\xe2\x99\x80",3922},
{"\xe2\x9b\xb9\xe2\x80\x8d\xe2\x99\x82",3923},
{"\xe2\x9b\xb9\xef\xb8\x8f",3924},
{"\xe2\x9b\xb9\xef\xb8\x8f\xe2\x80\x8d\xe2\x99\x80\xef\xb8\x8f",3922},
{"\xe2\x9b\xb9\xef\xb8\x8f\xe2\x80\x8d\xe2\x99\x82\xef\xb8\x8f",3923},
{"\xe2\x9b\xb9\xf0\x9f\x8f\xbb",3909},
{"\xe2\x9b\xb9\xf0\x9f\x8f\xbb\xe2\x80\x8d\xe2\x99\x80",3907},
{"\xe2\x9b\xb9\xf0\x9f\x8f\xbb\xe2\x80\x8d\xe2\x99\x80\xef\xb8\x8f",3907},
{"\xe2\x9b\xb9\xf0\x9f\x8f\xbb\xe2\x80\x8d\xe2\x99\x82",3908},
{"\xe2\x9b\xb9\xf0\x9f\x8f\xbb\xe2\x80\x8d\xe2\x99\x82\xef\xb8\x8f",3908},
{"\xe2\x9b\xb9\xf0\x9f\x8f\xbb\xef\xb8\x8f",3909},
{"\xe2\x9b\xb9\xf0\x9f\x8f\xbc",3912},
{"\xe2\x9b\xb9\xf0\x9f\x8f\xbc\xe2\x80\x8d\xe2\x99\x80",3910},
{"\xe2\x9b\xb9\xf0\x9f\x8f\xbc\xe2\x80\x8d\xe2\x99\x80\xef\xb8\x8f",3910},
{"\xe2\x9b\xb9\xf0\x9f\x8f\xbc\xe2\x80\x8d\xe2\x99\x82",3911},
{"\xe2\x9b\xb9\xf0\x9f\x8f\xbc\xe2\x80\x8d\xe2\x99\x82\xef\xb8\x8f",3911},
{"\xe2\x9b\xb9\xf0\x9f\x8f\xbc\xef\xb8\x8f",3912},
{"\xe2\x9b\xb9\xf0\x9f\x8f\xbd",3915},
{"\xe2\x9b\xb9\xf0\x9f\x8f\xbd\xe2\x80\x8d\xe2\x99\x80",3913},
{"\xe2\x9b\xb9\xf0\x9f\x8f\xbd\xe2\x80\x8d\xe2\x99\x80\xef\xb8\x8f",3913},
{"\xe2\x9b\xb9\xf0\x9f\x8f\xbd\xe2\x80\x8d\xe2\x99\x82",3914},
{"\xe2\x9b\xb9\xf0\x9f\x8f\xbd\xe2\x80\x8d\xe2\x99\x82\xef\xb8\x8f",3914},
{"\xe2\x9b\xb9\xf0\x9f\x8f\xbd\xef\xb8\x8f",3915},
{"\xe2\x9b\xb9\xf0\x9f\x8f\xbe",3918},
{"\xe2\x9b\xb9\xf0\x9f\x8f\xbe\xe2\x80\x8d\xe2\x99\x80",3916},
{"\xe2\x9b\xb9\xf0\x9f\x8f\xbe\xe2\x80\x8d\xe2\x99\x80\xef\xb8\x8f",3916},
{"\xe2\x9b\xb9\xf0\x9f\x8f\xbe\xe2\x80\x8d\xe2\x99\x82",3917},
{"\xe2\x9b\xb9\xf0\x9f\x8f\xbe\xe2\x80\x8d\xe2\x99\x82\xef\xb8\x8f",3917},
{"\xe2\x9b\xb9\xf0\x9f\x8f\xbe\xef\xb8\x8f",3918},
{"\xe2\x9b\xb9\xf0\x9f\x8f\xbf",3921},
{"\xe2\x9b\xb9\xf0\x9f\x8f\xbf\xe2\x80\x8d\xe2\x99\x80",3919},
{"\xe2\x9b\xb9\xf0\x9f\x8f\xbf\xe2\x80\x8d\xe2\x99\x80\xef\xb8\x8f",3919},
{"\xe2\x9b\xb9\xf0\x9f\x8f\xbf\xe2\x80\x8d\xe2\x99\x82",3920},
{"\xe2\x9b\xb9\xf0\x9f\x8f\xbf\xe2\x80\x8d\xe2\x99\x82\xef\xb8\x8f",3920},
{"\xe2\x9b\xb9\xf0\x9f\x8f\xbf\xef\xb8\x8f",3921},
{"\xe2\x9b\xba",3925},
{"\xe2\x9b\xba\xef\xb8\x8f",3925},
{"\xe2\x9b\xbd",3926},
{"\xe2\x9b\xbd\xef\xb8\x8f",3926},
{"\xe2\x9c\x82",3927},
{"\xe2\x9c\x82\xef\xb8\x8f",3927},
{"\xe2\x9c\x85",3928},
{"\xe2\x9c\x85\xef\xb8\x8f",3928},
{"\xe2\x9c\x88",3929},
{"\xe2\x9c\x88\xef\xb8\x8f",3929},
{"\xe2\x9c\x89",3930},
{"\xe2\x9c\x89\xef\xb8\x8f",3930},
{"\xe2\x9c\x8a",3936},
{"\xe2\x9c\x8a\xef\xb8\x8f",3936},
{"\xe2\x9c\x8a\xf0\x9f\x8f\xbb",3931},
{"\xe2\x9c\x8a\xf0\x9f\x8f\xbb\xef\xb8\x8f",3931},
{"\xe2\x9c\x8a\xf0\x9f\x8f\xbc",3932},
{"\xe2\x9c\x8a\xf0\x9f\x8f\xbc\xef\xb8\x8f",3932},
{"\xe2\x9c\x8a\xf0\x9f\x8f\xbd",3933},
{"\xe2\x9c\x8a\xf0\x9f\x8f\xbd\xef\xb8\x8f",3933},
{"\xe2\x9c\x8a\xf0\x9f\x8f\xbe",3934},
{"\xe2\x9c\x8a\xf0\x9f\x8f\xbe\xef\xb8\x8f",3934},
{"\xe2\x9c\x8a\xf0\x9f\x8f\xbf",3935},
{"\xe2\x9c\x8a\xf0\x9f\x8f\xbf\xef\xb8\x8f",3935},
{"\xe2\x9c\x8b",3942},
{"\xe2\x9c\x8b\xef\xb8\x8f",3942},
{"\xe2\x9c\x8b\xf0\x9f\x8f\xbb",3937},
{"\xe2\x9c\x8b\xf0\x9f\x8f\xbb\xef\xb8\x8f",3937},
{"\xe2\x9c\x8b\xf0\x9f\x8f\xbc",3938},
{"\xe2\x9c\x8b\xf0\x9f\x8f\xbc\xef\xb8\x8f",3938},
{"\xe2\x9c\x8b\xf0\x9f\x8f\xbd",3939},
{"\xe2\x9c\x8b\xf0\x9f\x8f\xbd\xef\xb8\x8f",3939},
{"\xe2\x9c\x8b\xf0\x9f\x8f\xbe",3940},
{"\xe2\x9c\x8b\xf0\x9f\x8f\xbe\xef\xb8\x8f",3940},
{"\xe2\x9c\x8b\xf0\x9f\x8f\xbf",3941},
{"\xe2\x9c\x8b\xf0\x9f\x8f\xbf\xef\xb8\x8f",3941},
{"\xe2\x9c\x8c",3948},
{"\xe2\x9c\x8c\xef\xb8\x8f",3948},
{"\xe2\x9c\x8c\xf0\x9f\x8f\xbb",3943},
{"\xe2\x9c\x8c\xf0\x9f\x8f\xbb\xef\xb8\x8f",3943},
{"\xe2\x9c\x8c\xf0\x9f\x8f\xbc",3944},
{"\xe2\x9c\x8c\xf0\x9f\x8f\xbc\xef\xb8\x8f",3944},
{"\xe2\x9c\x8c\xf0\x9f\x8f\xbd",3945},
{"\xe2\x9c\x8c\xf0\x9f\x8f\xbd\xef\xb8\x8f",3945},
{"\xe2\x9c\x8c\xf0\x9f\x8f\xbe",3946},
{"\xe2\x9c\x8c\xf0\x9f\x8f\xbe\xef\xb8\x8f",3946},
{"\xe2\x9c\x8c\xf0\x9f\x8f\xbf",3947},
{"\xe2\x9c\x8c\xf0\x9f\x8f\xbf\xef\xb8\x8f",3947},
{"\xe2\x9c\x8d",3954},
{"\xe2\x9c\x8d\xef\xb8\x8f",3954},
{"\xe2\x9c\x8d\xf0\x9f\x8f\xbb",3949},
{"\xe2\x9c\x8d\xf0\x9f\x8f\xbb\xef\xb8\x8f",3949},
{"\xe2\x9c\x8d\xf0\x9f\x8f\xbc",3950},
{"\xe2\x9c\x8d\xf0\x9f\x8f\xbc\xef\xb8\x8f",3950},
{"\xe2\x9c\x8d\xf0\x9f\x8f\xbd",3951},
{"\xe2\x9c\x8d\xf0\x9f\x8f\xbd\xef\xb8\x8f",3951},
{"\xe2\x9c\x8d\xf0\x9f\x8f\xbe",3952},
{"\xe2\x9c\x8d\xf0\x9f\x8f\xbe\xef\xb8\x8f",3952},
{"\xe2\x9c\x8d\xf0\x9f\x8f\xbf",3953},
{"\xe2\x9c\x8d\xf0\x9f\x8f\xbf\xef\xb8\x8f",3953},
{"\xe2\x9c\x8f",3955},
{"\xe2\x9c\x8f\xef\xb8\x8f",3955},
{"\xe2\x9c\x92",3956},
{"\xe2\x9c\x92\xef\xb8\x8f",3956},
{"\xe2\x9c\x94",3957},
{"\xe2\x9c\x94\xef\xb8\x8f",3957},
{"\xe2\x9c\x96",3958},
{"\xe2\x9c\x96\xef\xb8\x8f",3958},
{"\xe2\x9c\x9d",3959},
{"\xe2\x9c\x9d\xef\xb8\x8f",3959},
{"\xe2\x9c\xa1",3960},
{"\xe2\x9c\xa1\xef\xb8\x8f",3960},
{"\xe2\x9c\xa8",3961},
{"\xe2\x9c\xa8\xef\xb8\x8f",3961},
{"\xe2\x9c\xb3",3962},
{"\xe2\x9c\xb3\xef\xb8\x8f",3962},
{"\xe2\x9c\xb4",3963},
{"\xe2\x9c\xb4\xef\xb8\x8f",3963},
{"\xe2\x9d\x84",3964},
{"\xe2\x9d\x84\xef\xb8\x8f",3964},
{"\xe2\x9d\x87",3965},
{"\xe2\x9d\x87\xef\xb8\x8f",3965},
{"\xe2\x9d\x8c",3966},
{"\xe2\x9d\x8c\xef\xb8\x8f",3966},
{"\xe2\x9d\x8e",3967},
{"\xe2\x9d\x8e\xef\xb8\x8f",3967},
{"\xe2\x9d\x93",3968},
{"\xe2\x9d\x93\xef\xb8\x8f",3968},
{"\xe2\x9d\x94",3969},
{"\xe2\x9d\x94\xef\xb8\x8f",3969},
{"\xe2\x9d\x95",3970},
{"\xe2\x9d\x95\xef\xb8\x8f",3970},
{"\xe2\x9d\x97",3971},
{"\xe2\x9d\x97\xef\xb8\x8f",3971},
{"\xe2\x9d\xa3",3972},
{"\xe2\x9d\xa3\xef\xb8\x8f",3972},
{"\xe2\x9d\xa4",3975},
{"\xe2\x9d\xa4\xe2\x80\x8d\xf0\x9f\x94\xa5",3973},
{"\xe2\x9d\xa4\xe2\x80\x8d\xf0\x9f\xa9\xb9",3974},
{"\xe2\x9d\xa4\xef\xb8\x8f",3975},
{"\xe2\x9d\xa4\xef\xb8\x8f\xe2\x80\x8d\xf0\x9f\x94\xa5",3973},
{"\xe2\x9d\xa4\xef\xb8\x8f\xe2\x80\x8d\xf0\x9f\xa9\xb9",3974},
{"\xe2\x9e\x95",3976},
{"\xe2\x9e\x95\xef\xb8\x8f",3976},
{"\xe2\x9e\x96",3977},
{"\xe2\x9e\x96\xef\xb8\x8f",3977},
{"\xe2\x9e\x97",3978},
{"\xe2\x9e\x97\xef\xb8\x8f",3978},
{"\xe2\x9e\xa1",3979},
{"\xe2\x9e\xa1\xef\xb8\x8f",3979},
{"\xe2\x9e\xb0",3980},
{"\xe2\x9e\xb0\xef\xb8\x8f",3980},
{"\xe2\x9e\xbf",3981},
{"\xe2\x9e\xbf\xef\xb8\x8f",3981},
{"\xe2\xa4\xb4",3982},
{"\xe2\xa4\xb4\xef\xb8\x8f",3982},
{"\xe2\xa4\xb5",3983},
{"\xe2\xa4\xb5\xef\xb8\x8f",3983},
{"\xe2\xac\x85",3985},
{"\xe2\xac\x85\xef\xb8\x8f",3985},
{"\xe2\xac\x86",3986},
{"\xe2\xac\x86\xef\xb8\x8f",3986},
{"\xe2\xac\x87",3987},
{"\xe2\xac\x87\xef\xb8\x8f",3987},
{"\xe2\xac\x9b",3988},
{"\xe2\xac\x9b\xef\xb8\x8f",3988},
{"\xe2\xac\x9c",3989},
{"\xe2\xac\x9c\xef\xb8\x8f",3989},
{"\xe2\xad\x90",3990},
{"\xe2\xad\x90\xef\xb8\x8f",3990},
{"\xe2\xad\x95",3991},
{"\xe2\xad\x95\xef\xb8\x8f",3991},
{"\xe3\x80\xb0",3993},
{"\xe3\x80\xb0\xef\xb8\x8f",3993},
{"\xe3\x80\xbd",3994},
{"\xe3\x80\xbd\xef\xb8\x8f",3994},
{"\xe3\x8a\x97",3997},
{"\xe3\x8a\x97\xef\xb8\x8f",3997},
{"\xe3\x8a\x99",3998},
{"\xe3\x8a\x99\xef\xb8\x8f",3998},
{"\xee\x94\x8a",4008},
{"\xee\x94\x8a\xef\xb8\x8f",4008},
{"\xf0\x9f\x80\x84",0},
{"\xf0\x9f\x80\x84\xef\xb8\x8f",0},
{"\xf0\x9f\x83\x8f",1},
{"\xf0\x9f\x83\x8f\xef\xb8\x8f",1},
{"\xf0\x9f\x85\xb0",2},
{"\xf0\x9f\x85\xb0\xef\xb8\x8f",2},
{"\xf0\x9f\x85\xb1",3},
{"\xf0\x9f\x85\xb1\xef\xb8\x8f",3},
{"\xf0\x9f\x85\xbe",4},
{"\xf0\x9f\x85\xbe\xef\xb8\x8f",4},
{"\xf0\x9f\x85\xbf",5},
{"\xf0\x9f\x85\xbf\xef\xb8\x8f",5},
{"\xf0\x9f\x86\x8e",6},
{"\xf0\x9f\x86\x8e\xef\xb8\x8f",6},
{"\xf0\x9f\x86\x91",7},
{"\xf0\x9f\x86\x91\xef\xb8\x8f",7},
{"\xf0\x9f\x86\x92",8},
{"\xf0\x9f\x86\x92\xef\xb8\x8f",8},
{"\xf0\x9f\x86\x93",9},
{"\xf0\x9f\x86\x93\xef\xb8\x8f",9},
{"\xf0\x9f\x86\x94",10},
{"\xf0\x9f\x86\x94\xef\xb8\x8f",10},
{"\xf0\x9f\x86\x95",11},
{"\xf0\x9f\x86\x95\xef\xb8\x8f",11},
{"\xf0\x9f\x86\x96",12},
{"\xf0\x9f\x86\x96\xef\xb8\x8f",12},
{"\xf0\x9f\x86\x97",13},
{"\xf0\x9f\x86\x97\xef\xb8\x8f",13},
{"\xf0\x9f\x86\x98",14},
{"\xf0\x9f\x86\x98\xef\xb8\x8f",14},
{"\xf0\x9f\x86\x99",15},
{"\xf0\x9f\x86\x99\xef\xb8\x8f",15},
{"\xf0\x9f\x86\x9a",16},
{"\xf0\x9f\x86\x9a\xef\xb8\x8f",16},
{"\xf0\x9f\x87\xa6",34},
{"\xf0\x9f\x87\xa6\xef\xb8\x8f",34},
{"\xf0\x9f\x87\xa6\xf0\x9f\x87\xa8",17},
{"\xf0\x9f\x87\xa6\xf0\x9f\x87\xa8\xef\xb8\x8f",17},
{"\xf0\x9f\x87\xa6\xf0\x9f\x87\xa9",18},
{"\xf0\x9f\x87\xa6\xf0\x9f\x87\xa9\xef\xb8\x8f",18},
{"\xf0\x9f\x87\xa6\xf0\x9f\x87\xaa",19},
{"\xf0\x9f\x87\xa6\xf0\x9f\x87\xaa\xef\xb8\x8f",19},
{"\xf0\x9f\x87\xa6\xf0\x9f\x87\xab",20},
{"\xf0\x9f\x87\xa6\xf0\x9f\x87\xab\xef\xb8\x8f",20},
{"\xf0\x9f\x87\xa6\xf0\x9f\x87\xac",21},
{"\xf0\x9f\x87\xa6\xf0\x9f\x87\xac\xef\xb8\x8f",21},
{"\xf0\x9f\x87\xa6\xf0\x9f\x87\xae",22},
{"\xf0\x9f\x87\xa6\xf0\x9f\x87\xae\xef\xb8\x8f",22},
{"\xf0\x9f\x87\xa6\xf0\x9f\x87\xb1",23},
{"\xf0\x9f\x87\xa6\xf0\x9f\x87\xb1\xef\xb8\x8f",23},
{"\xf0\x9f\x87\xa6\xf0\x9f\x87\xb2",24},
{"\xf0\x9f\x87\xa6\xf0\x9f\x87\xb2\xef\xb8\x8f",24},
{"\xf0\x9f\x87\xa6\xf0\x9f\x87\xb4",25},
{"\xf0\x9f\x87\xa6\xf0\x9f\x87\xb4\xef\xb8\x8f",25},
{"\xf0\x9f\x87\xa6\xf0\x9f\x87\xb6",26},
{"\xf0\x9f\x87\xa6\xf0\x9f\x87\xb6\xef\xb8\x8f",26},
{"\xf0\x9f\x87\xa6\xf0\x9f\x87\xb7",27},
{"\xf0\x9f\x87\xa6\xf0\x9f\x87\xb7\xef\xb8\x8f",27},
{"\xf0\x9f\x87\xa6\xf0\x9f\x87\xb8",28},
{"\xf0\x9f\x87\xa6\xf0\x9f\x87\xb8\xef\xb8\x8f",28},
{"\xf0\x9f\x87\xa6\xf0\x9f\x87\xb9",29},
{"\xf0\x9f\x87\xa6\xf0\x9f\x87\xb9\xef\xb8\x8f",29},
{"\xf0\x9f\x87\xa6\xf0\x9f\x87\xba",30},
{"\xf0\x9f\x87\xa6\xf0\x9f\x87\xba\xef\xb8\x8f",30},
{"\xf0\x9f\x87\xa6\xf0\x9f\x87\xbc",31},
{"\xf0\x9f\x87\xa6\xf0\x9f\x87\xbc\xef\xb8\x8f",31},
{"\xf0\x9f\x87\xa6\xf0\x9f\x87\xbd",32},
{"\xf0\x9f\x87\xa6\xf0\x9f\x87\xbd\xef\xb8\x8f",32},
{"\xf0\x9f\x87\xa6\xf0\x9f\x87\xbf",33},
{"\xf0\x9f\x87\xa6\xf0\x9f\x87\xbf\xef\xb8\x8f",33},
{"\xf0\x9f\x87\xa7",56},
{"\xf0\x9f\x87\xa7\xef\xb8\x8f",56},
{"\xf0\x9f\x87\xa7\xf0\x9f\x87\xa6",35},
{"\xf0\x9f\x87\xa7\xf0\x9f\x87\xa6\xef\xb8\x8f",35},
{"\xf0\x9f\x87\xa7\xf0\x9f\x87\xa7",36},
{"\xf0\x9f\x87\xa7\xf0\x9f\x87\xa7\xef\xb8\x8f",36},
{"\xf0\x9f\x87\xa7\xf0\x9f\x87\xa9",37},
{"\xf0\x9f\x87\xa7\xf0\x9f\x87\xa9\xef\xb8\x8f",37},
{"\xf0\x9f\x87\xa7\xf0\x9f\x87\xaa",38},
{"\xf0\x9f\x87\xa7\xf0\x9f\x87\xaa\xef\xb8\x8f",38},
{"\xf0\x9f\x87\xa7\xf0\x9f\x87\xab",39},
{"\xf0\x9f\x87\xa7\xf0\x9f\x87\xab\xef\xb8\x8f",39},
{"\xf0\x9f\x87\xa7\xf0\x9f\x87\xac",40},
{"\xf0\x9f\x87\xa7\xf0\x9f\x87\xac\xef\xb8\x8f",40},
{"\xf0\x9f\x87\xa7\xf0\x9f\x87\xad",41},
{"\xf0\x9f\x87\xa7\xf0\x9f\x87\xad\xef\xb8\x8f",41},
{"\xf0\x9f\x87\xa7\xf0\x9f\x87\xae",42},
{"\xf0\x9f\x87\xa7\xf0\x9f\x87\xae\xef\xb8\x8f",42},
{"\xf0\x9f\x87\xa7\xf0\x9f\x87\xaf",43},
{"\xf0\x9f\x87\xa7\xf0\x9f\x87\xaf\xef\xb8\x8f",43},
{"\xf0\x9f\x87\xa7\xf0\x9f\x87\xb1",44},
{"\xf0\x9f\x87\xa7\xf0\x9f\x87\xb1\xef\xb8\x8f",44},
{"\xf0\x9f\x87\xa7\xf0\x9f\x87\xb2",45},
{"\xf0\x9f\x87\xa7\xf0\x9f\x87\xb2\xef\xb8\x8f",45},
{"\xf0\x9f\x87\xa7\xf0\x9f\x87\xb3",46},
{"\xf0\x9f\x87\xa7\xf0\x9f\x87\xb3\xef\xb8\x8f",46},
{"\xf0\x9f\x87\xa7\xf0\x9f\x87\xb4",47},
{"\xf0\x9f\x87\xa7\xf0\x9f\x87\xb4\xef\xb8\x8f",47},
{"\xf0\x9f\x87\xa7\xf0\x9f\x87\xb6",48},
{"\xf0\x9f\x87\xa7\xf0\x9f\x87\xb6\xef\xb8\x8f",48},
{"\xf0\x9f\x87\xa7\xf0\x9f\x87\xb7",49},
{"\xf0\x9f\x87\xa7\xf0\x9f\x87\xb7\xef\xb8\x8f",49},
{"\xf0\x9f\x87\xa7\xf0\x9f\x87\xb8",50},
{"\xf0\x9f\x87\xa7\xf0\x9f\x87\xb8\xef\xb8\x8f",50},
{"\xf0\x9f\x87\xa7\xf0\x9f\x87\xb9",51},
{"\xf0\x9f\x87\xa7\xf0\x9f\x87\xb9\xef\xb8\x8f",51},
{"\xf0\x9f\x87\xa7\xf0\x9f\x87\xbb",52},
{"\xf0\x9f\x87\xa7\xf0\x9f\x87\xbb\xef\xb8\x8f",52},
{"\xf0\x9f\x87\xa7\xf0\x9f\x87\xbc",53},
{"\xf0\x9f\x87\xa7\xf0\x9f\x87\xbc\xef\xb8\x8f",53},
{"\xf0\x9f\x87\xa7\xf0\x9f\x87\xbe",54},
{"\xf0\x9f\x87\xa7\xf0\x9f\x87\xbe\xef\xb8\x8f",54},
{"\xf0\x9f\x87\xa7\xf0\x9f\x87\xbf",55},
{"\xf0\x9f\x87\xa7\xf0\x9f\x87\xbf\xef\xb8\x8f",55},
{"\xf0\x9f\x87\xa8",78},
{"\xf0\x9f\x87\xa8\xef\xb8\x8f",78},
{"\xf0\x9f\x87\xa8\xf0\x9f\x87\xa6",57},
{"\xf0\x9f\x87\xa8\xf0\x9f\x87\xa6\xef\xb8\x8f",57},
{"\xf0\x9f\x87\xa8\xf0\x9f\x87\xa8",58},
{"\xf0\x9f\x87\xa8\xf0\x9f\x87\xa8\xef\xb8\x8f",58},
{"\xf0\x9f\x87\xa8\xf0\x9f\x87\xa9",59},
{"\xf0\x9f\x87\xa8\xf0\x9f\x87\xa9\xef\xb8\x8f",59},
{"\xf0\x9f\x87\xa8\xf0\x9f\x87\xab",60},
{"\xf0\x9f\x87\xa8\xf0\x9f\x87\xab\xef\xb8\x8f",60},
{"\xf0\x9f\x87\xa8\xf0\x9f\x87\xac",61},
{"\xf0\x9f\x87\xa8\xf0\x9f\x87\xac\xef\xb8\x8f",61},
{"\xf0\x9f\x87\xa8\xf0\x9f\x87\xad",62},
{"\xf0\x9f\x87\xa8\xf0\x9f\x87\xad\xef\xb8\x8f",62},
{"\xf0\x9f\x87\xa8\xf0\x9f\x87\xae",63},
{"\xf0\x9f\x87\xa8\xf0\x9f\x87\xae\xef\xb8\x8f",63},
{"\xf0\x9f\x87\xa8\xf0\x9f\x87\xb0",64},
{"\xf0\x9f\x87\xa8\xf0\x9f\x87\xb0\xef\xb8\x8f",64},
{"\xf0\x9f\x87\xa8\xf0\x9f\x87\xb1",65},
{"\xf0\x9f\x87\xa8\xf0\x9f\x87\xb1\xef\xb8\x8f",65},
{"\xf0\x9f\x87\xa8\xf0\x9f\x87\xb2",66},
{"\xf0\x9f\x87\xa8\xf0\x9f\x87\xb2\xef\xb8\x8f",66},
{"\xf0\x9f\x87\xa8\xf0\x9f\x87\xb3",67},
{"\xf0\x9f\x87\xa8\xf0\x9f\x87\xb3\xef\xb8\x8f",67},
{"\xf0\x9f\x87\xa8\xf0\x9f\x87\xb4",68},
{"\xf0\x9f\x87\xa8\xf0\x9f\x87\xb4\xef\xb8\x8f",68},
{"\xf0\x9f\x87\xa8\xf0\x9f\x87\xb5",69},
{"\xf0\x9f\x87\xa8\xf0\x9f\x87\xb5\xef\xb8\x8f",69},
{"\xf0\x9f\x87\xa8\xf0\x9f\x87\xb6",70},
{"\xf0\x9f\x87\xa8\xf0\x9f\x87\xb6\xef\xb8\x8f",70},
{"\xf0\x9f\x87\xa8\xf0\x9f\x87\xb7",71},
{"\xf0\x9f\x87\xa8\xf0\x9f\x87\xb7\xef\xb8\x8f",71},
{"\xf0\x9f\x87\xa8\xf0\x9f\x87\xba",72},
{"\xf0\x9f\x87\xa8\xf0\x9f\x87\xba\xef\xb8\x8f",72},
{"\xf0\x9f\x87\xa8\xf0\x9f\x87\xbb",73},
{"\xf0\x9f\x87\xa8\xf0\x9f\x87\xbb\xef\xb8\x8f",73},
{"\xf0\x9f\x87\xa8\xf0\x9f\x87\xbc",74},
{"\xf0\x9f\x87\xa8\xf0\x9f\x87\xbc\xef\xb8\x8f",74},
{"\xf0\x9f\x87\xa8\xf0\x9f\x87\xbd",75},
{"\xf0\x9f\x87\xa8\xf0\x9f\x87\xbd\xef\xb8\x8f",75},
{"\xf0\x9f\x87\xa8\xf0\x9f\x87\xbe",76},
{"\xf0\x9f\x87\xa8\xf0\x9f\x87\xbe\xef\xb8\x8f",76},
{"\xf0\x9f\x87\xa8\xf0\x9f\x87\xbf",77},
{"\xf0\x9f\x87\xa8\xf0\x9f\x87\xbf\xef\xb8\x8f",77},
{"\xf0\x9f\x87\xa9",86},
{"\xf0\x9f\x87\xa9\xef\xb8\x8f",86},
{"\xf0\x9f\x87\xa9\xf0\x9f\x87\xaa",79},
{"\xf0\x9f\x87\xa9\xf0\x9f\x87\xaa\xef\xb8\x8f",79},
{"\xf0\x9f\x87\xa9\xf0\x9f\x87\xac",80},
{"\xf0\x9f\x87\xa9\xf0\x9f\x87\xac\xef\xb8\x8f",80},
{"\xf0\x9f\x87\xa9\xf0\x9f\x87\xaf",81},
{"\xf0\x9f\x87\xa9\xf0\x9f\x87\xaf\xef\xb8\x8f",81},
{"\xf0\x9f\x87\xa9\xf0\x9f\x87\xb0",82},
{"\xf0\x9f\x87\xa9\xf0\x9f\x87\xb0\xef\xb8\x8f",82},
{"\xf0\x9f\x87\xa9\xf0\x9f\x87\xb2",83},
{"\xf0\x9f\x87\xa9\xf0\x9f\x87\xb2\xef\xb8\x8f",83},
{"\xf0\x9f\x87\xa9\xf0\x9f\x87\xb4",84},
{"\xf0\x9f\x87\xa9\xf0\x9f\x87\xb4\xef\xb8\x8f",84},
{"\xf0\x9f\x87\xa9\xf0\x9f\x87\xbf",85},
{"\xf0\x9f\x87\xa9\xf0\x9f\x87\xbf\xef\xb8\x8f",85},
{"\xf0\x9f\x87\xaa",96},
{"\xf0\x9f\x87\xaa\xef\xb8\x8f",96},
{"\xf0\x9f\x87\xaa\xf0\x9f\x87\xa6",87},
{"\xf0\x9f\x87\xaa\xf0\x9f\x87\xa6\xef\xb8\x8f",87},
{"\xf0\x9f\x87\xaa\xf0\x9f\x87\xa8",88},
{"\xf0\x9f\x87\xaa\xf0\x9f\x87\xa8\xef\xb8\x8f",88},
{"\xf0\x9f\x87\xaa\xf0\x9f\x87\xaa",89},
{"\xf0\x9f\x87\xaa\xf0\x9f\x87\xaa\xef\xb8\x8f",89},
{"\xf0\x9f\x87\xaa\xf0\x9f\x87\xac",90},
{"\xf0\x9f\x87\xaa\xf0\x9f\x87\xac\xef\xb8\x8f",90},
{"\xf0\x9f\x87\xaa\xf0\x9f\x87\xad",91},
{"\xf0\x9f\x87\xaa\xf0\x9f\x87\xad\xef\xb8\x8f",91},
{"\xf0\x9f\x87\xaa\xf0\x9f\x87\xb7",92},
{"\xf0\x9f\x87\xaa\xf0\x9f\x87\xb7\xef\xb8\x8f",92},
{"\xf0\x9f\x87\xaa\xf0\x9f\x87\xb8",93},
{"\xf0\x9f\x87\xaa\xf0\x9f\x87\xb8\xef\xb8\x8f",93},
{"\xf0\x9f\x87\xaa\xf0\x9f\x87\xb9",94},
{"\xf0\x9f\x87\xaa\xf0\x9f\x87\xb9\xef\xb8\x8f",94},
{"\xf0\x9f\x87\xaa\xf0\x9f\x87\xba",95},
{"\xf0\x9f\x87\xaa\xf0\x9f\x87\xba\xef\xb8\x8f",95},
{"\xf0\x9f\x87\xab",103},
{"\xf0\x9f\x87\xab\xef\xb8\x8f",103},
{"\xf0\x9f\x87\xab\xf0\x9f\x87\xae",97},
{"\xf0\x9f\x87\xab\xf0\x9f\x87\xae\xef\xb8\x8f",97},
{"\xf0\x9f\x87\xab\xf0\x9f\x87\xaf",98},
{"\xf0\x9f\x87\xab\xf0\x9f\x87\xaf\xef\xb8\x8f",98},
{"\xf0\x9f\x87\xab\xf0\x9f\x87\xb0",99},
{"\xf0\x9f\x87\xab\xf0\x9f\x87\xb0\xef\xb8\x8f",99},
{"\xf0\x9f\x87\xab\xf0\x9f\x87\xb2",100},
{"\xf0\x9f\x87\xab\xf0\x9f\x87\xb2\xef\xb8\x8f",100},
{"\xf0\x9f\x87\xab\xf0\x9f\x87\xb4",101},
{"\xf0\x9f\x87\xab\xf0\x9f\x87\xb4\xef\xb8\x8f",101},
{"\xf0\x9f\x87\xab\xf0\x9f\x87\xb7",102},
{"\xf0\x9f\x87\xab\xf0\x9f\x87\xb7\xef\xb8\x8f",102},
{"\xf0\x9f\x87\xac",123},
{"\xf0\x9f\x87\xac\xef\xb8\x8f",123},
{"\xf0\x9f\x87\xac\xf0\x9f\x87\xa6",104},
{"\xf0\x9f\x87\xac\xf0\x9f\x87\xa6\xef\xb8\x8f",104},
{"\xf0\x9f\x87\xac\xf0\x9f\x87\xa7",105},
{"\xf0\x9f\x87\xac\xf0\x9f\x87\xa7\xef\xb8\x8f",105},
{"\xf0\x9f\x87\xac\xf0\x9f\x87\xa9",106},
{"\xf0\x9f\x87\xac\xf0\x9f\x87\xa9\xef\xb8\x8f",106},
{"\xf0\x9f\x87\xac\xf0\x9f\x87\xaa",107},
{"\xf0\x9f\x87\xac\xf0\x9f\x87\xaa\xef\xb8\x8f",107},
{"\xf0\x9f\x87\xac\xf0\x9f\x87\xab",108},
{"\xf0\x9f\x87\xac\xf0\x9f\x87\xab\xef\xb8\x8f",108},
{"\xf0\x9f\x87\xac\xf0\x9f\x87\xac",109},
{"\xf0\x9f\x87\xac\xf0\x9f\x87\xac\xef\xb8\x8f",109},
{"\xf0\x9f\x87\xac\xf0\x9f\x87\xad",110},
{"\xf0\x9f\x87\xac\xf0\x9f\x87\xad\xef\xb8\x8f",110},
{"\xf0\x9f\x87\xac\xf0\x9f\x87\xae",111},
{"\xf0\x9f\x87\xac\xf0\x9f\x87\xae\xef\xb8\x8f",111},
{"\xf0\x9f\x87\xac\xf0\x9f\x87\xb1",112},
{"\xf0\x9f\x87\xac\xf0\x9f\x87\xb1\xef\xb8\x8f",112},
{"\xf0\x9f\x87\xac\xf0\x9f\x87\xb2",113},
{"\xf0\x9f\x87\xac\xf0\x9f\x87\xb2\xef\xb8\x8f",113},
{"\xf0\x9f\x87\xac\xf0\x9f\x87\xb3",114},
{"\xf0\x9f\x87\xac\xf0\x9f\x87\xb3\xef\xb8\x8f",114},
{"\xf0\x9f\x87\xac\xf0\x9f\x87\xb5",115},
{"\xf0\x9f\x87\xac\xf0\x9f\x87\xb5\xef\xb8\x8f",115},
{"\xf0\x9f\x87\xac\xf0\x9f\x87\xb6",116},
{"\xf0\x9f\x87\xac\xf0\x9f\x87\xb6\xef\xb8\x8f",116},
{"\xf0\x9f\x87\xac\xf0\x9f\x87\xb7",117},
{"\xf0\x9f\x87\xac\xf0\x9f\x87\xb7\xef\xb8\x8f",117},
{"\xf0\x9f\x87\xac\xf0\x9f\x87\xb8",118},
{"\xf0\x9f\x87\xac\xf0\x9f\x87\xb8\xef\xb8\x8f",118},
{"\xf0\x9f\x87\xac\xf0\x9f\x87\xb9",119},
{"\xf0\x9f\x87\xac\xf0\x9f\x87\xb9\xef\xb8\x8f",119},
{"\xf0\x9f\x87\xac\xf0\x9f\x87\xba",120},
{"\xf0\x9f\x87\xac\xf0\x9f\x87\xba\xef\xb8\x8f",120},
{"\xf0\x9f\x87\xac\xf0\x9f\x87\xbc",121},
{"\xf0\x9f\x87\xac\xf0\x9f\x87\xbc\xef\xb8\x8f",121},
{"\xf0\x9f\x87\xac\xf0\x9f\x87\xbe",122},
{"\xf0\x9f\x87\xac\xf0\x9f\x87\xbe\xef\xb8\x8f",122},
{"\xf0\x9f\x87\xad",130},
{"\xf0\x9f\x87\xad\xef\xb8\x8f",130},
{"\xf0\x9f\x87\xad\xf0\x9f\x87\xb0",124},
{"\xf0\x9f\x87\xad\xf0\x9f\x87\xb0\xef\xb8\x8f",124},
{"\xf0\x9f\x87\xad\xf0\x9f\x87\xb2",125},
{"\xf0\x9f\x87\xad\xf0\x9f\x87\xb2\xef\xb8\x8f",125},
{"\xf0\x9f\x87\xad\xf0\x9f\x87\xb3",126},
{"\xf0\x9f\x87\xad\xf0\x9f\x87\xb3\xef\xb8\x8f",126},
{"\xf0\x9f\x87\xad\xf0\x9f\x87\xb7",127},
{"\xf0\x9f\x87\xad\xf0\x9f\x87\xb7\xef\xb8\x8f",127},
{"\xf0\x9f\x87\xad\xf0\x9f\x87\xb9",128},
{"\xf0\x9f\x87\xad\xf0\x9f\x87\xb9\xef\xb8\x8f",128},
{"\xf0\x9f\x87\xad\xf0\x9f\x87\xba",129},
{"\xf0\x9f\x87\xad\xf0\x9f\x87\xba\xef\xb8\x8f",129},
{"\xf0\x9f\x87\xae",142},
{"\xf0\x9f\x87\xae\xef\xb8\x8f",142},
{"\xf0\x9f\x87\xae\xf0\x9f\x87\xa8",131},
{"\xf0\x9f\x87\xae\xf0\x9f\x87\xa8\xef\xb8\x8f",131},
{"\xf0\x9f\x87\xae\xf0\x9f\x87\xa9",132},
{"\xf0\x9f\x87\xae\xf0\x9f\x87\xa9\xef\xb8\x8f",132},
{"\xf0\x9f\x87\xae\xf0\x9f\x87\xaa",133},
{"\xf0\x9f\x87\xae\xf0\x9f\x87\xaa\xef\xb8\x8f",133},
{"\xf0\x9f\x87\xae\xf0\x9f\x87\xb1",134},
{"\xf0\x9f\x87\xae\xf0\x9f\x87\xb1\xef\xb8\x8f",134},
{"\xf0\x9f\x87\xae\xf0\x9f\x87\xb2",135},
{"\xf0\x9f\x87\xae\xf0\x9f\x87\xb2\xef\xb8\x8f",135},
{"\xf0\x9f\x87\xae\xf0\x9f\x87\xb3",136},
{"\xf0\x9f\x87\xae\xf0\x9f\x87\xb3\xef\xb8\x8f",136},
{"\xf0\x9f\x87\xae\xf0\x9f\x87\xb4",137},
{"\xf0\x9f\x87\xae\xf0\x9f\x87\xb4\xef\xb8\x8f",137},
{"\xf0\x9f\x87\xae\xf0\x9f\x87\xb6",138},
{"\xf0\x9f\x87\xae\xf0\x9f\x87\xb6\xef\xb8\x8f",138},
{"\xf0\x9f\x87\xae\xf0\x9f\x87\xb7",139},
{"\xf0\x9f\x87\xae\xf0\x9f\x87\xb7\xef\xb8\x8f",139},
{"\xf0\x9f\x87\xae\xf0\x9f\x87\xb8",140},
{"\xf0\x9f\x87\xae\xf0\x9f\x87\xb8\xef\xb8\x8f",140},
{"\xf0\x9f\x87\xae\xf0\x9f\x87\xb9",141},
{"\xf0\x9f\x87\xae\xf0\x9f\x87\xb9\xef\xb8\x8f",141},
{"\xf0\x9f\x87\xaf",147},
{"\xf0\x9f\x87\xaf\xef\xb8\x8f",147},
{"\xf0\x9f\x87\xaf\xf0\x9f\x87\xaa",143},
{"\xf0\x9f\x87\xaf\xf0\x9f\x87\xaa\xef\xb8\x8f",143},
{"\xf0\x9f\x87\xaf\xf0\x9f\x87\xb2",144},
{"\xf0\x9f\x87\xaf\xf0\x9f\x87\xb2\xef\xb8\x8f",144},
{"\xf0\x9f\x87\xaf\xf0\x9f\x87\xb4",145},
{"\xf0\x9f\x87\xaf\xf0\x9f\x87\xb4\xef\xb8\x8f",145},
{"\xf0\x9f\x87\xaf\xf0\x9f\x87\xb5",146},
{"\xf0\x9f\x87\xaf\xf0\x9f\x87\xb5\xef\xb8\x8f",146},
{"\xf0\x9f\x87\xb0",159},
{"\xf0\x9f\x87\xb0\xef\xb8\x8f",159},
{"\xf0\x9f\x87\xb0\xf0\x9f\x87\xaa",148},
{"\xf0\x9f\x87\xb0\xf0\x9f\x87\xaa\xef\xb8\x8f",148},
{"\xf0\x9f\x87\xb0\xf0\x9f\x87\xac",149},
{"\xf0\x9f\x87\xb0\xf0\x9f\x87\xac\xef\xb8\x8f",149},
{"\xf0\x9f\x87\xb0\xf0\x9f\x87\xad",150},
{"\xf0\x9f\x87\xb0\xf0\x9f\x87\xad\xef\xb8\x8f",150},
{"\xf0\x9f\x87\xb0\xf0\x9f\x87\xae",151},
{"\xf0\x9f\x87\xb0\xf0\x9f\x87\xae\xef\xb8\x8f",151},
{"\xf0\x9f\x87\xb0\xf0\x9f\x87\xb2",152},
{"\xf0\x9f\x87\xb0\xf0\x9f\x87\xb2\xef\xb8\x8f",152},
{"\xf0\x9f\x87\xb0\xf0\x9f\x87\xb3",153},
{"\xf0\x9f\x87\xb0\xf0\x9f\x87\xb3\xef\xb8\x8f",153},
{"\xf0\x9f\x87\xb0\xf0\x9f\x87\xb5",154},
{"\xf0\x9f\x87\xb0\xf0\x9f\x87\xb5\xef\xb8\x8f",154},
{"\xf0\x9f\x87\xb0\xf0\x9f\x87\xb7",155},
{"\xf0\x9f\x87\xb0\xf0\x9f\x87\xb7\xef\xb8\x8f",155},
{"\xf0\x9f\x87\xb0\xf0\x9f\x87\xbc",156},
{"\xf0\x9f\x87\xb0\xf0\x9f\x87\xbc\xef\xb8\x8f",156},
{"\xf0\x9f\x87\xb0\xf0\x9f\x87\xbe",157},
{"\xf0\x9f\x87\xb0\xf0\x9f\x87\xbe\xef\xb8\x8f",157},
{"\xf0\x9f\x87\xb0\xf0\x9f\x87\xbf",158},
{"\xf0\x9f\x87\xb0\xf0\x9f\x87\xbf\xef\xb8\x8f",158},
{"\xf0\x9f\x87\xb1",171},
{"\xf0\x9f\x87\xb1\xef\xb8\x8f",171},
{"\xf0\x9f\x87\xb1\xf0\x9f\x87\xa6",160},
{"\xf0\x9f\x87\xb1\xf0\x9f\x87\xa6\xef\xb8\x8f",160},
{"\xf0\x9f\x87\xb1\xf0\x9f\x87\xa7",161},
{"\xf0\x9f\x87\xb1\xf0\x9f\x87\xa7\xef\xb8\x8f",161},
{"\xf0\x9f\x87\xb1\xf0\x9f\x87\xa8",162},
{"\xf0\x9f\x87\xb1\xf0\x9f\x87\xa8\xef\xb8\x8f",162},
{"\xf0\x9f\x87\xb1\xf0\x9f\x87\xae",163},
{"\xf0\x9f\x87\xb1\xf0\x9f\x87\xae\xef\xb8\x8f",163},
{"\xf0\x9f\x87\xb1\xf0\x9f\x87\xb0",164},
{"\xf0\x9f\x87\xb1\xf0\x9f\x87\xb0\xef\xb8\x8f",164},
{"\xf0\x9f\x87\xb1\xf0\x9f\x87\xb7",165},
{"\xf0\x9f\x87\xb1\xf0\x9f\x87\xb7\xef\xb8\x8f",165},
{"\xf0\x9f\x87\xb1\xf0\x9f\x87\xb8",166},
{"\xf0\x9f\x87\xb1\xf0\x9f\x87\xb8\xef\xb8\x8f",166},
{"\xf0\x9f\x87\xb1\xf0\x9f\x87\xb9",167},
{"\xf0\x9f\x87\xb1\xf0\x9f\x87\xb9\xef\xb8\x8f",167},
{"\xf0\x9f\x87\xb1\xf0\x9f\x87\xba",168},
{"\xf0\x9f\x87\xb1\xf0\x9f\x87\xba\xef\xb8\x8f",168},
{"\xf0\x9f\x87\xb1\xf0\x9f\x87\xbb",169},
{"\xf0\x9f\x87\xb1\xf0\x9f\x87\xbb\xef\xb8\x8f",169},
{"\xf0\x9f\x87\xb1\xf0\x9f\x87\xbe",170},
{"\xf0\x9f\x87\xb1\xf0\x9f\x87\xbe\xef\xb8\x8f",170},
{"\xf0\x9f\x87\xb2",195},
{"\xf0\x9f\x87\xb2\xef\xb8\x8f",195},
{"\xf0\x9f\x87\xb2\xf0\x9f\x87\xa6",172},
{"\xf0\x9f\x87\xb2\xf0\x9f\x87\xa6\xef\xb8\x8f",172},
{"\xf0\x9f\x87\xb2\xf0\x9f\x87\xa8",173},
{"\xf0\x9f\x87\xb2\xf0\x9f\x87\xa8\xef\xb8\x8f",173},
{"\xf0\x9f\x87\xb2\xf0\x9f\x87\xa9",174},
{"\xf0\x9f\x87\xb2\xf0\x9f\x87\xa9\xef\xb8\x8f",174},
{"\xf0\x9f\x87\xb2\xf0\x9f\x87\xaa",175},
{"\xf0\x9f\x87\xb2\xf0\x9f\x87\xaa\xef\xb8\x8f",175},
{"\xf0\x9f\x87\xb2\xf0\x9f\x87\xab",176},
{"\xf0\x9f\x87\xb2\xf0\x9f\x87\xab\xef\xb8\x8f",176},
{"\xf0\x9f\x87\xb2\xf0\x9f\x87\xac",177},
{"\xf0\x9f\x87\xb2\xf0\x9f\x87\xac\xef\xb8\x8f",177},
{"\xf0\x9f\x87\xb2\xf0\x9f\x87\xad",178},
{"\xf0\x9f\x87\xb2\xf0\x9f\x87\xad\xef\xb8\x8f",178},
{"\xf0\x9f\x87\xb2\xf0\x9f\x87\xb0",179},
{"\xf0\x9f\x87\xb2\xf0\x9f\x87\xb0\xef\xb8\x8f",179},
{"\xf0\x9f\x87\xb2\xf0\x9f\x87\xb1",180},
{"\xf0\x9f\x87\xb2\xf0\x9f\x87\xb1\xef\xb8\x8f",180},
{"\xf0\x9f\x87\xb2\xf0\x9f\x87\xb2",181},
{"\xf0\x9f\x87\xb2\xf0\x9f\x87\xb2\xef\xb8\x8f",181},
{"\xf0\x9f\x87\xb2\xf0\x9f\x87\xb3",182},
{"\xf0\x9f\x87\xb2\xf0\x9f\x87\xb3\xef\xb8\x8f",182},
{"\xf0\x9f\x87\xb2\xf0\x9f\x87\xb4",183},
{"\xf0\x9f\x87\xb2\xf0\x9f\x87\xb4\xef\xb8\x8f",183},
{"\xf0\x9f\x87\xb2\xf0\x9f\x87\xb5",184},
{"\xf0\x9f\x87\xb2\xf0\x9f\x87\xb5\xef\xb8\x8f",184},
{"\xf0\x9f\x87\xb2\xf0\x9f\x87\xb6",185},
{"\xf0\x9f\x87\xb2\xf0\x9f\x87\xb6\xef\xb8\x8f",185},
{"\xf0\x9f\x87\xb2\xf0\x9f\x87\xb7",186},
{"\xf0\x9f\x87\xb2\xf0\x9f\x87\xb7\xef\xb8\x8f",186},
{"\xf0\x9f\x87\xb2\xf0\x9f\x87\xb8",187},
{"\xf0\x9f\x87\xb2\xf0\x9f\x87\xb8\xef\xb8\x8f",187},
{"\xf0\x9f\x87\xb2\xf0\x9f\x87\xb9",188},
{"\xf0\x9f\x87\xb2\xf0\x9f\x87\xb9\xef\xb8\x8f",188},
{"\xf0\x9f\x87\xb2\xf0\x9f\x87\xba",189},
{"\xf0\x9f\x87\xb2\xf0\x9f\x87\xba\xef\xb8\x8f",189},
{"\xf0\x9f\x87\xb2\xf0\x9f\x87\xbb",190},
{"\xf0\x9f\x87\xb2\xf0\x9f\x87\xbb\xef\xb8\x8f",190},
{"\xf0\x9f\x87\xb2\xf0\x9f\x87\xbc",191},
{"\xf0\x9f\x87\xb2\xf0\x9f\x87\xbc\xef\xb8\x8f",191},
{"\xf0\x9f\x87\xb2\xf0\x9f\x87\xbd",192},
{"\xf0\x9f\x87\xb2\xf0\x9f\x87\xbd\xef\xb8\x8f",192},
{"\xf0\x9f\x87\xb2\xf0\x9f\x87\xbe",193},
{"\xf0\x9f\x87\xb2\xf0\x9f\x87\xbe\xef\xb8\x8f",193},
{"\xf0\x9f\x87\xb2\xf0\x9f\x87\xbf",194},
{"\xf0\x9f\x87\xb2\xf0\x9f\x87\xbf\xef\xb8\x8f",194},
{"\xf0\x9f\x87\xb3",208},
{"\xf0\x9f\x87\xb3\xef\xb8\x8f",208},
{"\xf0\x9f\x87\xb3\xf0\x9f\x87\xa6",196},
{"\xf0\x9f\x87\xb3\xf0\x9f\x87\xa6\xef\xb8\x8f",196},
{"\xf0\x9f\x87\xb3\xf0\x9f\x87\xa8",197},
{"\xf0\x9f\x87\xb3\xf0\x9f\x87\xa8\xef\xb8\x8f",197},
{"\xf0\x9f\x87\xb3\xf0\x9f\x87\xaa",198},
{"\xf0\x9f\x87\xb3\xf0\x9f\x87\xaa\xef\xb8\x8f",198},
{"\xf0\x9f\x87\xb3\xf0\x9f\x87\xab",199},
{"\xf0\x9f\x87\xb3\xf0\x9f\x87\xab\xef\xb8\x8f",199},
{"\xf0\x9f\x87\xb3\xf0\x9f\x87\xac",200},
{"\xf0\x9f\x87\xb3\xf0\x9f\x87\xac\xef\xb8\x8f",200},
{"\xf0\x9f\x87\xb3\xf0\x9f\x87\xae",201},
{"\xf0\x9f\x87\xb3\xf0\x9f\x87\xae\xef\xb8\x8f",201},
{"\xf0\x9f\x87\xb3\xf0\x9f\x87\xb1",202},
{"\xf0\x9f\x87\xb3\xf0\x9f\x87\xb1\xef\xb8\x8f",202},
{"\xf0\x9f\x87\xb3\xf0\x9f\x87\xb4",203},
{"\xf0\x9f\x87\xb3\xf0\x9f\x87\xb4\xef\xb8\x8f",203},
{"\xf0\x9f\x87\xb3\xf0\x9f\x87\xb5",204},
{"\xf0\x9f\x87\xb3\xf0\x9f\x87\xb5\xef\xb8\x8f",204},
{"\xf0\x9f\x87\xb3\xf0\x9f\x87\xb7",205},
{"\xf0\x9f\x87\xb3\xf0\x9f\x87\xb7\xef\xb8\x8f",205},
{"\xf0\x9f\x87\xb3\xf0\x9f\x87\xba",206},
{"\xf0\x9f\x87\xb3\xf0\x9f\x87\xba\xef\xb8\x8f",206},
{"\xf0\x9f\x87\xb3\xf0\x9f\x87\xbf",207},
{"\xf0\x9f\x87\xb3\xf0\x9f\x87\xbf\xef\xb8\x8f",207},
{"\xf0\x9f\x87\xb4",210},
{"\xf0\x9f\x87\xb4\xef\xb8\x8f",210},
{"\xf0\x9f\x87\xb4\xf0\x9f\x87\xb2",209},
{"\xf0\x9f\x87\xb4\xf0\x9f\x87\xb2\xef\xb8\x8f",209},
{"\xf0\x9f\x87\xb5",225},
{"\xf0\x9f\x87\xb5\xef\xb8\x8f",225},
{"\xf0\x9f\x87\xb5\xf0\x9f\x87\xa6",211},
{"\xf0\x9f\x87\xb5\xf0\x9f\x87\xa6\xef\xb8\x8f",211},
{"\xf0\x9f\x87\xb5\xf0\x9f\x87\xaa",212},
{"\xf0\x9f\x87\xb5\xf0\x9f\x87\xaa\xef\xb8\x8f",212},
{"\xf0\x9f\x87\xb5\xf0\x9f\x87\xab",213},
{"\xf0\x9f\x87\xb5\xf0\x9f\x87\xab\xef\xb8\x8f",213},
{"\xf0\x9f\x87\xb5\xf0\x9f\x87\xac",214},
{"\xf0\x9f\x87\xb5\xf0\x9f\x87\xac\xef\xb8\x8f",214},
{"\xf0\x9f\x87\xb5\xf0\x9f\x87\xad",215},
{"\xf0\x9f\x87\xb5\xf0\x9f\x87\xad\xef\xb8\x8f",215},
{"\xf0\x9f\x87\xb5\xf0\x9f\x87\xb0",216},
{"\xf0\x9f\x87\xb5\xf0\x9f\x87\xb0\xef\xb8\x8f",216},
{"\xf0\x9f\x87\xb5\xf0\x9f\x87\xb1",217},
{"\xf0\x9f\x87\xb5\xf0\x9f\x87\xb1\xef\xb8\x8f",217},
{"\xf0\x9f\x87\xb5\xf0\x9f\x87\xb2",218},
{"\xf0\x9f\x87\xb5\xf0\x9f\x87\xb2\xef\xb8\x8f",218},
{"\xf0\x9f\x87\xb5\xf0\x9f\x87\xb3",219},
{"\xf0\x9f\x87\xb5\xf0\x9f\x87\xb3\xef\xb8\x8f",219},
{"\xf0\x9f\x87\xb5\xf0\x9f\x87\xb7",220},
{"\xf0\x9f\x87\xb5\xf0\x9f\x87\xb7\xef\xb8\x8f",220},
{"\xf0\x9f\x87\xb5\xf0\x9f\x87\xb8",221},
{"\xf0\x9f\x87\xb5\xf0\x9f\x87\xb8\xef\xb8\x8f",221},
{"\xf0\x9f\x87\xb5\xf0\x9f\x87\xb9",222},
{"\xf0\x9f\x87\xb5\xf0\x9f\x87\xb9\xef\xb8\x8f",222},
{"\xf0\x9f\x87\xb5\xf0\x9f\x87\xbc",223},
{"\xf0\x9f\x87\xb5\xf0\x9f\x87\xbc\xef\xb8\x8f",223},
{"\xf0\x9f\x87\xb5\xf0\x9f\x87\xbe",224},
{"\xf0\x9f\x87\xb5\xf0\x9f\x87\xbe\xef\xb8\x8f",224},
{"\xf0\x9f\x87\xb6",227},
{"\xf0\x9f\x87\xb6\xef\xb8\x8f",227},
{"\xf0\x9f\x87\xb6\xf0\x9f\x87\xa6",226},
{"\xf0\x9f\x87\xb6\xf0\x9f\x87\xa6\xef\xb8\x8f",226},
{"\xf0\x9f\x87\xb7",233},
{"\xf0\x9f\x87\xb7\xef\xb8\x8f",233},
{"\xf0\x9f\x87\xb7\xf0\x9f\x87\xaa",228},
{"\xf0\x9f\x87\xb7\xf0\x9f\x87\xaa\xef\xb8\x8f",228},
{"\xf0\x9f\x87\xb7\xf0\x9f\x87\xb4",229},
{"\xf0\x9f\x87\xb7\xf0\x9f\x87\xb4\xef\xb8\x8f",229},
{"\xf0\x9f\x87\xb7\xf0\x9f\x87\xb8",230},
{"\xf0\x9f\x87\xb7\xf0\x9f\x87\xb8\xef\xb8\x8f",230},
{"\xf0\x9f\x87\xb7\xf0\x9f\x87\xba",231},
{"\xf0\x9f\x87\xb7\xf0\x9f\x87\xba\xef\xb8\x8f",231},
{"\xf0\x9f\x87\xb7\xf0\x9f\x87\xbc",232},
{"\xf0\x9f\x87\xb7\xf0\x9f\x87\xbc\xef\xb8\x8f",232},
{"\xf0\x9f\x87\xb8",255},
{"\xf0\x9f\x87\xb8\xef\xb8\x8f",255},
{"\xf0\x9f\x87\xb8\xf0\x9f\x87\xa6",234},
{"\xf0\x9f\x87\xb8\xf0\x9f\x87\xa6\xef\xb8\x8f",234},
{"\xf0\x9f\x87\xb8\xf0\x9f\x87\xa7",235},
{"\xf0\x9f\x87\xb8\xf0\x9f\x87\xa7\xef\xb8\x8f",235},
{"\xf0\x9f\x87\xb8\xf0\x9f\x87\xa8",236},
{"\xf0\x9f\x87\xb8\xf0\x9f\x87\xa8\xef\xb8\x8f",236},
{"\xf0\x9f\x87\xb8\xf0\x9f\x87\xa9",237},
{"\xf0\x9f\x87\xb8\xf0\x9f\x87\xa9\xef\xb8\x8f",237},
{"\xf0\x9f\x87\xb8\xf0\x9f\x87\xaa",238},
{"\xf0\x9f\x87\xb8\xf0\x9f\x87\xaa\xef\xb8\x8f",238},
{"\xf0\x9f\x87\xb8\xf0\x9f\x87\xac",239},
{"\xf0\x9f\x87\xb8\xf0\x9f\x87\xac\xef\xb8\x8f",239},
{"\xf0\x9f\x87\xb8\xf0\x9f\x87\xad",240},
{"\xf0\x9f\x87\xb8\xf0\x9f\x87\xad\xef\xb8\x8f",240},
{"\xf0\x9f\x87\xb8\xf0\x9f\x87\xae",241},
{"\xf0\x9f\x87\xb8\xf0\x9f\x87\xae\xef\xb8\x8f",241},
{"\xf0\x9f\x87\xb8\xf0\x9f\x87\xaf",242},
{"\xf0\x9f\x87\xb8\xf0\x9f\x87\xaf\xef\xb8\x8f",242},
{"\xf0\x9f\x87\xb8\xf0\x9f\x87\xb0",243},
{"\xf0\x9f\x87\xb8\xf0\x9f\x87\xb0\xef\xb8\x8f",243},
{"\xf0\x9f\x87\xb8\xf0\x9f\x87\xb1",244},
{"\xf0\x9f\x87\xb8\xf0\x9f\x87\xb1\xef\xb8\x8f",244},
{"\xf0\x9f\x87\xb8\xf0\x9f\x87\xb2",245},
{"\xf0\x9f\x87\xb8\xf0\x9f\x87\xb2\xef\xb8\x8f",245},
{"\xf0\x9f\x87\xb8\xf0\x9f\x87\xb3",246},
{"\xf0\x9f\x87\xb8\xf0\x9f\x87\xb3\xef\xb8\x8f",246},
{"\xf0\x9f\x87\xb8\xf0\x9f\x87\xb4",247},
{"\xf0\x9f\x87\xb8\xf0\x9f\x87\xb4\xef\xb8\x8f",247},
{"\xf0\x9f\x87\xb8\xf0\x9f\x87\xb7",248},
{"\xf0\x9f\x87\xb8\xf0\x9f\x87\xb7\xef\xb8\x8f",248},
{"\xf0\x9f\x87\xb8\xf0\x9f\x87\xb8",249},
{"\xf0\x9f\x87\xb8\xf0\x9f\x87\xb8\xef\xb8\x8f",249},
{"\xf0\x9f\x87\xb8\xf0\x9f\x87\xb9",250},
{"\xf0\x9f\x87\xb8\xf0\x9f\x87\xb9\xef\xb8\x8f",250},
{"\xf0\x9f\x87\xb8\xf0\x9f\x87\xbb",251},
{"\xf0\x9f\x87\xb8\xf0\x9f\x87\xbb\xef\xb8\x8f",251},
{"\xf0\x9f\x87\xb8\xf0\x9f\x87\xbd",252},
{"\xf0\x9f\x87\xb8\xf0\x9f\x87\xbd\xef\xb8\x8f",252},
{"\xf0\x9f\x87\xb8\xf0\x9f\x87\xbe",253},
{"\xf0\x9f\x87\xb8\xf0\x9f\x87\xbe\xef\xb8\x8f",253},
{"\xf0\x9f\x87\xb8\xf0\x9f\x87\xbf",254},
{"\xf0\x9f\x87\xb8\xf0\x9f\x87\xbf\xef\xb8\x8f",254},
{"\xf0\x9f\x87\xb9",273},
{"\xf0\x9f\x87\xb9\xef\xb8\x8f",273},
{"\xf0\x9f\x87\xb9\xf0\x9f\x87\xa6",256},
{"\xf0\x9f\x87\xb9\xf0\x9f\x87\xa6\xef\xb8\x8f",256},
{"\xf0\x9f\x87\xb9\xf0\x9f\x87\xa8",257},
{"\xf0\x9f\x87\xb9\xf0\x9f\x87\xa8\xef\xb8\x8f",257},
{"\xf0\x9f\x87\xb9\xf0\x9f\x87\xa9",258},
{"\xf0\x9f\x87\xb9\xf0\x9f\x87\xa9\xef\xb8\x8f",258},
{"\xf0\x9f\x87\xb9\xf0\x9f\x87\xab",259},
{"\xf0\x9f\x87\xb9\xf0\x9f\x87\xab\xef\xb8\x8f",259},
{"\xf0\x9f\x87\xb9\xf0\x9f\x87\xac",260},
{"\xf0\x9f\x87\xb9\xf0\x9f\x87\xac\xef\xb8\x8f",260},
{"\xf0\x9f\x87\xb9\xf0\x9f\x87\xad",261},
{"\xf0\x9f\x87\xb9\xf0\x9f\x87\xad\xef\xb8\x8f",261},
{"\xf0\x9f\x87\xb9\xf0\x9f\x87\xaf",262},
{"\xf0\x9f\x87\xb9\xf0\x9f\x87\xaf\xef\xb8\x8f",262},
{"\xf0\x9f\x87\xb9\xf0\x9f\x87\xb0",263},
{"\xf0\x9f\x87\xb9\xf0\x9f\x87\xb0\xef\xb8\x8f",263},
{"\xf0\x9f\x87\xb9\xf0\x9f\x87\xb1",264},
{"\xf0\x9f\x87\xb9\xf0\x9f\x87\xb1\xef\xb8\x8f",264},
{"\xf0\x9f\x87\xb9\xf0\x9f\x87\xb2",265},
{"\xf0\x9f\x87\xb9\xf0\x9f\x87\xb2\xef\xb8\x8f",265},
{"\xf0\x9f\x87\xb9\xf0\x9f\x87\xb3",266},
{"\xf0\x9f\x87\xb9\xf0\x9f\x87\xb3\xef\xb8\x8f",266},
{"\xf0\x9f\x87\xb9\xf0\x9f\x87\xb4",267},
{"\xf0\x9f\x87\xb9\xf0\x9f\x87\xb4\xef\xb8\x8f",267},
{"\xf0\x9f\x87\xb9\xf0\x9f\x87\xb7",268},
{"\xf0\x9f\x87\xb9\xf0\x9f\x87\xb7\xef\xb8\x8f",268},
{"\xf0\x9f\x87\xb9\xf0\x9f\x87\xb9",269},
{"\xf0\x9f\x87\xb9\xf0\x9f\x87\xb9\xef\xb8\x8f",269},
{"\xf0\x9f\x87\xb9\xf0\x9f\x87\xbb",270},
{"\xf0\x9f\x87\xb9\xf0\x9f\x87\xbb\xef\xb8\x8f",270},
{"\xf0\x9f\x87\xb9\xf0\x9f\x87\xbc",271},
{"\xf0\x9f\x87\xb9\xf0\x9f\x87\xbc\xef\xb8\x8f",271},
{"\xf0\x9f\x87\xb9\xf0\x9f\x87\xbf",272},
{"\xf0\x9f\x87\xb9\xf0\x9f\x87\xbf\xef\xb8\x8f",272},
{"\xf0\x9f\x87\xba",281},
{"\xf0\x9f\x87\xba\xef\xb8\x8f",281},
{"\xf0\x9f\x87\xba\xf0\x9f\x87\xa6",274},
{"\xf0\x9f\x87\xba\xf0\x9f\x87\xa6\xef\xb8\x8f",274},
{"\xf0\x9f\x87\xba\xf0\x9f\x87\xac",275},
{"\xf0\x9f\x87\xba\xf0\x9f\x87\xac\xef\xb8\x8f",275},
{"\xf0\x9f\x87\xba\xf0\x9f\x87\xb2",276},
{"\xf0\x9f\x87\xba\xf0\x9f\x87\xb2\xef\xb8\x8f",276},
{"\xf0\x9f\x87\xba\xf0\x9f\x87\xb3",277},
{"\xf0\x9f\x87\xba\xf0\x9f\x87\xb3\xef\xb8\x8f",277},
{"\xf0\x9f\x87\xba\xf0\x9f\x87\xb8",278},
{"\xf0\x9f\x87\xba\xf0\x9f\x87\xb8\xef\xb8\x8f",278},
{"\xf0\x9f\x87\xba\xf0\x9f\x87\xbe",279},
{"\xf0\x9f\x87\xba\xf0\x9f\x87\xbe\xef\xb8\x8f",279},
{"\xf0\x9f\x87\xba\xf0\x9f\x87\xbf",280},
{"\xf0\x9f\x87\xba\xf0\x9f\x87\xbf\xef\xb8\x8f",280},
{"\xf0\x9f\x87\xbb",289},
{"\xf0\x9f\x87\xbb\xef\xb8\x8f",289},
{"\xf0\x9f\x87\xbb\xf0\x9f\x87\xa6",282},
{"\xf0\x9f\x87\xbb\xf0\x9f\x87\xa6\xef\xb8\x8f",282},
{"\xf0\x9f\x87\xbb\xf0\x9f\x87\xa8",283},
{"\xf0\x9f\x87\xbb\xf0\x9f\x87\xa8\xef\xb8\x8f",283},
{"\xf0\x9f\x87\xbb\xf0\x9f\x87\xaa",284},
{"\xf0\x9f\x87\xbb\xf0\x9f\x87\xaa\xef\xb8\x8f",284},
{"\xf0\x9f\x87\xbb\xf0\x9f\x87\xac",285},
{"\xf0\x9f\x87\xbb\xf0\x9f\x87\xac\xef\xb8\x8f",285},
{"\xf0\x9f\x87\xbb\xf0\x9f\x87\xae",286},
{"\xf0\x9f\x87\xbb\xf0\x9f\x87\xae\xef\xb8\x8f",286},
{"\xf0\x9f\x87\xbb\xf0\x9f\x87\xb3",287},
{"\xf0\x9f\x87\xbb\xf0\x9f\x87\xb3\xef\xb8\x8f",287},
{"\xf0\x9f\x87\xbb\xf0\x9f\x87\xba",288},
{"\xf0\x9f\x87\xbb\xf0\x9f\x87\xba\xef\xb8\x8f",288},
{"\xf0\x9f\x87\xbc",292},
{"\xf0\x9f\x87\xbc\xef\xb8\x8f",292},
{"\xf0\x9f\x87\xbc\xf0\x9f\x87\xab",290},
{"\xf0\x9f\x87\xbc\xf0\x9f\x87\xab\xef\xb8\x8f",290},
{"\xf0\x9f\x87\xbc\xf0\x9f\x87\xb8",291},
{"\xf0\x9f\x87\xbc\xf0\x9f\x87\xb8\xef\xb8\x8f",291},
{"\xf0\x9f\x87\xbd",294},
{"\xf0\x9f\x87\xbd\xef\xb8\x8f",294},
{"\xf0\x9f\x87\xbd\xf0\x9f\x87\xb0",293},
{"\xf0\x9f\x87\xbd\xf0\x9f\x87\xb0\xef\xb8\x8f",293},
{"\xf0\x9f\x87\xbe",297},
{"\xf0\x9f\x87\xbe\xef\xb8\x8f",297},
{"\xf0\x9f\x87\xbe\xf0\x9f\x87\xaa",295},
{"\xf0\x9f\x87\xbe\xf0\x9f\x87\xaa\xef\xb8\x8f",295},
{"\xf0\x9f\x87\xbe\xf0\x9f\x87\xb9",296},
{"\xf0\x9f\x87\xbe\xf0\x9f\x87\xb9\xef\xb8\x8f",296},
{"\xf0\x9f\x87\xbf",301},
{"\xf0\x9f\x87\xbf\xef\xb8\x8f",301},
{"\xf0\x9f\x87\xbf\xf0\x9f\x87\xa6",298},
{"\xf0\x9f\x87\xbf\xf0\x9f\x87\xa6\xef\xb8\x8f",298},
{"\xf0\x9f\x87\xbf\xf0\x9f\x87\xb2",299},
{"\xf0\x9f\x87\xbf\xf0\x9f\x87\xb2\xef\xb8\x8f",299},
{"\xf0\x9f\x87\xbf\xf0\x9f\x87\xbc",300},
{"\xf0\x9f\x87\xbf\xf0\x9f\x87\xbc\xef\xb8\x8f",300},
{"\xf0\x9f\x88\x81",302},
{"\xf0\x9f\x88\x81\xef\xb8\x8f",302},
{"\xf0\x9f\x88\x82",303},
{"\xf0\x9f\x88\x82\xef\xb8\x8f",303},
{"\xf0\x9f\x88\x9a",304},
{"\xf0\x9f\x88\x9a\xef\xb8\x8f",304},
{"\xf0\x9f\x88\xaf",305},
{"\xf0\x9f\x88\xaf\xef\xb8\x8f",305},
{"\xf0\x9f\x88\xb2",306},
{"\xf0\x9f\x88\xb2\xef\xb8\x8f",306},
{"\xf0\x9f\x88\xb3",307},
{"\xf0\x9f\x88\xb3\xef\xb8\x8f",307},
{"\xf0\x9f\x88\xb4",308},
{"\xf0\x9f\x88\xb4\xef\xb8\x8f",308},
{"\xf0\x9f\x88\xb5",309},
{"\xf0\x9f\x88\xb5\xef\xb8\x8f",309},
{"\xf0\x9f\x88\xb6",310},
{"\xf0\x9f\x88\xb6\xef\xb8\x8f",310},
{"\xf0\x9f\x88\xb7",311},
{"\xf0\x9f\x88\xb7\xef\xb8\x8f",311},
{"\xf0\x9f\x88\xb8",312},
{"\xf0\x9f\x88\xb8\xef\xb8\x8f",312},
{"\xf0\x9f\x88\xb9",313},
{"\xf0\x9f\x88\xb9\xef\xb8\x8f",313},
{"\xf0\x9f\x88\xba",314},
{"\xf0\x9f\x88\xba\xef\xb8\x8f",314},
{"\xf0\x9f\x89\x90",315},
{"\xf0\x9f\x89\x90\xef\xb8\x8f",315},
{"\xf0\x9f\x89\x91",316},
{"\xf0\x9f\x89\x91\xef\xb8\x8f",316},
{"\xf0\x9f\x8c\x80",317},
{"\xf0\x9f\x8c\x80\xef\xb8\x8f",317},
{"\xf0\x9f\x8c\x81",318},
{"\xf0\x9f\x8c\x81\xef\xb8\x8f",318},
{"\xf0\x9f\x8c\x82",319},
{"\xf0\x9f\x8c\x82\xef\xb8\x8f",319},
{"\xf0\x9f\x8c\x83",320},
{"\xf0\x9f\x8c\x83\xef\xb8\x8f",320},
{"\xf0\x9f\x8c\x84",321},
{"\xf0\x9f\x8c\x84\xef\xb8\x8f",321},
{"\xf0\x9f\x8c\x85",322},
{"\xf0\x9f\x8c\x85\xef\xb8\x8f",322},
{"\xf0\x9f\x8c\x86",323},
{"\xf0\x9f\x8c\x86\xef\xb8\x8f",323},
{"\xf0\x9f\x8c\x87",324},
{"\xf0\x9f\x8c\x87\xef\xb8\x8f",324},
{"\xf0\x9f\x8c\x88",325},
{"\xf0\x9f\x8c\x88\xef\xb8\x8f",325},
{"\xf0\x9f\x8c\x89",326},
{"\xf0\x9f\x8c\x89\xef\xb8\x8f",326},
{"\xf0\x9f\x8c\x8a",327},
{"\xf0\x9f\x8c\x8a\xef\xb8\x8f",327},
{"\xf0\x9f\x8c\x8b",328},
{"\xf0\x9f\x8c\x8b\xef\xb8\x8f",328},
{"\xf0\x9f\x8c\x8c",329},
{"\xf0\x9f\x8c\x8c\xef\xb8\x8f",329},
{"\xf0\x9f\x8c\x8d",330},
{"\xf0\x9f\x8c\x8d\xef\xb8\x8f",330},
{"\xf0\x9f\x8c\x8e",331},
{"\xf0\x9f\x8c\x8e\xef\xb8\x8f",331},
{"\xf0\x9f\x8c\x8f",332},
{"\xf0\x9f\x8c\x8f\xef\xb8\x8f",332},
{"\xf0\x9f\x8c\x90",333},
{"\xf0\x9f\x8c\x90\xef\xb8\x8f",333},
{"\xf0\x9f\x8c\x91",334},
{"\xf0\x9f\x8c\x91\xef\xb8\x8f",334},
{"\xf0\x9f\x8c\x92",335},
{"\xf0\x9f\x8c\x92\xef\xb8\x8f",335},
{"\xf0\x9f\x8c\x93",336},
{"\xf0\x9f\x8c\x93\xef\xb8\x8f",336},
{"\xf0\x9f\x8c\x94",337},
{"\xf0\x9f\x8c\x94\xef\xb8\x8f",337},
{"\xf0\x9f\x8c\x95",338},
{"\xf0\x9f\x8c\x95\xef\xb8\x8f",338},
{"\xf0\x9f\x8c\x96",339},
{"\xf0\x9f\x8c\x96\xef\xb8\x8f",339},
{"\xf0\x9f\x8c\x97",340},
{"\xf0\x9f\x8c\x97\xef\xb8\x8f",340},
{"\xf0\x9f\x8c\x98",341},
{"\xf0\x9f\x8c\x98\xef\xb8\x8f",341},
{"\xf0\x9f\x8c\x99",342},
{"\xf0\x9f\x8c\x99\xef\xb8\x8f",342},
{"\xf0\x9f\x8c\x9a",343},
{"\xf0\x9f\x8c\x9a\xef\xb8\x8f",343},
{"\xf0\x9f\x8c\x9b",344},
{"\xf0\x9f\x8c\x9b\xef\xb8\x8f",344},
{"\xf0\x9f\x8c\x9c",345},
{"\xf0\x9f\x8c\x9c\xef\xb8\x8f",345},
{"\xf0\x9f\x8c\x9d",346},
{"\xf0\x9f\x8c\x9d\xef\xb8\x8f",346},
{"\xf0\x9f\x8c\x9e",347},
{"\xf0\x9f\x8c\x9e\xef\xb8\x8f",347},
{"\xf0\x9f\x8c\x9f",348},
{"\xf0\x9f\x8c\x9f\xef\xb8\x8f",348},
{"\xf0\x9f\x8c\xa0",349},
{"\xf0\x9f\x8c\xa0\xef\xb8\x8f",349},
{"\xf0\x9f\x8c\xa1",350},
{"\xf0\x9f\x8c\xa1\xef\xb8\x8f",350},
{"\xf0\x9f\x8c\xa4",351},
{"\xf0\x9f\x8c\xa4\xef\xb8\x8f",351},
{"\xf0\x9f\x8c\xa5",352},
{"\xf0\x9f\x8c\xa5\xef\xb8\x8f",352},
{"\xf0\x9f\x8c\xa6",353},
{"\xf0\x9f\x8c\xa6\xef\xb8\x8f",353},
{"\xf0\x9f\x8c\xa7",354},
{"\xf0\x9f\x8c\xa7\xef\xb8\x8f",354},
{"\xf0\x9f\x8c\xa8",355},
{"\xf0\x9f\x8c\xa8\xef\xb8\x8f",355},
{"\xf0\x9f\x8c\xa9",356},
{"\xf0\x9f\x8c\xa9\xef\xb8\x8f",356},
{"\xf0\x9f\x8c\xaa",357},
{"\xf0\x9f\x8c\xaa\xef\xb8\x8f",357},
{"\xf0\x9f\x8c\xab",358},
{"\xf0\x9f\x8c\xab\xef\xb8\x8f",358},
{"\xf0\x9f\x8c\xac",359},
{"\xf0\x9f\x8c\xac\xef\xb8\x8f",359},
{"\xf0\x9f\x8c\xad",360},
{"\xf0\x9f\x8c\xad\xef\xb8\x8f",360},
{"\xf0\x9f\x8c\xae",361},
{"\xf0\x9f\x8c\xae\xef\xb8\x8f",361},
{"\xf0\x9f\x8c\xaf",362},
{"\xf0\x9f\x8c\xaf\xef\xb8\x8f",362},
{"\xf0\x9f\x8c\xb0",363},
{"\xf0\x9f\x8c\xb0\xef\xb8\x8f",363},
{"\xf0\x9f\x8c\xb1",364},
{"\xf0\x9f\x8c\xb1\xef\xb8\x8f",364},
{"\xf0\x9f\x8c\xb2",365},
{"\xf0\x9f\x8c\xb2\xef\xb8\x8f",365},
{"\xf0\x9f\x8c\xb3",366},
{"\xf0\x9f\x8c\xb3\xef\xb8\x8f",366},
{"\xf0\x9f\x8c\xb4",367},
{"\xf0\x9f\x8c\xb4\xef\xb8\x8f",367},
{"\xf0\x9f\x8c\xb5",368},
{"\xf0\x9f\x8c\xb5\xef\xb8\x8f",368},
{"\xf0\x9f\x8c\xb6",369},
{"\xf0\x9f\x8c\xb6\xef\xb8\x8f",369},
{"\xf0\x9f\x8c\xb7",370},
{"\xf0\x9f\x8c\xb7\xef\xb8\x8f",370},
{"\xf0\x9f\x8c\xb8",371},
{"\xf0\x9f\x8c\xb8\xef\xb8\x8f",371},
{"\xf0\x9f\x8c\xb9",372},
{"\xf0\x9f\x8c\xb9\xef\xb8\x8f",372},
{"\xf0\x9f\x8c\xba",373},
{"\xf0\x9f\x8c\xba\xef\xb8\x8f",373},
{"\xf0\x9f\x8c\xbb",374},
{"\xf0\x9f\x8c\xbb\xef\xb8\x8f",374},
{"\xf0\x9f\x8c\xbc",375},
{"\xf0\x9f\x8c\xbc\xef\xb8\x8f",375},
{"\xf0\x9f\x8c\xbd",376},
{"\xf0\x9f\x8c\xbd\xef\xb8\x8f",376},
{"\xf0\x9f\x8c\xbe",377},
{"\xf0\x9f\x8c\xbe\xef\xb8\x8f",377},
{"\xf0\x9f\x8c\xbf",378},
{"\xf0\x9f\x8c\xbf\xef\xb8\x8f",378},
{"\xf0\x9f\x8d\x80",379},
{"\xf0\x9f\x8d\x80\xef\xb8\x8f",379},
{"\xf0\x9f\x8d\x81",380},
{"\xf0\x9f\x8d\x81\xef\xb8\x8f",380},
{"\xf0\x9f\x8d\x82",381},
{"\xf0\x9f\x8d\x82\xef\xb8\x8f",381},
{"\xf0\x9f\x8d\x83",382},
{"\xf0\x9f\x8d\x83\xef\xb8\x8f",382},
{"\xf0\x9f\x8d\x84",384},
{"\xf0\x9f\x8d\x84\xe2\x80\x8d\xf0\x9f\x9f\xab",383},
{"\xf0\x9f\x8d\x84\xef\xb8\x8f",384},
{"\xf0\x9f\x8d\x85",385},
{"\xf0\x9f\x8d\x85\xef\xb8\x8f",385},
{"\xf0\x9f\x8d\x86",386},
{"\xf0\x9f\x8d\x86\xef\xb8\x8f",386},
{"\xf0\x9f\x8d\x87",387},
{"\xf0\x9f\x8d\x87\xef\xb8\x8f",387},
{"\xf0\x9f\x8d\x88",388},
{"\xf0\x9f\x8d\x88\xef\xb8\x8f",388},
{"\xf0\x9f\x8d\x89",389},
{"\xf0\x9f\x8d\x89\xef\xb8\x8f",389},
{"\xf0\x9f\x8d\x8a",390},
{"\xf0\x9f\x8d\x8a\xef\xb8\x8f",390},
{"\xf0\x9f\x8d\x8b",392},
{"\xf0\x9f\x8d\x8b\xe2\x80\x8d\xf0\x9f\x9f\xa9",391},
{"\xf0\x9f\x8d\x8b\xef\xb8\x8f",392},
{"\xf0\x9f\x8d\x8c",393},
{"\xf0\x9f\x8d\x8c\xef\xb8\x8f",393},
{"\xf0\x9f\x8d\x8d",394},
{"\xf0\x9f\x8d\x8d\xef\xb8\x8f",394},
{"\xf0\x9f\x8d\x8e",395},
{"\xf0\x9f\x8d\x8e\xef\xb8\x8f",395},
{"\xf0\x9f\x8d\x8f",396},
{"\xf0\x9f\x8d\x8f\xef\xb8\x8f",396},
{"\xf0\x9f\x8d\x90",397},
{"\xf0\x9f\x8d\x90\xef\xb8\x8f",397},
{"\xf0\x9f\x8d\x91",398},
{"\xf0\x9f\x8d\x91\xef\xb8\x8f",398},
{"\xf0\x9f\x8d\x92",399},
{"\xf0\x9f\x8d\x92\xef\xb8\x8f",399},
{"\xf0\x9f\x8d\x93",400},
{"\xf0\x9f\x8d\x93\xef\xb8\x8f",400},
{"\xf0\x9f\x8d\x94",401},
{"\xf0\x9f\x8d\x94\xef\xb8\x8f",401},
{"\xf0\x9f\x8d\x95",402},
{"\xf0\x9f\x8d\x95\xef\xb8\x8f",402},
{"\xf0\x9f\x8d\x96",403},
{"\xf0\x9f\x8d\x96\xef\xb8\x8f",403},
{"\xf0\x9f\x8d\x97",404},
{"\xf0\x9f\x8d\x97\xef\xb8\x8f",404},
{"\xf0\x9f\x8d\x98",405},
{"\xf0\x9f\x8d\x98\xef\xb8\x8f",405},
{"\xf0\x9f\x8d\x99",406},
{"\xf0\x9f\x8d\x99\xef\xb8\x8f",406},
{"\xf0\x9f\x8d\x9a",407},
{"\xf0\x9f\x8d\x9a\xef\xb8\x8f",407},
{"\xf0\x9f\x8d\x9b",408},
{"\xf0\x9f\x8d\x9b\xef\xb8\x8f",408},
{"\xf0\x9f\x8d\x9c",409},
{"\xf0\x9f\x8d\x9c\xef\xb8\x8f",409},
{"\xf0\x9f\x8d\x9d",410},
{"\xf0\x9f\x8d\x9d\xef\xb8\x8f",410},
{"\xf0\x9f\x8d\x9e",411},
{"\xf0\x9f\x8d\x9e\xef\xb8\x8f",411},
{"\xf0\x9f\x8d\x9f",412},
{"\xf0\x9f\x8d\x9f\xef\xb8\x8f",412},
{"\xf0\x9f\x8d\xa0",413},
{"\xf0\x9f\x8d\xa0\xef\xb8\x8f",413},
{"\xf0\x9f\x8d\xa1",414},
{"\xf0\x9f\x8d\xa1\xef\xb8\x8f",414},
{"\xf0\x9f\x8d\xa2",415},
{"\xf0\x9f\x8d\xa2\xef\xb8\x8f",415},
{"\xf0\x9f\x8d\xa3",416},
{"\xf0\x9f\x8d\xa3\xef\xb8\x8f",416},
{"\xf0\x9f\x8d\xa4",417},
{"\xf0\x9f\x8d\xa4\xef\xb8\x8f",417},
{"\xf0\x9f\x8d\xa5",418},
{"\xf0\x9f\x8d\xa5\xef\xb8\x8f",418},
{"\xf0\x9f\x8d\xa6",419},
{"\xf0\x9f\x8d\xa6\xef\xb8\x8f",419},
{"\xf0\x9f\x8d\xa7",420},
{"\xf0\x9f\x8d\xa7\xef\xb8\x8f",420},
{"\xf0\x9f\x8d\xa8",421},
{"\xf0\x9f\x8d\xa8\xef\xb8\x8f",421},
{"\xf0\x9f\x8d\xa9",422},
{"\xf0\x9f\x8d\xa9\xef\xb8\x8f",422},
{"\xf0\x9f\x8d\xaa",423},
{"\xf0\x9f\x8d\xaa\xef\xb8\x8f",423},
{"\xf0\x9f\x8d\xab",424},
{"\xf0\x9f\x8d\xab\xef\xb8\x8f",424},
{"\xf0\x9f\x8d\xac",425},
{"\xf0\x9f\x8d\xac\xef\xb8\x8f",425},
{"\xf0\x9f\x8d\xad",426},
{"\xf0\x9f\x8d\xad\xef\xb8\x8f",426},
{"\xf0\x9f\x8d\xae",427},
{"\xf0\x9f\x8d\xae\xef\xb8\x8f",427},
{"\xf0\x9f\x8d\xaf",428},
{"\xf0\x9f\x8d\xaf\xef\xb8\x8f",428},
{"\xf0\x9f\x8d\xb0",429},
{"\xf0\x9f\x8d\xb0\xef\xb8\x8f",429},
{"\xf0\x9f\x8d\xb1",430},
{"\xf0\x9f\x8d\xb1\xef\xb8\x8f",430},
{"\xf0\x9f\x8d\xb2",431},
{"\xf0\x9f\x8d\xb2\xef\xb8\x8f",431},
{"\xf0\x9f\x8d\xb3",432},
{"\xf0\x9f\x8d\xb3\xef\xb8\x8f",432},
{"\xf0\x9f\x8d\xb4",433},
{"\xf0\x9f\x8d\xb4\xef\xb8\x8f",433},
{"\xf0\x9f\x8d\xb5",434},
{"\xf0\x9f\x8d\xb5\xef\xb8\x8f",434},
{"\xf0\x9f\x8d\xb6",435},
{"\xf0\x9f\x8d\xb6\xef\xb8\x8f",435},
{"\xf0\x9f\x8d\xb7",436},
{"\xf0\x9f\x8d\xb7\xef\xb8\x8f",436},
{"\xf0\x9f\x8d\xb8",437},
{"\xf0\x9f\x8d\xb8\xef\xb8\x8f",437},
{"\xf0\x9f\x8d\xb9",438},
{"\xf0\x9f\x8d\xb9\xef\xb8\x8f",438},
{"\xf0\x9f\x8d\xba",439},
{"\xf0\x9f\x8d\xba\xef\xb8\x8f",439},
{"\xf0\x9f\x8d\xbb",440},
{"\xf0\x9f\x8d\xbb\xef\xb8\x8f",440},
{"\xf0\x9f\x8d\xbc",441},
{"\xf0\x9f\x8d\xbc\xef\xb8\x8f",441},
{"\xf0\x9f\x8d\xbd",442},
{"\xf0\x9f\x8d\xbd\xef\xb8\x8f",442},
{"\xf0\x9f\x8d\xbe",443},
{"\xf0\x9f\x8d\xbe\xef\xb8\x8f",443},
{"\xf0\x9f\x8d\xbf",444},
{"\xf0\x9f\x8d\xbf\xef\xb8\x8f",444},
{"\xf0\x9f\x8e\x80",445},
{"\xf0\x9f\x8e\x80\xef\xb8\x8f",445},
{"\xf0\x9f\x8e\x81",446},
{"\xf0\x9f\x8e\x81\xef\xb8\x8f",446},
{"\xf0\x9f\x8e\x82",447},
{"\xf0\x9f\x8e\x82\xef\xb8\x8f",447},
{"\xf0\x9f\x8e\x83",448},
{"\xf0\x9f\x8e\x83\xef\xb8\x8f",448},
{"\xf0\x9f\x8e\x84",449},
{"\xf0\x9f\x8e\x84\xef\xb8\x8f",449},
{"\xf0\x9f\x8e\x85",455},
{"\xf0\x9f\x8e\x85\xef\xb8\x8f",455},
{"\xf0\x9f\x8e\x85\xf0\x9f\x8f\xbb",450},
{"\xf0\x9f\x8e\x85\xf0\x9f\x8f\xbb\xef\xb8\x8f",450},
{"\xf0\x9f\x8e\x85\xf0\x9f\x8f\xbc",451},
{"\xf0\x9f\x8e\x85\xf0\x9f\x8f\xbc\xef\xb8\x8f",451},
{"\xf0\x9f\x8e\x85\xf0\x9f\x8f\xbd",452},
{"\xf0\x9f\x8e\x85\xf0\x9f\x8f\xbd\xef\xb8\x8f",452},
{"\xf0\x9f\x8e\x85\xf0\x9f\x8f\xbe",453},
{"\xf0\x9f\x8e\x85\xf0\x9f\x8f\xbe\xef\xb8\x8f",453},
{"\xf0\x9f\x8e\x85\xf0\x9f\x8f\xbf",454},
{"\xf0\x9f\x8e\x85\xf0\x9f\x8f\xbf\xef\xb8\x8f",454},
{"\xf0\x9f\x8e\x86",456},
{"\xf0\x9f\x8e\x86\xef\xb8\x8f",456},
{"\xf0\x9f\x8e\x87",457},
{"\xf0\x9f\x8e\x87\xef\xb8\x8f",457},
{"\xf0\x9f\x8e\x88",458},
{"\xf0\x9f\x8e\x88\xef\xb8\x8f",458},
{"\xf0\x9f\x8e\x89",459},
{"\xf0\x9f\x8e\x89\xef\xb8\x8f",459},
{"\xf0\x9f\x8e\x8a",460},
{"\xf0\x9f\x8e\x8a\xef\xb8\x8f",460},
{"\xf0\x9f\x8e\x8b",461},
{"\xf0\x9f\x8e\x8b\xef\xb8\x8f",461},
{"\xf0\x9f\x8e\x8c",462},
{"\xf0\x9f\x8e\x8c\xef\xb8\x8f",462},
{"\xf0\x9f\x8e\x8d",463},
{"\xf0\x9f\x8e\x8d\xef\xb8\x8f",463},
{"\xf0\x9f\x8e\x8e",464},
{"\xf0\x9f\x8e\x8e\xef\xb8\x8f",464},
{"\xf0\x9f\x8e\x8f",465},
{"\xf0\x9f\x8e\x8f\xef\xb8\x8f",465},
{"\xf0\x9f\x8e\x90",466},
{"\xf0\x9f\x8e\x90\xef\xb8\x8f",466},
{"\xf0\x9f\x8e\x91",467},
{"\xf0\x9f\x8e\x91\xef\xb8\x8f",467},
{"\xf0\x9f\x8e\x92",468},
{"\xf0\x9f\x8e\x92\xef\xb8\x8f",468},
{"\xf0\x9f\x8e\x93",469},
{"\xf0\x9f\x8e\x93\xef\xb8\x8f",469},
{"\xf0\x9f\x8e\x96",470},
{"\xf0\x9f\x8e\x96\xef\xb8\x8f",470},
{"\xf0\x9f\x8e\x97",471},
{"\xf0\x9f\x8e\x97\xef\xb8\x8f",471},
{"\xf0\x9f\x8e\x99",472},
{"\xf0\x9f\x8e\x99\xef\xb8\x8f",472},
{"\xf0\x9f\x8e\x9a",473},
{"\xf0\x9f\x8e\x9a\xef\xb8\x8f",473},
{"\xf0\x9f\x8e\x9b",474},
{"\xf0\x9f\x8e\x9b\xef\xb8\x8f",474},
{"\xf0\x9f\x8e\x9e",475},
{"\xf0\x9f\x8e\x9e\xef\xb8\x8f",475},
{"\xf0\x9f\x8e\x9f",476},
{"\xf0\x9f\x8e\x9f\xef\xb8\x8f",476},
{"\xf0\x9f\x8e\xa0",477},
{"\xf0\x9f\x8e\xa0\xef\xb8\x8f",477},
{"\xf0\x9f\x8e\xa1",478},
{"\xf0\x9f\x8e\xa1\xef\xb8\x8f",478},
{"\xf0\x9f\x8e\xa2",479},
{"\xf0\x9f\x8e\xa2\xef\xb8\x8f",479},
{"\xf0\x9f\x8e\xa3",480},
{"\xf0\x9f\x8e\xa3\xef\xb8\x8f",480},
{"\xf0\x9f\x8e\xa4",481},
{"\xf0\x9f\x8e\xa4\xef\xb8\x8f",481},
{"\xf0\x9f\x8e\xa5",482},
{"\xf0\x9f\x8e\xa5\xef\xb8\x8f",482},
{"\xf0\x9f\x8e\xa6",483},
{"\xf0\x9f\x8e\xa6\xef\xb8\x8f",483},
{"\xf0\x9f\x8e\xa7",484},
{"\xf0\x9f\x8e\xa7\xef\xb8\x8f",484},
{"\xf0\x9f\x8e\xa8",485},
{"\xf0\x9f\x8e\xa8\xef\xb8\x8f",485},
{"\xf0\x9f\x8e\xa9",486},
{"\xf0\x9f\x8e\xa9\xef\xb8\x8f",486},
{"\xf0\x9f\x8e\xaa",487},
{"\xf0\x9f\x8e\xaa\xef\xb8\x8f",487},
{"\xf0\x9f\x8e\xab",488},
{"\xf0\x9f\x8e\xab\xef\xb8\x8f",488},
{"\xf0\x9f\x8e\xac",489},
{"\xf0\x9f\x8e\xac\xef\xb8\x8f",489},
{"\xf0\x9f\x8e\xad",490},
{"\xf0\x9f\x8e\xad\xef\xb8\x8f",490},
{"\xf0\x9f\x8e\xae",491},
{"\xf0\x9f\x8e\xae\xef\xb8\x8f",491},
{"\xf0\x9f\x8e\xaf",492},
{"\xf0\x9f\x8e\xaf\xef\xb8\x8f",492},
{"\xf0\x9f\x8e\xb0",493},
{"\xf0\x9f\x8e\xb0\xef\xb8\x8f",493},
{"\xf0\x9f\x8e\xb1",494},
{"\xf0\x9f\x8e\xb1\xef\xb8\x8f",494},
{"\xf0\x9f\x8e\xb2",495},
{"\xf0\x9f\x8e\xb2\xef\xb8\x8f",495},
{"\xf0\x9f\x8e\xb3",496},
{"\xf0\x9f\x8e\xb3\xef\xb8\x8f",496},
{"\xf0\x9f\x8e\xb4",497},
{"\xf0\x9f\x8e\xb4\xef\xb8\x8f",497},
{"\xf0\x9f\x8e\xb5",498},
{"\xf0\x9f\x8e\xb5\xef\xb8\x8f",498},
{"\xf0\x9f\x8e\xb6",499},
{"\xf0\x9f\x8e\xb6\xef\xb8\x8f",499},
{"\xf0\x9f\x8e\xb7",500},
{"\xf0\x9f\x8e\xb7\xef\xb8\x8f",500},
{"\xf0\x9f\x8e\xb8",501},
{"\xf0\x9f\x8e\xb8\xef\xb8\x8f",501},
{"\xf0\x9f\x8e\xb9",502},
{"\xf0\x9f\x8e\xb9\xef\xb8\x8f",502},
{"\xf0\x9f\x8e\xba",503},
{"\xf0\x9f\x8e\xba\xef\xb8\x8f",503},
{"\xf0\x9f\x8e\xbb",504},
{"\xf0\x9f\x8e\xbb\xef\xb8\x8f",504},
{"\xf0\x9f\x8e\xbc",505},
{"\xf0\x9f\x8e\xbc\xef\xb8\x8f",505},
{"\xf0\x9f\x8e\xbd",506},
{"\xf0\x9f\x8e\xbd\xef\xb8\x8f",506},
{"\xf0\x9f\x8e\xbe",507},
{"\xf0\x9f\x8e\xbe\xef\xb8\x8f",507},
{"\xf0\x9f\x8e\xbf",508},
{"\xf0\x9f\x8e\xbf\xef\xb8\x8f",508},
{"\xf0\x9f\x8f\x80",509},
{"\xf0\x9f\x8f\x80\xef\xb8\x8f",509},
{"\xf0\x9f\x8f\x81",510},
{"\xf0\x9f\x8f\x81\xef\xb8\x8f",510},
{"\xf0\x9f\x8f\x82",516},
{"\xf0\x9f\x8f\x82\xef\xb8\x8f",516},
{"\xf0\x9f\x8f\x82\xf0\x9f\x8f\xbb",511},
{"\xf0\x9f\x8f\x82\xf0\x9f\x8f\xbb\xef\xb8\x8f",511},
{"\xf0\x9f\x8f\x82\xf0\x9f\x8f\xbc",512},
{"\xf0\x9f\x8f\x82\xf0\x9f\x8f\xbc\xef\xb8\x8f",512},
{"\xf0\x9f\x8f\x82\xf0\x9f\x8f\xbd",513},
{"\xf0\x9f\x8f\x82\xf0\x9f\x8f\xbd\xef\xb8\x8f",513},
{"\xf0\x9f\x8f\x82\xf0\x9f\x8f\xbe",514},
{"\xf0\x9f\x8f\x82\xf0\x9f\x8f\xbe\xef\xb8\x8f",514},
{"\xf0\x9f\x8f\x82\xf0\x9f\x8f\xbf",515},
{"\xf0\x9f\x8f\x82\xf0\x9f\x8f\xbf\xef\xb8\x8f",515},
{"\xf0\x9f\x8f\x83",552},
{"\xf0\x9f\x8f\x83\xe2\x80\x8d\xe2\x99\x80",548},
{"\xf0\x9f\x8f\x83\xe2\x80\x8d\xe2\x99\x80\xe2\x80\x8d\xe2\x9e\xa1",547},
{"\xf0\x9f\x8f\x83\xe2\x80\x8d\xe2\x99\x80\xef\xb8\x8f",548},
{"\xf0\x9f\x8f\x83\xe2\x80\x8d\xe2\x99\x80\xef\xb8\x8f\xe2\x80\x8d\xe2\x9e\xa1\xef\xb8\x8f",547},
{"\xf0\x9f\x8f\x83\xe2\x80\x8d\xe2\x99\x82",550},
{"\xf0\x9f\x8f\x83\xe2\x80\x8d\xe2\x99\x82\xe2\x80\x8d\xe2\x9e\xa1",549},
{"\xf0\x9f\x8f\x83\xe2\x80\x8d\xe2\x99\x82\xef\xb8\x8f",550},
{"\xf0\x9f\x8f\x83\xe2\x80\x8d\xe2\x99\x82\xef\xb8\x8f\xe2\x80\x8d\xe2\x9e\xa1\xef\xb8\x8f",549},
{"\xf0\x9f\x8f\x83\xe2\x80\x8d\xe2\x9e\xa1",551},
{"\xf0\x9f\x8f\x83\xe2\x80\x8d\xe2\x9e\xa1\xef\xb8\x8f",551},
{"\xf0\x9f\x8f\x83\xef\xb8\x8f",552},
{"\xf0\x9f\x8f\x83\xf0\x9f\x8f\xbb",522},
{"\xf0\x9f\x8f\x83\xf0\x9f\x8f\xbb\xe2\x80\x8d\xe2\x99\x80",518},
{"\xf0\x9f\x8f\x83\xf0\x9f\x8f\xbb\xe2\x80\x8d\xe2\x99\x80\xe2\x80\x8d\xe2\x9e\xa1",517},
{"\xf0\x9f\x8f\x83\xf0\x9f\x8f\xbb\xe2\x80\x8d\xe2\x99\x80\xef\xb8\x8f",518},
{"\xf0\x9f\x8f\x83\xf0\x9f\x8f\xbb\xe2\x80\x8d\xe2\x99\x80\xef\xb8\x8f\xe2\x80\x8d\xe2\x9e\xa1\xef\xb8\x8f",517},
{"\xf0\x9f\x8f\x83\xf0\x9f\x8f\xbb\xe2\x80\x8d\xe2\x99\x82",520},
{"\xf0\x9f\x8f\x83\xf0\x9f\x8f\xbb\xe2\x80\x8d\xe2\x99\x82\xe2\x80\x8d\xe2\x9e\xa1",519},
{"\xf0\x9f\x8f\x83\xf0\x9f\x8f\xbb\xe2\x80\x8d\xe2\x99\x82\xef\xb8\x8f",520},
{"\xf0\x9f\x8f\x83\xf0\x9f\x8f\xbb\xe2\x80\x8d\xe2\x99\x82\xef\xb8\x8f\xe2\x80\x8d\xe2\x9e\xa1\xef\xb8\x8f",519},
{"\xf0\x9f\x8f\x83\xf0\x9f\x8f\xbb\xe2\x80\x8d\xe2\x9e\xa1",521},
{"\xf0\x9f\x8f\x83\xf0\x9f\x8f\xbb\xe2\x80\x8d\xe2\x9e\xa1\xef\xb8\x8f",521},
{"\xf0\x9f\x8f\x83\xf0\x9f\x8f\xbb\xef\xb8\x8f",522},
{"\xf0\x9f\x8f\x83\xf0\x9f\x8f\xbc",528},
{"\xf0\x9f\x8f\x83\xf0\x9f\x8f\xbc\xe2\x80\x8d\xe2\x99\x80",524},
{"\xf0\x9f\x8f\x83\xf0\x9f\x8f\xbc\xe2\x80\x8d\xe2\x99\x80\xe2\x80\x8d\xe2\x9e\xa1",523},
{"\xf0\x9f\x8f\x83\xf0\x9f\x8f\xbc\xe2\x80\x8d\xe2\x99\x80\xef\xb8\x8f",524},
{"\xf0\x9f\x8f\x83\xf0\x9f\x8f\xbc\xe2\x80\x8d\xe2\x99\x80\xef\xb8\x8f\xe2\x80\x8d\xe2\x9e\xa1\xef\xb8\x8f",523},
{"\xf0\x9f\x8f\x83\xf0\x9f\x8f\xbc\xe2\x80\x8d\xe2\x99\x82",526},
{"\xf0\x9f\x8f\x83\xf0\x9f\x8f\xbc\xe2\x80\x8d\xe2\x99\x82\xe2\x80\x8d\xe2\x9e\xa1",525},
{"\xf0\x9f\x8f\x83\xf0\x9f\x8f\xbc\xe2\x80\x8d\xe2\x99\x82\xef\xb8\x8f",526},
{"\xf0\x9f\x8f\x83\xf0\x9f\x8f\xbc\xe2\x80\x8d\xe2\x99\x82\xef\xb8\x8f\xe2\x80\x8d\xe2\x9e\xa1\xef\xb8\x8f",525},
{"\xf0\x9f\x8f\x83\xf0\x9f\x8f\xbc\xe2\x80\x8d\xe2\x9e\xa1",527},
{"\xf0\x9f\x8f\x83\xf0\x9f\x8f\xbc\xe2\x80\x8d\xe2\x9e\xa1\xef\xb8\x8f",527},
{"\xf0\x9f\x8f\x83\xf0\x9f\x8f\xbc\xef\xb8\x8f",528},
{"\xf0\x9f\x8f\x83\xf0\x9f\x8f\xbd",534},
{"\xf0\x9f\x8f\x83\xf0\x9f\x8f\xbd\xe2\x80\x8d\xe2\x99\x80",530},
{"\xf0\x9f\x8f\x83\xf0\x9f\x8f\xbd\xe2\x80\x8d\xe2\x99\x80\xe2\x80\x8d\xe2\x9e\xa1",529},
{"\xf0\x9f\x8f\x83\xf0\x9f\x8f\xbd\xe2\x80\x8d\xe2\x99\x80\xef\xb8\x8f",530},
{"\xf0\x9f\x8f\x83\xf0\x9f\x8f\xbd\xe2\x80\x8d\xe2\x99\x80\xef\xb8\x8f\xe2\x80\x8d\xe2\x9e\xa1\xef\xb8\x8f",529},
{"\xf0\x9f\x8f\x83\xf0\x9f\x8f\xbd\xe2\x80\x8d\xe2\x99\x82",532},
{"\xf0\x9f\x8f\x83\xf0\x9f\x8f\xbd\xe2\x80\x8d\xe2\x99\x82\xe2\x80\x8d\xe2\x9e\xa1",531},
{"\xf0\x9f\x8f\x83\xf0\x9f\x8f\xbd\xe2\x80\x8d\xe2\x99\x82\xef\xb8\x8f",532},
{"\xf0\x9f\x8f\x83\xf0\x9f\x8f\xbd\xe2\x80\x8d\xe2\x99\x82\xef\xb8\x8f\xe2\x80\x8d\xe2\x9e\xa1\xef\xb8\x8f",531},
{"\xf0\x9f\x8f\x83\xf0\x9f\x8f\xbd\xe2\x80\x8d\xe2\x9e\xa1",533},
{"\xf0\x9f\x8f\x83\xf0\x9f\x8f\xbd\xe2\x80\x8d\xe2\x9e\xa1\xef\xb8\x8f",533},
{"\xf0\x9f\x8f\x83\xf0\x9f\x8f\xbd\xef\xb8\x8f",534},
{"\xf0\x9f\x8f\x83\xf0\x9f\x8f\xbe",540},
{"\xf0\x9f\x8f\x83\xf0\x9f\x8f\xbe\xe2\x80\x8d\xe2\x99\x80",536},
{"\xf0\x9f\x8f\x83\xf0\x9f\x8f\xbe\xe2\x80\x8d\xe2\x99\x80\xe2\x80\x8d\xe2\x9e\xa1",535},
{"\xf0\x9f\x8f\x83\xf0\x9f\x8f\xbe\xe2\x80\x8d\xe2\x99\x80\xef\xb8\x8f",536},
{"\xf0\x9f\x8f\x83\xf0\x9f\x8f\xbe\xe2\x80\x8d\xe2\x99\x80\xef\xb8\x8f\xe2\x80\x8d\xe2\x9e\xa1\xef\xb8\x8f",535},
{"\xf0\x9f\x8f\x83\xf0\x9f\x8f\xbe\xe2\x80\x8d\xe2\x99\x82",538},
{"\xf0\x9f\x8f\x83\xf0\x9f\x8f\xbe\xe2\x80\x8d\xe2\x99\x82\xe2\x80\x8d\xe2\x9e\xa1",537},
{"\xf0\x9f\x8f\x83\xf0\x9f\x8f\xbe\xe2\x80\x8d\xe2\x99\x82\xef\xb8\x8f",538},
{"\xf0\x9f\x8f\x83\xf0\x9f\x8f\xbe\xe2\x80\x8d\xe2\x99\x82\xef\xb8\x8f\xe2\x80\x8d\xe2\x9e\xa1\xef\xb8\x8f",537},
{"\xf0\x9f\x8f\x83\xf0\x9f\x8f\xbe\xe2\x80\x8d\xe2\x9e\xa1",539},
{"\xf0\x9f\x8f\x83\xf0\x9f\x8f\xbe\xe2\x80\x8d\xe2\x9e\xa1\xef\xb8\x8f",539},
{"\xf0\x9f\x8f\x83\xf0\x9f\x8f\xbe\xef\xb8\x8f",540},
{"\xf0\x9f\x8f\x83\xf0\x9f\x8f\xbf",546},
{"\xf0\x9f\x8f\x83\xf0\x9f\x8f\xbf\xe2\x80\x8d\xe2\x99\x80",542},
{"\xf0\x9f\x8f\x83\xf0\x9f\x8f\xbf\xe2\x80\x8d\xe2\x99\x80\xe2\x80\x8d\xe2\x9e\xa1",541},
{"\xf0\x9f\x8f\x83\xf0\x9f\x8f\xbf\xe2\x80\x8d\xe2\x99\x80\xef\xb8\x8f",542},
{"\xf0\x9f\x8f\x83\xf0\x9f\x8f\xbf\xe2\x80\x8d\xe2\x99\x80\xef\xb8\x8f\xe2\x80\x8d\xe2\x9e\xa1\xef\xb8\x8f",541},
{"\xf0\x9f\x8f\x83\xf0\x9f\x8f\xbf\xe2\x80\x8d\xe2\x99\x82",544},
{"\xf0\x9f\x8f\x83\xf0\x9f\x8f\xbf\xe2\x80\x8d\xe2\x99\x82\xe2\x80\x8d\xe2\x9e\xa1",543},
{"\xf0\x9f\x8f\x83\xf0\x9f\x8f\xbf\xe2\x80\x8d\xe2\x99\x82\xef\xb8\x8f",544},
{"\xf0\x9f\x8f\x83\xf0\x9f\x8f\xbf\xe2\x80\x8d\xe2\x99\x82\xef\xb8\x8f\xe2\x80\x8d\xe2\x9e\xa1\xef\xb8\x8f",543},
{"\xf0\x9f\x8f\x83\xf0\x9f\x8f\xbf\xe2\x80\x8d\xe2\x9e\xa1",545},
{"\xf0\x9f\x8f\x83\xf0\x9f\x8f\xbf\xe2\x80\x8d\xe2\x9e\xa1\xef\xb8\x8f",545},
{"\xf0\x9f\x8f\x83\xf0\x9f\x8f\xbf\xef\xb8\x8f",546},
{"\xf0\x9f\x8f\x84",570},
{"\xf0\x9f\x8f\x84\xe2\x80\x8d\xe2\x99\x80",568},
{"\xf0\x9f\x8f\x84\xe2\x80\x8d\xe2\x99\x80\xef\xb8\x8f",568},
{"\xf0\x9f\x8f\x84\xe2\x80\x8d\xe2\x99\x82",569},
{"\xf0\x9f\x8f\x84\xe2\x80\x8d\xe2\x99\x82\xef\xb8\x8f",569},
{"\xf0\x9f\x8f\x84\xef\xb8\x8f",570},
{"\xf0\x9f\x8f\x84\xf0\x9f\x8f\xbb",555},
{"\xf0\x9f\x8f\x84\xf0\x9f\x8f\xbb\xe2\x80\x8d\xe2\x99\x80",553},
{"\xf0\x9f\x8f\x84\xf0\x9f\x8f\xbb\xe2\x80\x8d\xe2\x99\x80\xef\xb8\x8f",553},
{"\xf0\x9f\x8f\x84\xf0\x9f\x8f\xbb\xe2\x80\x8d\xe2\x99\x82",554},
{"\xf0\x9f\x8f\x84\xf0\x9f\x8f\xbb\xe2\x80\x8d\xe2\x99\x82\xef\xb8\x8f",554},
{"\xf0\x9f\x8f\x84\xf0\x9f\x8f\xbb\xef\xb8\x8f",555},
{"\xf0\x9f\x8f\x84\xf0\x9f\x8f\xbc",558},
{"\xf0\x9f\x8f\x84\xf0\x9f\x8f\xbc\xe2\x80\x8d\xe2\x99\x80",556},
{"\xf0\x9f\x8f\x84\xf0\x9f\x8f\xbc\xe2\x80\x8d\xe2\x99\x80\xef\xb8\x8f",556},
{"\xf0\x9f\x8f\x84\xf0\x9f\x8f\xbc\xe2\x80\x8d\xe2\x99\x82",557},
{"\xf0\x9f\x8f\x84\xf0\x9f\x8f\xbc\xe2\x80\x8d\xe2\x99\x82\xef\xb8\x8f",557},
{"\xf0\x9f\x8f\x84\xf0\x9f\x8f\xbc\xef\xb8\x8f",558},
{"\xf0\x9f\x8f\x84\xf0\x9f\x8f\xbd",561},
{"\xf0\x9f\x8f\x84\xf0\x9f\x8f\xbd\xe2\x80\x8d\xe2\x99\x80",559},
{"\xf0\x9f\x8f\x84\xf0\x9f\x8f\xbd\xe2\x80\x8d\xe2\x99\x80\xef\xb8\x8f",559},
{"\xf0\x9f\x8f\x84\xf0\x9f\x8f\xbd\xe2\x80\x8d\xe2\x99\x82",560},
{"\xf0\x9f\x8f\x84\xf0\x9f\x8f\xbd\xe2\x80\x8d\xe2\x99\x82\xef\xb8\x8f",560},
{"\xf0\x9f\x8f\x84\xf0\x9f\x8f\xbd\xef\xb8\x8f",561},
{"\xf0\x9f\x8f\x84\xf0\x9f\x8f\xbe",564},
{"\xf0\x9f\x8f\x84\xf0\x9f\x8f\xbe\xe2\x80\x8d\xe2\x99\x80",562},
{"\xf0\x9f\x8f\x84\xf0\x9f\x8f\xbe\xe2\x80\x8d\xe2\x99\x80\xef\xb8\x8f",562},
{"\xf0\x9f\x8f\x84\xf0\x9f\x8f\xbe\xe2\x80\x8d\xe2\x99\x82",563},
{"\xf0\x9f\x8f\x84\xf0\x9f\x8f\xbe\xe2\x80\x8d\xe2\x99\x82\xef\xb8\x8f",563},
{"\xf0\x9f\x8f\x84\xf0\x9f\x8f\xbe\xef\xb8\x8f",564},
{"\xf0\x9f\x8f\x84\xf0\x9f\x8f\xbf",567},
{"\xf0\x9f\x8f\x84\xf0\x9f\x8f\xbf\xe2\x80\x8d\xe2\x99\x80",565},
{"\xf0\x9f\x8f\x84\xf0\x9f\x8f\xbf\xe2\x80\x8d\xe2\x99\x80\xef\xb8\x8f",565},
{"\xf0\x9f\x8f\x84\xf0\x9f\x8f\xbf\xe2\x80\x8d\xe2\x99\x82",566},
{"\xf0\x9f\x8f\x84\xf0\x9f\x8f\xbf\xe2\x80\x8d\xe2\x99\x82\xef\xb8\x8f",566},
{"\xf0\x9f\x8f\x84\xf0\x9f\x8f\xbf\xef\xb8\x8f",567},
{"\xf0\x9f\x8f\x85",571},
{"\xf0\x9f\x8f\x85\xef\xb8\x8f",571},
{"\xf0\x9f\x8f\x86",572},
{"\xf0\x9f\x8f\x86\xef\xb8\x8f",572},
{"\xf0\x9f\x8f\x87",578},
{"\xf0\x9f\x8f\x87\xef\xb8\x8f",578},
{"\xf0\x9f\x8f\x87\xf0\x9f\x8f\xbb",573},
{"\xf0\x9f\x8f\x87\xf0\x9f\x8f\xbb\xef\xb8\x8f",573},
{"\xf0\x9f\x8f\x87\xf0\x9f\x8f\xbc",574},
{"\xf0\x9f\x8f\x87\xf0\x9f\x8f\xbc\xef\xb8\x8f",574},
{"\xf0\x9f\x8f\x87\xf0\x9f\x8f\xbd",575},
{"\xf0\x9f\x8f\x87\xf0\x9f\x8f\xbd\xef\xb8\x8f",575},
{"\xf0\x9f\x8f\x87\xf0\x9f\x8f\xbe",576},
{"\xf0\x9f\x8f\x87\xf0\x9f\x8f\xbe\xef\xb8\x8f",576},
{"\xf0\x9f\x8f\x87\xf0\x9f\x8f\xbf",577},
{"\xf0\x9f\x8f\x87\xf0\x9f\x8f\xbf\xef\xb8\x8f",577},
{"\xf0\x9f\x8f\x88",579},
{"\xf0\x9f\x8f\x88\xef\xb8\x8f",579},
{"\xf0\x9f\x8f\x89",580},
{"\xf0\x9f\x8f\x89\xef\xb8\x8f",580},
{"\xf0\x9f\x8f\x8a",598},
{"\xf0\x9f\x8f\x8a\xe2\x80\x8d\xe2\x99\x80",596},
{"\xf0\x9f\x8f\x8a\xe2\x80\x8d\xe2\x99\x80\xef\xb8\x8f",596},
{"\xf0\x9f\x8f\x8a\xe2\x80\x8d\xe2\x99\x82",597},
{"\xf0\x9f\x8f\x8a\xe2\x80\x8d\xe2\x99\x82\xef\xb8\x8f",597},
{"\xf0\x9f\x8f\x8a\xef\xb8\x8f",598},
{"\xf0\x9f\x8f\x8a\xf0\x9f\x8f\xbb",583},
{"\xf0\x9f\x8f\x8a\xf0\x9f\x8f\xbb\xe2\x80\x8d\xe2\x99\x80",581},
{"\xf0\x9f\x8f\x8a\xf0\x9f\x8f\xbb\xe2\x80\x8d\xe2\x99\x80\xef\xb8\x8f",581},
{"\xf0\x9f\x8f\x8a\xf0\x9f\x8f\xbb\xe2\x80\x8d\xe2\x99\x82",582},
{"\xf0\x9f\x8f\x8a\xf0\x9f\x8f\xbb\xe2\x80\x8d\xe2\x99\x82\xef\xb8\x8f",582},
{"\xf0\x9f\x8f\x8a\xf0\x9f\x8f\xbb\xef\xb8\x8f",583},
{"\xf0\x9f\x8f\x8a\xf0\x9f\x8f\xbc",586},
{"\xf0\x9f\x8f\x8a\xf0\x9f\x8f\xbc\xe2\x80\x8d\xe2\x99\x80",584},
{"\xf0\x9f\x8f\x8a\xf0\x9f\x8f\xbc\xe2\x80\x8d\xe2\x99\x80\xef\xb8\x8f",584},
{"\xf0\x9f\x8f\x8a\xf0\x9f\x8f\xbc\xe2\x80\x8d\xe2\x99\x82",585},
{"\xf0\x9f\x8f\x8a\xf0\x9f\x8f\xbc\xe2\x80\x8d\xe2\x99\x82\xef\xb8\x8f",585},
{"\xf0\x9f\x8f\x8a\xf0\x9f\x8f\xbc\xef\xb8\x8f",586},
{"\xf0\x9f\x8f\x8a\xf0\x9f\x8f\xbd",589},
{"\xf0\x9f\x8f\x8a\xf0\x9f\x8f\xbd\xe2\x80\x8d\xe2\x99\x80",587},
{"\xf0\x9f\x8f\x8a\xf0\x9f\x8f\xbd\xe2\x80\x8d\xe2\x99\x80\xef\xb8\x8f",587},
{"\xf0\x9f\x8f\x8a\xf0\x9f\x8f\xbd\xe2\x80\x8d\xe2\x99\x82",588},
{"\xf0\x9f\x8f\x8a\xf0\x9f\x8f\xbd\xe2\x80\x8d\xe2\x99\x82\xef\xb8\x8f",588},
{"\xf0\x9f\x8f\x8a\xf0\x9f\x8f\xbd\xef\xb8\x8f",589},
{"\xf0\x9f\x8f\x8a\xf0\x9f\x8f\xbe",592},
{"\xf0\x9f\x8f\x8a\xf0\x9f\x8f\xbe\xe2\x80\x8d\xe2\x99\x80",590},
{"\xf0\x9f\x8f\x8a\xf0\x9f\x8f\xbe\xe2\x80\x8d\xe2\x99\x80\xef\xb8\x8f",590},
{"\xf0\x9f\x8f\x8a\xf0\x9f\x8f\xbe\xe2\x80\x8d\xe2\x99\x82",591},
{"\xf0\x9f\x8f\x8a\xf0\x9f\x8f\xbe\xe2\x80\x8d\xe2\x99\x82\xef\xb8\x8f",591},
{"\xf0\x9f\x8f\x8a\xf0\x9f\x8f\xbe\xef\xb8\x8f",592},
{"\xf0\x9f\x8f\x8a\xf0\x9f\x8f\xbf",595},
{"\xf0\x9f\x8f\x8a\xf0\x9f\x8f\xbf\xe2\x80\x8d\xe2\x99\x80",593},
{"\xf0\x9f\x8f\x8a\xf0\x9f\x8f\xbf\xe2\x80\x8d\xe2\x99\x80\xef\xb8\x8f",593},
{"\xf0\x9f\x8f\x8a\xf0\x9f\x8f\xbf\xe2\x80\x8d\xe2\x99\x82",594},
{"\xf0\x9f\x8f\x8a\xf0\x9f\x8f\xbf\xe2\x80\x8d\xe2\x99\x82\xef\xb8\x8f",594},
{"\xf0\x9f\x8f\x8a\xf0\x9f\x8f\xbf\xef\xb8\x8f",595},
{"\xf0\x9f\x8f\x8b",616},
{"\xf0\x9f\x8f\x8b\xe2\x80\x8d\xe2\x99\x80",614},
{"\xf0\x9f\x8f\x8b\xe2\x80\x8d\xe2\x99\x82",615},
{"\xf0\x9f\x8f\x8b\xef\xb8\x8f",616},
{"\xf0\x9f\x8f\x8b\xef\xb8\x8f\xe2\x80\x8d\xe2\x99\x80\xef\xb8\x8f",614},
{"\xf0\x9f\x8f\x8b\xef\xb8\x8f\xe2\x80\x8d\xe2\x99\x82\xef\xb8\x8f",615},
{"\xf0\x9f\x8f\x8b\xf0\x9f\x8f\xbb",601},
{"\xf0\x9f\x8f\x8b\xf0\x9f\x8f\xbb\xe2\x80\x8d\xe2\x99\x80",599},
{"\xf0\x9f\x8f\x8b\xf0\x9f\x8f\xbb\xe2\x80\x8d\xe2\x99\x80\xef\xb8\x8f",599},
{"\xf0\x9f\x8f\x8b\xf0\x9f\x8f\xbb\xe2\x80\x8d\xe2\x99\x82",600},
{"\xf0\x9f\x8f\x8b\xf0\x9f\x8f\xbb\xe2\x80\x8d\xe2\x99\x82\xef\xb8\x8f",600},
{"\xf0\x9f\x8f\x8b\xf0\x9f\x8f\xbb\xef\xb8\x8f",601},
{"\xf0\x9f\x8f\x8b\xf0\x9f\x8f\xbc",604},
{"\xf0\x9f\x8f\x8b\xf0\x9f\x8f\xbc\xe2\x80\x8d\xe2\x99\x80",602},
{"\xf0\x9f\x8f\x8b\xf0\x9f\x8f\xbc\xe2\x80\x8d\xe2\x99\x80\xef\xb8\x8f",602},
{"\xf0\x9f\x8f\x8b\xf0\x9f\x8f\xbc\xe2\x80\x8d\xe2\x99\x82",603},
{"\xf0\x9f\x8f\x8b\xf0\x9f\x8f\xbc\xe2\x80\x8d\xe2\x99\x82\xef\xb8\x8f",603},
{"\xf0\x9f\x8f\x8b\xf0\x9f\x8f\xbc\xef\xb8\x8f",604},
{"\xf0\x9f\x8f\x8b\xf0\x9f\x8f\xbd",607},
{"\xf0\x9f\x8f\x8b\xf0\x9f\x8f\xbd\xe2\x80\x8d\xe2\x99\x80",605},
{"\xf0\x9f\x8f\x8b\xf0\x9f\x8f\xbd\xe2\x80\x8d\xe2\x99\x80\xef\xb8\x8f",605},
{"\xf0\x9f\x8f\x8b\xf0\x9f\x8f\xbd\xe2\x80\x8d\xe2\x99\x82",606},
{"\xf0\x9f\x8f\x8b\xf0\x9f\x8f\xbd\xe2\x80\x8d\xe2\x99\x82\xef\xb8\x8f",606},
{"\xf0\x9f\x8f\x8b\xf0\x9f\x8f\xbd\xef\xb8\x8f",607},
{"\xf0\x9f\x8f\x8b\xf0\x9f\x8f\xbe",610},
{"\xf0\x9f\x8f\x8b\xf0\x9f\x8f\xbe\xe2\x80\x8d\xe2\x99\x80",608},
{"\xf0\x9f\x8f\x8b\xf0\x9f\x8f\xbe\xe2\x80\x8d\xe2\x99\x80\xef\xb8\x8f",608},
{"\xf0\x9f\x8f\x8b\xf0\x9f\x8f\xbe\xe2\x80\x8d\xe2\x99\x82",609},
{"\xf0\x9f\x8f\x8b\xf0\x9f\x8f\xbe\xe2\x80\x8d\xe2\x99\x82\xef\xb8\x8f",609},
{"\xf0\x9f\x8f\x8b\xf0\x9f\x8f\xbe\xef\xb8\x8f",610},
{"\xf0\x9f\x8f\x8b\xf0\x9f\x8f\xbf",613},
{"\xf0\x9f\x8f\x8b\xf0\x9f\x8f\xbf\xe2\x80\x8d\xe2\x99\x80",611},
{"\xf0\x9f\x8f\x8b\xf0\x9f\x8f\xbf\xe2\x80\x8d\xe2\x99\x80\xef\xb8\x8f",611},
{"\xf0\x9f\x8f\x8b\xf0\x9f\x8f\xbf\xe2\x80\x8d\xe2\x99\x82",612},
{"\xf0\x9f\x8f\x8b\xf0\x9f\x8f\xbf\xe2\x80\x8d\xe2\x99\x82\xef\xb8\x8f",612},
{"\xf0\x9f\x8f\x8b\xf0\x9f\x8f\xbf\xef\xb8\x8f",613},
{"\xf0\x9f\x8f\x8c",634},
{"\xf0\x9f\x8f\x8c\xe2\x80\x8d\xe2\x99\x80",632},
{"\xf0\x9f\x8f\x8c\xe2\x80\x8d\xe2\x99\x82",633},
{"\xf0\x9f\x8f\x8c\xef\xb8\x8f",634},
{"\xf0\x9f\x8f\x8c\xef\xb8\x8f\xe2\x80\x8d\xe2\x99\x80\xef\xb8\x8f",632},
{"\xf0\x9f\x8f\x8c\xef\xb8\x8f\xe2\x80\x8d\xe2\x99\x82\xef\xb8\x8f",633},
{"\xf0\x9f\x8f\x8c\xf0\x9f\x8f\xbb",619},
{"\xf0\x9f\x8f\x8c\xf0\x9f\x8f\xbb\xe2\x80\x8d\xe2\x99\x80",617},
{"\xf0\x9f\x8f\x8c\xf0\x9f\x8f\xbb\xe2\x80\x8d\xe2\x99\x80\xef\xb8\x8f",617},
{"\xf0\x9f\x8f\x8c\xf0\x9f\x8f\xbb\xe2\x80\x8d\xe2\x99\x82",618},
{"\xf0\x9f\x8f\x8c\xf0\x9f\x8f\xbb\xe2\x80\x8d\xe2\x99\x82\xef\xb8\x8f",618},
{"\xf0\x9f\x8f\x8c\xf0\x9f\x8f\xbb\xef\xb8\x8f",619},
{"\xf0\x9f\x8f\x8c\xf0\x9f\x8f\xbc",622},
{"\xf0\x9f\x8f\x8c\xf0\x9f\x8f\xbc\xe2\x80\x8d\xe2\x99\x80",620},
{"\xf0\x9f\x8f\x8c\xf0\x9f\x8f\xbc\xe2\x80\x8d\xe2\x99\x80\xef\xb8\x8f",620},
{"\xf0\x9f\x8f\x8c\xf0\x9f\x8f\xbc\xe2\x80\x8d\xe2\x99\x82",621},
{"\xf0\x9f\x8f\x8c\xf0\x9f\x8f\xbc\xe2\x80\x8d\xe2\x99\x82\xef\xb8\x8f",621},
{"\xf0\x9f\x8f\x8c\xf0\x9f\x8f\xbc\xef\xb8\x8f",622},
{"\xf0\x9f\x8f\x8c\xf0\x9f\x8f\xbd",625},
{"\xf0\x9f\x8f\x8c\xf0\x9f\x8f\xbd\xe2\x80\x8d\xe2\x99\x80",623},
{"\xf0\x9f\x8f\x8c\xf0\x9f\x8f\xbd\xe2\x80\x8d\xe2\x99\x80\xef\xb8\x8f",623},
{"\xf0\x9f\x8f\x8c\xf0\x9f\x8f\xbd\xe2\x80\x8d\xe2\x99\x82",624},
{"\xf0\x9f\x8f\x8c\xf0\x9f\x8f\xbd\xe2\x80\x8d\xe2\x99\x82\xef\xb8\x8f",624},
{"\xf0\x9f\x8f\x8c\xf0\x9f\x8f\xbd\xef\xb8\x8f",625},
{"\xf0\x9f\x8f\x8c\xf0\x9f\x8f\xbe",628},
{"\xf0\x9f\x8f\x8c\xf0\x9f\x8f\xbe\xe2\x80\x8d\xe2\x99\x80",626},
{"\xf0\x9f\x8f\x8c\xf0\x9f\x8f\xbe\xe2\x80\x8d\xe2\x99\x80\xef\xb8\x8f",626},
{"\xf0\x9f\x8f\x8c\xf0\x9f\x8f\xbe\xe2\x80\x8d\xe2\x99\x82",627},
{"\xf0\x9f\x8f\x8c\xf0\x9f\x8f\xbe\xe2\x80\x8d\xe2\x99\x82\xef\xb8\x8f",627},
{"\xf0\x9f\x8f\x8c\xf0\x9f\x8f\xbe\xef\xb8\x8f",628},
{"\xf0\x9f\x8f\x8c\xf0\x9f\x8f\xbf",631},
{"\xf0\x9f\x8f\x8c\xf0\x9f\x8f\xbf\xe2\x80\x8d\xe2\x99\x80",629},
{"\xf0\x9f\x8f\x8c\xf0\x9f\x8f\xbf\xe2\x80\x8d\xe2\x99\x80\xef\xb8\x8f",629},
{"\xf0\x9f\x8f\x8c\xf0\x9f\x8f\xbf\xe2\x80\x8d\xe2\x99\x82",630},
{"\xf0\x9f\x8f\x8c\xf0\x9f\x8f\xbf\xe2\x80\x8d\xe2\x99\x82\xef\xb8\x8f",630},
{"\xf0\x9f\x8f\x8c\xf0\x9f\x8f\xbf\xef\xb8\x8f",631},
{"\xf0\x9f\x8f\x8d",635},
{"\xf0\x9f\x8f\x8d\xef\xb8\x8f",635},
{"\xf0\x9f\x8f\x8e",636},
{"\xf0\x9f\x8f\x8e\xef\xb8\x8f",636},
{"\xf0\x9f\x8f\x8f",637},
{"\xf0\x9f\x8f\x8f\xef\xb8\x8f",637},
{"\xf0\x9f\x8f\x90",638},
{"\xf0\x9f\x8f\x90\xef\xb8\x8f",638},
{"\xf0\x9f\x8f\x91",639},
{"\xf0\x9f\x8f\x91\xef\xb8\x8f",639},
{"\xf0\x9f\x8f\x92",640},
{"\xf0\x9f\x8f\x92\xef\xb8\x8f",640},
{"\xf0\x9f\x8f\x93",641},
{"\xf0\x9f\x8f\x93\xef\xb8\x8f",641},
{"\xf0\x9f\x8f\x94",642},
{"\xf0\x9f\x8f\x94\xef\xb8\x8f",642},
{"\xf0\x9f\x8f\x95",643},
{"\xf0\x9f\x8f\x95\xef\xb8\x8f",643},
{"\xf0\x9f\x8f\x96",644},
{"\xf0\x9f\x8f\x96\xef\xb8\x8f",644},
{"\xf0\x9f\x8f\x97",645},
{"\xf0\x9f\x8f\x97\xef\xb8\x8f",645},
{"\xf0\x9f\x8f\x98",646},
{"\xf0\x9f\x8f\x98\xef\xb8\x8f",646},
{"\xf0\x9f\x8f\x99",647},
{"\xf0\x9f\x8f\x99\xef\xb8\x8f",647},
{"\xf0\x9f\x8f\x9a",648},
{"\xf0\x9f\x8f\x9a\xef\xb8\x8f",648},
{"\xf0\x9f\x8f\x9b",649},
{"\xf0\x9f\x8f\x9b\xef\xb8\x8f",649},
{"\xf0\x9f\x8f\x9c",650},
{"\xf0\x9f\x8f\x9c\xef\xb8\x8f",650},
{"\xf0\x9f\x8f\x9d",651},
{"\xf0\x9f\x8f\x9d\xef\xb8\x8f",651},
{"\xf0\x9f\x8f\x9e",652},
{"\xf0\x9f\x8f\x9e\xef\xb8\x8f",652},
{"\xf0\x9f\x8f\x9f",653},
{"\xf0\x9f\x8f\x9f\xef\xb8\x8f",653},
{"\xf0\x9f\x8f\xa0",654},
{"\xf0\x9f\x8f\xa0\xef\xb8\x8f",654},
{"\xf0\x9f\x8f\xa1",655},
{"\xf0\x9f\x8f\xa1\xef\xb8\x8f",655},
{"\xf0\x9f\x8f\xa2",656},
{"\xf0\x9f\x8f\xa2\xef\xb8\x8f",656},
{"\xf0\x9f\x8f\xa3",657},
{"\xf0\x9f\x8f\xa3\xef\xb8\x8f",657},
{"\xf0\x9f\x8f\xa4",658},
{"\xf0\x9f\x8f\xa4\xef\xb8\x8f",658},
{"\xf0\x9f\x8f\xa5",659},
{"\xf0\x9f\x8f\xa5\xef\xb8\x8f",659},
{"\xf0\x9f\x8f\xa6",660},
{"\xf0\x9f\x8f\xa6\xef\xb8\x8f",660},
{"\xf0\x9f\x8f\xa7",661},
{"\xf0\x9f\x8f\xa7\xef\xb8\x8f",661},
{"\xf0\x9f\x8f\xa8",662},
{"\xf0\x9f\x8f\xa8\xef\xb8\x8f",662},
{"\xf0\x9f\x8f\xa9",663},
{"\xf0\x9f\x8f\xa9\xef\xb8\x8f",663},
{"\xf0\x9f\x8f\xaa",664},
{"\xf0\x9f\x8f\xaa\xef\xb8\x8f",664},
{"\xf0\x9f\x8f\xab",665},
{"\xf0\x9f\x8f\xab\xef\xb8\x8f",665},
{"\xf0\x9f\x8f\xac",666},
{"\xf0\x9f\x8f\xac\xef\xb8\x8f",666},
{"\xf0\x9f\x8f\xad",667},
{"\xf0\x9f\x8f\xad\xef\xb8\x8f",667},
{"\xf0\x9f\x8f\xae",668},
{"\xf0\x9f\x8f\xae\xef\xb8\x8f",668},
{"\xf0\x9f\x8f\xaf",669},
{"\xf0\x9f\x8f\xaf\xef\xb8\x8f",669},
{"\xf0\x9f\x8f\xb0",670},
{"\xf0\x9f\x8f\xb0\xef\xb8\x8f",670},
{"\xf0\x9f\x8f\xb3",673},
{"\xf0\x9f\x8f\xb3\xe2\x80\x8d\xe2\x9a\xa7",672},
{"\xf0\x9f\x8f\xb3\xe2\x80\x8d\xf0\x9f\x8c\x88",671},
{"\xf0\x9f\x8f\xb3\xef\xb8\x8f",673},
{"\xf0\x9f\x8f\xb3\xef\xb8\x8f\xe2\x80\x8d\xe2\x9a\xa7\xef\xb8\x8f",672},
{"\xf0\x9f\x8f\xb3\xef\xb8\x8f\xe2\x80\x8d\xf0\x9f\x8c\x88",671},
{"\xf0\x9f\x8f\xb4",678},
{"\xf0\x9f\x8f\xb4\xe2\x80\x8d\xe2\x98\xa0",674},
{"\xf0\x9f\x8f\xb4\xe2\x80\x8d\xe2\x98\xa0\xef\xb8\x8f",674},
{"\xf0\x9f\x8f\xb4\xef\xb8\x8f",678},
{"\xf0\x9f\x8f\xb4\xf3\xa0\x81\xa7\xf3\xa0\x81\xa2\xf3\xa0\x81\xa5\xf3\xa0\x81\xae\xf3\xa0\x81\xa7\xf3\xa0\x81\xbf",675},
{"\xf0\x9f\x8f\xb4\xf3\xa0\x81\xa7\xf3\xa0\x81\xa2\xf3\xa0\x81\xa5\xf3\xa0\x81\xae\xf3\xa0\x81\xa7\xf3\xa0\x81\xbf\xef\xb8\x8f",675},
{"\xf0\x9f\x8f\xb4\xf3\xa0\x81\xa7\xf3\xa0\x81\xa2\xf3\xa0\x81\xb3\xf3\xa0\x81\xa3\xf3\xa0\x81\xb4\xf3\xa0\x81\xbf",676},
{"\xf0\x9f\x8f\xb4\xf3\xa0\x81\xa7\xf3\xa0\x81\xa2\xf3\xa0\x81\xb3\xf3\xa0\x81\xa3\xf3\xa0\x81\xb4\xf3\xa0\x81\xbf\xef\xb8\x8f",676},
{"\xf0\x9f\x8f\xb4\xf3\xa0\x81\xa7\xf3\xa0\x81\xa2\xf3\xa0\x81\xb7\xf3\xa0\x81\xac\xf3\xa0\x81\xb3\xf3\xa0\x81\xbf",677},
{"\xf0\x9f\x8f\xb4\xf3\xa0\x81\xa7\xf3\xa0\x81\xa2\xf3\xa0\x81\xb7\xf3\xa0\x81\xac\xf3\xa0\x81\xb3\xf3\xa0\x81\xbf\xef\xb8\x8f",677},
{"\xf0\x9f\x8f\xb5",679},
{"\xf0\x9f\x8f\xb5\xef\xb8\x8f",679},
{"\xf0\x9f\x8f\xb7",680},
{"\xf0\x9f\x8f\xb7\xef\xb8\x8f",680},
{"\xf0\x9f\x8f\xb8",681},
{"\xf0\x9f\x8f\xb8\xef\xb8\x8f",681},
{"\xf0\x9f\x8f\xb9",682},
{"\xf0\x9f\x8f\xb9\xef\xb8\x8f",682},
{"\xf0\x9f\x8f\xba",683},
{"\xf0\x9f\x8f\xba\xef\xb8\x8f",683},
{"\xf0\x9f\x8f\xbb",684},
{"\xf0\x9f\x8f\xbb\xef\xb8\x8f",684},
{"\xf0\x9f\x8f\xbc",685},
{"\xf0\x9f\x8f\xbc\xef\xb8\x8f",685},
{"\xf0\x9f\x8f\xbd",686},
{"\xf0\x9f\x8f\xbd\xef\xb8\x8f",686},
{"\xf0\x9f\x8f\xbe",687},
{"\xf0\x9f\x8f\xbe\xef\xb8\x8f",687},
{"\xf0\x9f\x8f\xbf",688},
{"\xf0\x9f\x8f\xbf\xef\xb8\x8f",688},
{"\xf0\x9f\x90\x80",689},
{"\xf0\x9f\x90\x80\xef\xb8\x8f",689},
{"\xf0\x9f\x90\x81",690},
{"\xf0\x9f\x90\x81\xef\xb8\x8f",690},
{"\xf0\x9f\x90\x82",691},
{"\xf0\x9f\x90\x82\xef\xb8\x8f",691},
{"\xf0\x9f\x90\x83",692},
{"\xf0\x9f\x90\x83\xef\xb8\x8f",692},
{"\xf0\x9f\x90\x84",693},
{"\xf0\x9f\x90\x84\xef\xb8\x8f",693},
{"\xf0\x9f\x90\x85",694},
{"\xf0\x9f\x90\x85\xef\xb8\x8f",694},
{"\xf0\x9f\x90\x86",695},
{"\xf0\x9f\x90\x86\xef\xb8\x8f",695},
{"\xf0\x9f\x90\x87",696},
{"\xf0\x9f\x90\x87\xef\xb8\x8f",696},
{"\xf0\x9f\x90\x88",698},
{"\xf0\x9f\x90\x88\xe2\x80\x8d\xe2\xac\x9b",697},
{"\xf0\x9f\x90\x88\xef\xb8\x8f",698},
{"\xf0\x9f\x90\x89",699},
{"\xf0\x9f\x90\x89\xef\xb8\x8f",699},
{"\xf0\x9f\x90\x8a",700},
{"\xf0\x9f\x90\x8a\xef\xb8\x8f",700},
{"\xf0\x9f\x90\x8b",701},
{"\xf0\x9f\x90\x8b\xef\xb8\x8f",701},
{"\xf0\x9f\x90\x8c",702},
{"\xf0\x9f\x90\x8c\xef\xb8\x8f",702},
{"\xf0\x9f\x90\x8d",703},
{"\xf0\x9f\x90\x8d\xef\xb8\x8f",703},
{"\xf0\x9f\x90\x8e",704},
{"\xf0\x9f\x90\x8e\xef\xb8\x8f",704},
{"\xf0\x9f\x90\x8f",705},
{"\xf0\x9f\x90\x8f\xef\xb8\x8f",705},
{"\xf0\x9f\x90\x90",706},
{"\xf0\x9f\x90\x90\xef\xb8\x8f",706},
{"\xf0\x9f\x90\x91",707},
{"\xf0\x9f\x90\x91\xef\xb8\x8f",707},
{"\xf0\x9f\x90\x92",708},
{"\xf0\x9f\x90\x92\xef\xb8\x8f",708},
{"\xf0\x9f\x90\x93",709},
{"\xf0\x9f\x90\x93\xef\xb8\x8f",709},
{"\xf0\x9f\x90\x94",710},
{"\xf0\x9f\x90\x94\xef\xb8\x8f",710},
{"\xf0\x9f\x90\x95",712},
{"\xf0\x9f\x90\x95\xe2\x80\x8d\xf0\x9f\xa6\xba",711},
{"\xf0\x9f\x90\x95\xef\xb8\x8f",712},
{"\xf0\x9f\x90\x96",713},
{"\xf0\x9f\x90\x96\xef\xb8\x8f",713},
{"\xf0\x9f\x90\x97",714},
{"\xf0\x9f\x90\x97\xef\xb8\x8f",714},
{"\xf0\x9f\x90\x98",715},
{"\xf0\x9f\x90\x98\xef\xb8\x8f",715},
{"\xf0\x9f\x90\x99",716},
{"\xf0\x9f\x90\x99\xef\xb8\x8f",716},
{"\xf0\x9f\x90\x9a",717},
{"\xf0\x9f\x90\x9a\xef\xb8\x8f",717},
{"\xf0\x9f\x90\x9b",718},
{"\xf0\x9f\x90\x9b\xef\xb8\x8f",718},
{"\xf0\x9f\x90\x9c",719},
{"\xf0\x9f\x90\x9c\xef\xb8\x8f",719},
{"\xf0\x9f\x90\x9d",720},
{"\xf0\x9f\x90\x9d\xef\xb8\x8f",720},
{"\xf0\x9f\x90\x9e",721},
{"\xf0\x9f\x90\x9e\xef\xb8\x8f",721},
{"\xf0\x9f\x90\x9f",722},
{"\xf0\x9f\x90\x9f\xef\xb8\x8f",722},
{"\xf0\x9f\x90\xa0",723},
{"\xf0\x9f\x90\xa0\xef\xb8\x8f",723},
{"\xf0\x9f\x90\xa1",724},
{"\xf0\x9f\x90\xa1\xef\xb8\x8f",724},
{"\xf0\x9f\x90\xa2",725},
{"\xf0\x9f\x90\xa2\xef\xb8\x8f",725},
{"\xf0\x9f\x90\xa3",726},
{"\xf0\x9f\x90\xa3\xef\xb8\x8f",726},
{"\xf0\x9f\x90\xa4",727},
{"\xf0\x9f\x90\xa4\xef\xb8\x8f",727},
{"\xf0\x9f\x90\xa5",728},
{"\xf0\x9f\x90\xa5\xef\xb8\x8f",728},
{"\xf0\x9f\x90\xa6",731},
{"\xf0\x9f\x90\xa6\xe2\x80\x8d\xe2\xac\x9b",730},
{"\xf0\x9f\x90\xa6\xe2\x80\x8d\xf0\x9f\x94\xa5",729},
{"\xf0\x9f\x90\xa6\xef\xb8\x8f",731},
{"\xf0\x9f\x90\xa7",732},
{"\xf0\x9f\x90\xa7\xef\xb8\x8f",732},
{"\xf0\x9f\x90\xa8",733},
{"\xf0\x9f\x90\xa8\xef\xb8\x8f",733},
{"\xf0\x9f\x90\xa9",734},
{"\xf0\x9f\x90\xa9\xef\xb8\x8f",734},
{"\xf0\x9f\x90\xaa",735},
{"\xf0\x9f\x90\xaa\xef\xb8\x8f",735},
{"\xf0\x9f\x90\xab",736},
{"\xf0\x9f\x90\xab\xef\xb8\x8f",736},
{"\xf0\x9f\x90\xac",737},
{"\xf0\x9f\x90\xac\xef\xb8\x8f",737},
{"\xf0\x9f\x90\xad",738},
{"\xf0\x9f\x90\xad\xef\xb8\x8f",738},
{"\xf0\x9f\x90\xae",739},
{"\xf0\x9f\x90\xae\xef\xb8\x8f",739},
{"\xf0\x9f\x90\xaf",740},
{"\xf0\x9f\x90\xaf\xef\xb8\x8f",740},
{"\xf0\x9f\x90\xb0",741},
{"\xf0\x9f\x90\xb0\xef\xb8\x8f",741},
{"\xf0\x9f\x90\xb1",742},
{"\xf0\x9f\x90\xb1\xef\xb8\x8f",742},
{"\xf0\x9f\x90\xb2",743},
{"\xf0\x9f\x90\xb2\xef\xb8\x8f",743},
{"\xf0\x9f\x90\xb3",744},
{"\xf0\x9f\x90\xb3\xef\xb8\x8f",744},
{"\xf0\x9f\x90\xb4",745},
{"\xf0\x9f\x90\xb4\xef\xb8\x8f",745},
{"\xf0\x9f\x90\xb5",746},
{"\xf0\x9f\x90\xb5\xef\xb8\x8f",746},
{"\xf0\x9f\x90\xb6",747},
{"\xf0\x9f\x90\xb6\xef\xb8\x8f",747},
{"\xf0\x9f\x90\xb7",748},
{"\xf0\x9f\x90\xb7\xef\xb8\x8f",748},
{"\xf0\x9f\x90\xb8",749},
{"\xf0\x9f\x90\xb8\xef\xb8\x8f",749},
{"\xf0\x9f\x90\xb9",750},
{"\xf0\x9f\x90\xb9\xef\xb8\x8f",750},
{"\xf0\x9f\x90\xba",751},
{"\xf0\x9f\x90\xba\xef\xb8\x8f",751},
{"\xf0\x9f\x90\xbb",753},
{"\xf0\x9f\x90\xbb\xe2\x80\x8d\xe2\x9d\x84",752},
{"\xf0\x9f\x90\xbb\xe2\x80\x8d\xe2\x9d\x84\xef\xb8\x8f",752},
{"\xf0\x9f\x90\xbb\xef\xb8\x8f",753},
{"\xf0\x9f\x90\xbc",754},
{"\xf0\x9f\x90\xbc\xef\xb8\x8f",754},
{"\xf0\x9f\x90\xbd",755},
{"\xf0\x9f\x90\xbd\xef\xb8\x8f",755},
{"\xf0\x9f\x90\xbe",756},
{"\xf0\x9f\x90\xbe\xef\xb8\x8f",756},
{"\xf0\x9f\x90\xbf",757},
{"\xf0\x9f\x90\xbf\xef\xb8\x8f",757},
{"\xf0\x9f\x91\x80",758},
{"\xf0\x9f\x91\x80\xef\xb8\x8f",758},
{"\xf0\x9f\x91\x81",760},
{"\xf0\x9f\x91\x81\xe2\x80\x8d\xf0\x9f\x97\xa8",759},
{"\xf0\x9f\x91\x81\xef\xb8\x8f",760},
{"\xf0\x9f\x91\x82",766},
{"\xf0\x9f\x91\x82\xef\xb8\x8f",766},
{"\xf0\x9f\x91\x82\xf0\x9f\x8f\xbb",761},
{"\xf0\x9f\x91\x82\xf0\x9f\x8f\xbb\xef\xb8\x8f",761},
{"\xf0\x9f\x91\x82\xf0\x9f\x8f\xbc",762},
{"\xf0\x9f\x91\x82\xf0\x9f\x8f\xbc\xef\xb8\x8f",762},
{"\xf0\x9f\x91\x82\xf0\x9f\x8f\xbd",763},
{"\xf0\x9f\x91\x82\xf0\x9f\x8f\xbd\xef\xb8\x8f",763},
{"\xf0\x9f\x91\x82\xf0\x9f\x8f\xbe",764},
{"\xf0\x9f\x91\x82\xf0\x9f\x8f\xbe\xef\xb8\x8f",764},
{"\xf0\x9f\x91\x82\xf0\x9f\x8f\xbf",765},
{"\xf0\x9f\x91\x82\xf0\x9f\x8f\xbf\xef\xb8\x8f",765},
{"\xf0\x9f\x91\x83",772},
{"\xf0\x9f\x91\x83\xef\xb8\x8f",772},
{"\xf0\x9f\x91\x83\xf0\x9f\x8f\xbb",767},
{"\xf0\x9f\x91\x83\xf0\x9f\x8f\xbb\xef\xb8\x8f",767},
{"\xf0\x9f\x91\x83\xf0\x9f\x8f\xbc",768},
{"\xf0\x9f\x91\x83\xf0\x9f\x8f\xbc\xef\xb8\x8f",768},
{"\xf0\x9f\x91\x83\xf0\x9f\x8f\xbd",769},
{"\xf0\x9f\x91\x83\xf0\x9f\x8f\xbd\xef\xb8\x8f",769},
{"\xf0\x9f\x91\x83\xf0\x9f\x8f\xbe",770},
{"\xf0\x9f\x91\x83\xf0\x9f\x8f\xbe\xef\xb8\x8f",770},
{"\xf0\x9f\x91\x83\xf0\x9f\x8f\xbf",771},
{"\xf0\x9f\x91\x83\xf0\x9f\x8f\xbf\xef\xb8\x8f",771},
{"\xf0\x9f\x91\x84",773},
{"\xf0\x9f\x91\x84\xef\xb8\x8f",773},
{"\xf0\x9f\x91\x85",774},
{"\xf0\x9f\x91\x85\xef\xb8\x8f",774},
{"\xf0\x9f\x91\x86",780},
{"\xf0\x9f\x91\x86\xef\xb8\x8f",780},
{"\xf0\x9f\x91\x86\xf0\x9f\x8f\xbb",775},
{"\xf0\x9f\x91\x86\xf0\x9f\x8f\xbb\xef\xb8\x8f",775},
{"\xf0\x9f\x91\x86\xf0\x9f\x8f\xbc",776},
{"\xf0\x9f\x91\x86\xf0\x9f\x8f\xbc\xef\xb8\x8f",776},
{"\xf0\x9f\x91\x86\xf0\x9f\x8f\xbd",777},
{"\xf0\x9f\x91\x86\xf0\x9f\x8f\xbd\xef\xb8\x8f",777},
{"\xf0\x9f\x91\x86\xf0\x9f\x8f\xbe",778},
{"\xf0\x9f\x91\x86\xf0\x9f\x8f\xbe\xef\xb8\x8f",778},
{"\xf0\x9f\x91\x86\xf0\x9f\x8f\xbf",779},
{"\xf0\x9f\x91\x86\xf0\x9f\x8f\xbf\xef\xb8\x8f",779},
{"\xf0\x9f\x91\x87",786},
{"\xf0\x9f\x91\x87\xef\xb8\x8f",786},
{"\xf0\x9f\x91\x87\xf0\x9f\x8f\xbb",781},
{"\xf0\x9f\x91\x87\xf0\x9f\x8f\xbb\xef\xb8\x8f",781},
{"\xf0\x9f\x91\x87\xf0\x9f\x8f\xbc",782},
{"\xf0\x9f\x91\x87\xf0\x9f\x8f\xbc\xef\xb8\x8f",782},
{"\xf0\x9f\x91\x87\xf0\x9f\x8f\xbd",783},
{"\xf0\x9f\x91\x87\xf0\x9f\x8f\xbd\xef\xb8\x8f",783},
{"\xf0\x9f\x91\x87\xf0\x9f\x8f\xbe",784},
{"\xf0\x9f\x91\x87\xf0\x9f\x8f\xbe\xef\xb8\x8f",784},
{"\xf0\x9f\x91\x87\xf0\x9f\x8f\xbf",785},
{"\xf0\x9f\x91\x87\xf0\x9f\x8f\xbf\xef\xb8\x8f",785},
{"\xf0\x9f\x91\x88",792},
{"\xf0\x9f\x91\x88\xef\xb8\x8f",792},
{"\xf0\x9f\x91\x88\xf0\x9f\x8f\xbb",787},
{"\xf0\x9f\x91\x88\xf0\x9f\x8f\xbb\xef\xb8\x8f",787},
{"\xf0\x9f\x91\x88\xf0\x9f\x8f\xbc",788},
{"\xf0\x9f\x91\x88\xf0\x9f\x8f\xbc\xef\xb8\x8f",788},
{"\xf0\x9f\x91\x88\xf0\x9f\x8f\xbd",789},
{"\xf0\x9f\x91\x88\xf0\x9f\x8f\xbd\xef\xb8\x8f",789},
{"\xf0\x9f\x91\x88\xf0\x9f\x8f\xbe",790},
{"\xf0\x9f\x91\x88\xf0\x9f\x8f\xbe\xef\xb8\x8f",790},
{"\xf0\x9f\x91\x88\xf0\x9f\x8f\xbf",791},
{"\xf0\x9f\x91\x88\xf0\x9f\x8f\xbf\xef\xb8\x8f",791},
{"\xf0\x9f\x91\x89",798},
{"\xf0\x9f\x91\x89\xef\xb8\x8f",798},
{"\xf0\x9f\x91\x89\xf0\x9f\x8f\xbb",793},
{"\xf0\x9f\x91\x89\xf0\x9f\x8f\xbb\xef\xb8\x8f",793},
{"\xf0\x9f\x91\x89\xf0\x9f\x8f\xbc",794},
{"\xf0\x9f\x91\x89\xf0\x9f\x8f\xbc\xef\xb8\x8f",794},
{"\xf0\x9f\x91\x89\xf0\x9f\x8f\xbd",795},
{"\xf0\x9f\x91\x89\xf0\x9f\x8f\xbd\xef\xb8\x8f",795},
{"\xf0\x9f\x91\x89\xf0\x9f\x8f\xbe",796},
{"\xf0\x9f\x91\x89\xf0\x9f\x8f\xbe\xef\xb8\x8f",796},
{"\xf0\x9f\x91\x89\xf0\x9f\x8f\xbf",797},
{"\xf0\x9f\x91\x89\xf0\x9f\x8f\xbf\xef\xb8\x8f",797},
{"\xf0\x9f\x91\x8a",804},
{"\xf0\x9f\x91\x8a\xef\xb8\x8f",804},
{"\xf0\x9f\x91\x8a\xf0\x9f\x8f\xbb",799},
{"\xf0\x9f\x91\x8a\xf0\x9f\x8f\xbb\xef\xb8\x8f",799},
{"\xf0\x9f\x91\x8a\xf0\x9f\x8f\xbc",800},
{"\xf0\x9f\x91\x8a\xf0\x9f\x8f\xbc\xef\xb8\x8f",800},
{"\xf0\x9f\x91\x8a\xf0\x9f\x8f\xbd",801},
{"\xf0\x9f\x91\x8a\xf0\x9f\x8f\xbd\xef\xb8\x8f",801},
{"\xf0\x9f\x91\x8a\xf0\x9f\x8f\xbe",802},
{"\xf0\x9f\x91\x8a\xf0\x9f\x8f\xbe\xef\xb8\x8f",802},
{"\xf0\x9f\x91\x8a\xf0\x9f\x8f\xbf",803},
{"\xf0\x9f\x91\x8a\xf0\x9f\x8f\xbf\xef\xb8\x8f",803},
{"\xf0\x9f\x91\x8b",810},
{"\xf0\x9f\x91\x8b\xef\xb8\x8f",810},
{"\xf0\x9f\x91\x8b\xf0\x9f\x8f\xbb",805},
{"\xf0\x9f\x91\x8b\xf0\x9f\x8f\xbb\xef\xb8\x8f",805},
{"\xf0\x9f\x91\x8b\xf0\x9f\x8f\xbc",806},
{"\xf0\x9f\x91\x8b\xf0\x9f\x8f\xbc\xef\xb8\x8f",806},
{"\xf0\x9f\x91\x8b\xf0\x9f\x8f\xbd",807},
{"\xf0\x9f\x91\x8b\xf0\x9f\x8f\xbd\xef\xb8\x8f",807},
{"\xf0\x9f\x91\x8b\xf0\x9f\x8f\xbe",808},
{"\xf0\x9f\x91\x8b\xf0\x9f\x8f\xbe\xef\xb8\x8f",808},
{"\xf0\x9f\x91\x8b\xf0\x9f\x8f\xbf",809},
{"\xf0\x9f\x91\x8b\xf0\x9f\x8f\xbf\xef\xb8\x8f",809},
{"\xf0\x9f\x91\x8c",816},
{"\xf0\x9f\x91\x8c\xef\xb8\x8f",816},
{"\xf0\x9f\x91\x8c\xf0\x9f\x8f\xbb",811},
{"\xf0\x9f\x91\x8c\xf0\x9f\x8f\xbb\xef\xb8\x8f",811},
{"\xf0\x9f\x91\x8c\xf0\x9f\x8f\xbc",812},
{"\xf0\x9f\x91\x8c\xf0\x9f\x8f\xbc\xef\xb8\x8f",812},
{"\xf0\x9f\x91\x8c\xf0\x9f\x8f\xbd",813},
{"\xf0\x9f\x91\x8c\xf0\x9f\x8f\xbd\xef\xb8\x8f",813},
{"\xf0\x9f\x91\x8c\xf0\x9f\x8f\xbe",814},
{"\xf0\x9f\x91\x8c\xf0\x9f\x8f\xbe\xef\xb8\x8f",814},
{"\xf0\x9f\x91\x8c\xf0\x9f\x8f\xbf",815},
{"\xf0\x9f\x91\x8c\xf0\x9f\x8f\xbf\xef\xb8\x8f",815},
{"\xf0\x9f\x91\x8d",822},
{"\xf0\x9f\x91\x8d\xef\xb8\x8f",822},
{"\xf0\x9f\x91\x8d\xf0\x9f\x8f\xbb",817},
{"\xf0\x9f\x91\x8d\xf0\x9f\x8f\xbb\xef\xb8\x8f",817},
{"\xf0\x9f\x91\x8d\xf0\x9f\x8f\xbc",818},
{"\xf0\x9f\x91\x8d\xf0\x9f\x8f\xbc\xef\xb8\x8f",818},
{"\xf0\x9f\x91\x8d\xf0\x9f\x8f\xbd",819},
{"\xf0\x9f\x91\x8d\xf0\x9f\x8f\xbd\xef\xb8\x8f",819},
{"\xf0\x9f\x91\x8d\xf0\x9f\x8f\xbe",820},
{"\xf0\x9f\x91\x8d\xf0\x9f\x8f\xbe\xef\xb8\x8f",820},
{"\xf0\x9f\x91\x8d\xf0\x9f\x8f\xbf",821},
{"\xf0\x9f\x91\x8d\xf0\x9f\x8f\xbf\xef\xb8\x8f",821},
{"\xf0\x9f\x91\x8e",828},
{"\xf0\x9f\x91\x8e\xef\xb8\x8f",828},
{"\xf0\x9f\x91\x8e\xf0\x9f\x8f\xbb",823},
{"\xf0\x9f\x91\x8e\xf0\x9f\x8f\xbb\xef\xb8\x8f",823},
{"\xf0\x9f\x91\x8e\xf0\x9f\x8f\xbc",824},
{"\xf0\x9f\x91\x8e\xf0\x9f\x8f\xbc\xef\xb8\x8f",824},
{"\xf0\x9f\x91\x8e\xf0\x9f\x8f\xbd",825},
{"\xf0\x9f\x91\x8e\xf0\x9f\x8f\xbd\xef\xb8\x8f",825},
{"\xf0\x9f\x91\x8e\xf0\x9f\x8f\xbe",826},
{"\xf0\x9f\x91\x8e\xf0\x9f\x8f\xbe\xef\xb8\x8f",826},
{"\xf0\x9f\x91\x8e\xf0\x9f\x8f\xbf",827},
{"\xf0\x9f\x91\x8e\xf0\x9f\x8f\xbf\xef\xb8\x8f",827},
{"\xf0\x9f\x91\x8f",834},
{"\xf0\x9f\x91\x8f\xef\xb8\x8f",834},
{"\xf0\x9f\x91\x8f\xf0\x9f\x8f\xbb",829},
{"\xf0\x9f\x91\x8f\xf0\x9f\x8f\xbb\xef\xb8\x8f",829},
{"\xf0\x9f\x91\x8f\xf0\x9f\x8f\xbc",830},
{"\xf0\x9f\x91\x8f\xf0\x9f\x8f\xbc\xef\xb8\x8f",830},
{"\xf0\x9f\x91\x8f\xf0\x9f\x8f\xbd",831},
{"\xf0\x9f\x91\x8f\xf0\x9f\x8f\xbd\xef\xb8\x8f",831},
{"\xf0\x9f\x91\x8f\xf0\x9f\x8f\xbe",832},
{"\xf0\x9f\x91\x8f\xf0\x9f\x8f\xbe\xef\xb8\x8f",832},
{"\xf0\x9f\x91\x8f\xf0\x9f\x8f\xbf",833},
{"\xf0\x9f\x91\x8f\xf0\x9f\x8f\xbf\xef\xb8\x8f",833},
{"\xf0\x9f\x91\x90",840},
{"\xf0\x9f\x91\x90\xef\xb8\x8f",840},
{"\xf0\x9f\x91\x90\xf0\x9f\x8f\xbb",835},
{"\xf0\x9f\x91\x90\xf0\x9f\x8f\xbb\xef\xb8\x8f",835},
{"\xf0\x9f\x91\x90\xf0\x9f\x8f\xbc",836},
{"\xf0\x9f\x91\x90\xf0\x9f\x8f\xbc\xef\xb8\x8f",836},
{"\xf0\x9f\x91\x90\xf0\x9f\x8f\xbd",837},
{"\xf0\x9f\x91\x90\xf0\x9f\x8f\xbd\xef\xb8\x8f",837},
{"\xf0\x9f\x91\x90\xf0\x9f\x8f\xbe",838},
{"\xf0\x9f\x91\x90\xf0\x9f\x8f\xbe\xef\xb8\x8f",838},
{"\xf0\x9f\x91\x90\xf0\x9f\x8f\xbf",839},
{"\xf0\x9f\x91\x90\xf0\x9f\x8f\xbf\xef\xb8\x8f",839},
{"\xf0\x9f\x91\x91",841},
{"\xf0\x9f\x91\x91\xef\xb8\x8f",841},
{"\xf0\x9f\x91\x92",842},
{"\xf0\x9f\x91\x92\xef\xb8\x8f",842},
{"\xf0\x9f\x91\x93",843},
{"\xf0\x9f\x91\x93\xef\xb8\x8f",843},
{"\xf0\x9f\x91\x94",844},
{"\xf0\x9f\x91\x94\xef\xb8\x8f",844},
{"\xf0\x9f\x91\x95",845},
{"\xf0\x9f\x91\x95\xef\xb8\x8f",845},
{"\xf0\x9f\x91\x96",846},
{"\xf0\x9f\x91\x96\xef\xb8\x8f",846},
{"\xf0\x9f\x91\x97",847},
{"\xf0\x9f\x91\x97\xef\xb8\x8f",847},
{"\xf0\x9f\x91\x98",848},
{"\xf0\x9f\x91\x98\xef\xb8\x8f",848},
{"\xf0\x9f\x91\x99",849},
{"\xf0\x9f\x91\x99\xef\xb8\x8f",849},
{"\xf0\x9f\x91\x9a",850},
{"\xf0\x9f\x91\x9a\xef\xb8\x8f",850},
{"\xf0\x9f\x91\x9b",851},
{"\xf0\x9f\x91\x9b\xef\xb8\x8f",851},
{"\xf0\x9f\x91\x9c",852},
{"\xf0\x9f\x91\x9c\xef\xb8\x8f",852},
{"\xf0\x9f\x91\x9d",853},
{"\xf0\x9f\x91\x9d\xef\xb8\x8f",853},
{"\xf0\x9f\x91\x9e",854},
{"\xf0\x9f\x91\x9e\xef\xb8\x8f",854},
{"\xf0\x9f\x91\x9f",855},
{"\xf0\x9f\x91\x9f\xef\xb8\x8f",855},
{"\xf0\x9f\x91\xa0",856},
{"\xf0\x9f\x91\xa0\xef\xb8\x8f",856},
{"\xf0\x9f\x91\xa1",857},
{"\xf0\x9f\x91\xa1\xef\xb8\x8f",857},
{"\xf0\x9f\x91\xa2",858},
{"\xf0\x9f\x91\xa2\xef\xb8\x8f",858},
{"\xf0\x9f\x91\xa3",859},
{"\xf0\x9f\x91\xa3\xef\xb8\x8f",859},
{"\xf0\x9f\x91\xa4",860},
{"\xf0\x9f\x91\xa4\xef\xb8\x8f",860},
{"\xf0\x9f\x91\xa5",861},
{"\xf0\x9f\x91\xa5\xef\xb8\x8f",861},
{"\xf0\x9f\x91\xa6",867},
{"\xf0\x9f\x91\xa6\xef\xb8\x8f",867},
{"\xf0\x9f\x91\xa6\xf0\x9f\x8f\xbb",862},
{"\xf0\x9f\x91\xa6\xf0\x9f\x8f\xbb\xef\xb8\x8f",862},
{"\xf0\x9f\x91\xa6\xf0\x9f\x8f\xbc",863},
{"\xf0\x9f\x91\xa6\xf0\x9f\x8f\xbc\xef\xb8\x8f",863},
{"\xf0\x9f\x91\xa6\xf0\x9f\x8f\xbd",864},
{"\xf0\x9f\x91\xa6\xf0\x9f\x8f\xbd\xef\xb8\x8f",864},
{"\xf0\x9f\x91\xa6\xf0\x9f\x8f\xbe",865},
{"\xf0\x9f\x91\xa6\xf0\x9f\x8f\xbe\xef\xb8\x8f",865},
{"\xf0\x9f\x91\xa6\xf0\x9f\x8f\xbf",866},
{"\xf0\x9f\x91\xa6\xf0\x9f\x8f\xbf\xef\xb8\x8f",866},
{"\xf0\x9f\x91\xa7",873},
{"\xf0\x9f\x91\xa7\xef\xb8\x8f",873},
{"\xf0\x9f\x91\xa7\xf0\x9f\x8f\xbb",868},
{"\xf0\x9f\x91\xa7\xf0\x9f\x8f\xbb\xef\xb8\x8f",868},
{"\xf0\x9f\x91\xa7\xf0\x9f\x8f\xbc",869},
{"\xf0\x9f\x91\xa7\xf0\x9f\x8f\xbc\xef\xb8\x8f",869},
{"\xf0\x9f\x91\xa7\xf0\x9f\x8f\xbd",870},
{"\xf0\x9f\x91\xa7\xf0\x9f\x8f\xbd\xef\xb8\x8f",870},
{"\xf0\x9f\x91\xa7\xf0\x9f\x8f\xbe",871},
{"\xf0\x9f\x91\xa7\xf0\x9f\x8f\xbe\xef\xb8\x8f",871},
{"\xf0\x9f\x91\xa7\xf0\x9f\x8f\xbf",872},
{"\xf0\x9f\x91\xa7\xf0\x9f\x8f\xbf\xef\xb8\x8f",872},
{"\xf0\x9f\x91\xa8",1174},
{"\xf0\x9f\x91\xa8\xe2\x80\x8d\xe2\x9a\x95",1169},
{"\xf0\x9f\x91\xa8\xe2\x80\x8d\xe2\x9a\x95\xef\xb8\x8f",1169},
{"\xf0\x9f\x91\xa8\xe2\x80\x8d\xe2\x9a\x96",1170},
{"\xf0\x9f\x91\xa8\xe2\x80\x8d\xe2\x9a\x96\xef\xb8\x8f",1170},
{"\xf0\x9f\x91\xa8\xe2\x80\x8d\xe2\x9c\x88",1171},
{"\xf0\x9f\x91\xa8\xe2\x80\x8d\xe2\x9c\x88\xef\xb8\x8f",1171},
{"\xf0\x9f\x91\xa8\xe2\x80\x8d\xe2\x9d\xa4\xe2\x80\x8d\xf0\x9f\x91\xa8",1172},
{"\xf0\x9f\x91\xa8\xe2\x80\x8d\xe2\x9d\xa4\xe2\x80\x8d\xf0\x9f\x92\x8b\xe2\x80\x8d\xf0\x9f\x91\xa8",1173},
{"\xf0\x9f\x91\xa8\xe2\x80\x8d\xe2\x9d\xa4\xef\xb8\x8f\xe2\x80\x8d\xf0\x9f\x91\xa8",1172},
{"\xf0\x9f\x91\xa8\xe2\x80\x8d\xe2\x9d\xa4\xef\xb8\x8f\xe2\x80\x8d\xf0\x9f\x92\x8b\xe2\x80\x8d\xf0\x9f\x91\xa8",1173},
{"\xf0\x9f\x91\xa8\xe2\x80\x8d\xf0\x9f\x8c\xbe",1129},
{"\xf0\x9f\x91\xa8\xe2\x80\x8d\xf0\x9f\x8d\xb3",1130},
{"\xf0\x9f\x91\xa8\xe2\x80\x8d\xf0\x9f\x8d\xbc",1131},
{"\xf0\x9f\x91\xa8\xe2\x80\x8d\xf0\x9f\x8e\x84",1132},
{"\xf0\x9f\x91\xa8\xe2\x80\x8d\xf0\x9f\x8e\x93",1133},
{"\xf0\x9f\x91\xa8\xe2\x80\x8d\xf0\x9f\x8e\xa4",1134},
{"\xf0\x9f\x91\xa8\xe2\x80\x8d\xf0\x9f\x8e\xa8",1135},
{"\xf0\x9f\x91\xa8\xe2\x80\x8d\xf0\x9f\x8f\xab",1136},
{"\xf0\x9f\x91\xa8\xe2\x80\x8d\xf0\x9f\x8f\xad",1137},
{"\xf0\x9f\x91\xa8\xe2\x80\x8d\xf0\x9f\x91\xa6",1139},
{"\xf0\x9f\x91\xa8\xe2\x80\x8d\xf0\x9f\x91\xa6\xe2\x80\x8d\xf0\x9f\x91\xa6",1138},
{"\xf0\x9f\x91\xa8\xe2\x80\x8d\xf0\x9f\x91\xa7",1142},
{"\xf0\x9f\x91\xa8\xe2\x80\x8d\xf0\x9f\x91\xa7\xe2\x80\x8d\xf0\x9f\x91\xa6",1140},
{"\xf0\x9f\x91\xa8\xe2\x80\x8d\xf0\x9f\x91\xa7\xe2\x80\x8d\xf0\x9f\x91\xa7",1141},
{"\xf0\x9f\x91\xa8\xe2\x80\x8d\xf0\x9f\x91\xa8\xe2\x80\x8d\xf0\x9f\x91\xa6",1144},
{"\xf0\x9f\x91\xa8\xe2\x80\x8d\xf0\x9f\x91\xa8\xe2\x80\x8d\xf0\x9f\x91\xa6\xe2\x80\x8d\xf0\x9f\x91\xa6",1143},
{"\xf0\x9f\x91\xa8\xe2\x80\x8d\xf0\x9f\x91\xa8\xe2\x80\x8d\xf0\x9f\x91\xa7",1147},
{"\xf0\x9f\x91\xa8\xe2\x80\x8d\xf0\x9f\x91\xa8\xe2\x80\x8d\xf0\x9f\x91\xa7\xe2\x80\x8d\xf0\x9f\x91\xa6",1145},
{"\xf0\x9f\x91\xa8\xe2\x80\x8d\xf0\x9f\x91\xa8\xe2\x80\x8d\xf0\x9f\x91\xa7\xe2\x80\x8d\xf0\x9f\x91\xa7",1146},
{"\xf0\x9f\x91\xa8\xe2\x80\x8d\xf0\x9f\x91\xa9\xe2\x80\x8d\xf0\x9f\x91\xa6",1149},
{"\xf0\x9f\x91\xa8\xe2\x80\x8d\xf0\x9f\x91\xa9\xe2\x80\x8d\xf0\x9f\x91\xa6\xe2\x80\x8d\xf0\x9f\x91\xa6",1148},
{"\xf0\x9f\x91\xa8\xe2\x80\x8d\xf0\x9f\x91\xa9\xe2\x80\x8d\xf0\x9f\x91\xa7",1152},
{"\xf0\x9f\x91\xa8\xe2\x80\x8d\xf0\x9f\x91\xa9\xe2\x80\x8d\xf0\x9f\x91\xa7\xe2\x80\x8d\xf0\x9f\x91\xa6",1150},
{"\xf0\x9f\x91\xa8\xe2\x80\x8d\xf0\x9f\x91\xa9\xe2\x80\x8d\xf0\x9f\x91\xa7\xe2\x80\x8d\xf0\x9f\x91\xa7",1151},
{"\xf0\x9f\x91\xa8\xe2\x80\x8d\xf0\x9f\x92\xbb",1153},
{"\xf0\x9f\x91\xa8\xe2\x80\x8d\xf0\x9f\x92\xbc",1154},
{"\xf0\x9f\x91\xa8\xe2\x80\x8d\xf0\x9f\x94\xa7",1155},
{"\xf0\x9f\x91\xa8\xe2\x80\x8d\xf0\x9f\x94\xac",1156},
{"\xf0\x9f\x91\xa8\xe2\x80\x8d\xf0\x9f\x9a\x80",1157},
{"\xf0\x9f\x91\xa8\xe2\x80\x8d\xf0\x9f\x9a\x92",1158},
{"\xf0\x9f\x91\xa8\xe2\x80\x8d\xf0\x9f\xa6\xaf",1160},
{"\xf0\x9f\x91\xa8\xe2\x80\x8d\xf0\x9f\xa6\xaf\xe2\x80\x8d\xe2\x9e\xa1",1159},
{"\xf0\x9f\x91\xa8\xe2\x80\x8d\xf0\x9f\xa6\xaf\xe2\x80\x8d\xe2\x9e\xa1\xef\xb8\x8f",1159},
{"\xf0\x9f\x91\xa8\xe2\x80\x8d\xf0\x9f\xa6\xb0",1161},
{"\xf0\x9f\x91\xa8\xe2\x80\x8d\xf0\x9f\xa6\xb1",1162},
{"\xf0\x9f\x91\xa8\xe2\x80\x8d\xf0\x9f\xa6\xb2",1163},
{"\xf0\x9f\x91\xa8\xe2\x80\x8d\xf0\x9f\xa6\xb3",1164},
{"\xf0\x9f\x91\xa8\xe2\x80\x8d\xf0\x9f\xa6\xbc",1166},
{"\xf0\x9f\x91\xa8\xe2\x80\x8d\xf0\x9f\xa6\xbc\xe2\x80\x8d\xe2\x9e\xa1",1165},
{"\xf0\x9f\x91\xa8\xe2\x80\x8d\xf0\x9f\xa6\xbc\xe2\x80\x8d\xe2\x9e\xa1\xef\xb8\x8f",1165},
{"\xf0\x9f\x91\xa8\xe2\x80\x8d\xf0\x9f\xa6\xbd",1168},
{"\xf0\x9f\x91\xa8\xe2\x80\x8d\xf0\x9f\xa6\xbd\xe2\x80\x8d\xe2\x9e\xa1",1167},
{"\xf0\x9f\x91\xa8\xe2\x80\x8d\xf0\x9f\xa6\xbd\xe2\x80\x8d\xe2\x9e\xa1\xef\xb8\x8f",1167},
{"\xf0\x9f\x91\xa8\xef\xb8\x8f",1174},
{"\xf0\x9f\x91\xa8\xf0\x9f\x8f\xbb",924},
{"\xf0\x9f\x91\xa8\xf0\x9f\x8f\xbb\xe2\x80\x8d\xe2\x9a\x95",911},
{"\xf0\x9f\x91\xa8\xf0\x9f\x8f\xbb\xe2\x80\x8d\xe2\x9a\x95\xef\xb8\x8f",911},
{"\xf0\x9f\x91\xa8\xf0\x9f\x8f\xbb\xe2\x80\x8d\xe2\x9a\x96",912},
{"\xf0\x9f\x91\xa8\xf0\x9f\x8f\xbb\xe2\x80\x8d\xe2\x9a\x96\xef\xb8\x8f",912},
{"\xf0\x9f\x91\xa8\xf0\x9f\x8f\xbb\xe2\x80\x8d\xe2\x9c\x88",913},
{"\xf0\x9f\x91\xa8\xf0\x9f\x8f\xbb\xe2\x80\x8d\xe2\x9c\x88\xef\xb8\x8f",913},
{"\xf0\x9f\x91\xa8\xf0\x9f\x8f\xbb\xe2\x80\x8d\xe2\x9d\xa4\xe2\x80\x8d\xf0\x9f\x91\xa8\xf0\x9f\x8f\xbb",914},
{"\xf0\x9f\x91\xa8\xf0\x9f\x8f\xbb\xe2\x80\x8d\xe2\x9d\xa4\xe2\x80\x8d\xf0\x9f\x91\xa8\xf0\x9f\x8f\xbc",915},
{"\xf0\x9f\x91\xa8\xf0\x9f\x8f\xbb\xe2\x80\x8d\xe2\x9d\xa4\xe2\x80\x8d\xf0\x9f\x91\xa8\xf0\x9f\x8f\xbd",916},
{"\xf0\x9f\x91\xa8\xf0\x9f\x8f\xbb\xe2\x80\x8d\xe2\x9d\xa4\xe2\x80\x8d\xf0\x9f\x91\xa8\xf0\x9f\x8f\xbe",917},
{"\xf0\x9f\x91\xa8\xf0\x9f\x8f\xbb\xe2\x80\x8d\xe2\x9d\xa4\xe2\x80\x8d\xf0\x9f\x91\xa8\xf0\x9f\x8f\xbf",918},
{"\xf0\x9f\x91\xa8\xf0\x9f\x8f\xbb\xe2\x80\x8d\xe2\x9d\xa4\xe2\x80\x8d\xf0\x9f\x92\x8b\xe2\x80\x8d\xf0\x9f\x91\xa8\xf0\x9f\x8f\xbb",919},
{"\xf0\x9f\x91\xa8\xf0\x9f\x8f\xbb\xe2\x80\x8d\xe2\x9d\xa4\xe2\x80\x8d\xf0\x9f\x92\x8b\xe2\x80\x8d\xf0\x9f\x91\xa8\xf0\x9f\x8f\xbc",920},
{"\xf0\x9f\x91\xa8\xf0\x9f\x8f\xbb\xe2\x80\x8d\xe2\x9d\xa4\xe2\x80\x8d\xf0\x9f\x92\x8b\xe2\x80\x8d\xf0\x9f\x91\xa8\xf0\x9f\x8f\xbd",921},
{"\xf0\x9f\x91\xa8\xf0\x9f\x8f\xbb\xe2\x80\x8d\xe2\x9d\xa4\xe2\x80\x8d\xf0\x9f\x92\x8b\xe2\x80\x8d\xf0\x9f\x91\xa8\xf0\x9f\x8f\xbe",922},
{"\xf0\x9f\x91\xa8\xf0\x9f\x8f\xbb\xe2\x80\x8d\xe2\x9d\xa4\xe2\x80\x8d\xf0\x9f\x92\x8b\xe2\x80\x8d\xf0\x9f\x91\xa8\xf0\x9f\x8f\xbf",923},
{"\xf0\x9f\x91\xa8\xf0\x9f\x8f\xbb\xe2\x80\x8d\xe2\x9d\xa4\xef\xb8\x8f\xe2\x80\x8d\xf0\x9f\x91\xa8\xf0\x9f\x8f\xbb",914},
{"\xf0\x9f\x91\xa8\xf0\x9f\x8f\xbb\xe2\x80\x8d\xe2\x9d\xa4\xef\xb8\x8f\xe2\x80\x8d\xf0\x9f\x91\xa8\xf0\x9f\x8f\xbc",915},
{"\xf0\x9f\x91\xa8\xf0\x9f\x8f\xbb\xe2\x80\x8d\xe2\x9d\xa4\xef\xb8\x8f\xe2\x80\x8d\xf0\x9f\x91\xa8\xf0\x9f\x8f\xbd",916},
{"\xf0\x9f\x91\xa8\xf0\x9f\x8f\xbb\xe2\x80\x8d\xe2\x9d\xa4\xef\xb8\x8f\xe2\x80\x8d\xf0\x9f\x91\xa8\xf0\x9f\x8f\xbe",917},
{"\xf0\x9f\x91\xa8\xf0\x9f\x8f\xbb\xe2\x80\x8d\xe2\x9d\xa4\xef\xb8\x8f\xe2\x80\x8d\xf0\x9f\x91\xa8\xf0\x9f\x8f\xbf",918},
{"\xf0\x9f\x91\xa8\xf0\x9f\x8f\xbb\xe2\x80\x8d\xe2\x9d\xa4\xef\xb8\x8f\xe2\x80\x8d\xf0\x9f\x92\x8b\xe2\x80\x8d\xf0\x9f\x91\xa8\xf0\x9f\x8f\xbb",919},
{"\xf0\x9f\x91\xa8\xf0\x9f\x8f\xbb\xe2\x80\x8d\xe2\x9d\xa4\xef\xb8\x8f\xe2\x80\x8d\xf0\x9f\x92\x8b\xe2\x80\x8d\xf0\x9f\x91\xa8\xf0\x9f\x8f\xbc",920},
{"\xf0\x9f\x91\xa8\xf0\x9f\x8f\xbb\xe2\x80\x8d\xe2\x9d\xa4\xef\xb8\x8f\xe2\x80\x8d\xf0\x9f\x92\x8b\xe2\x80\x8d\xf0\x9f\x91\xa8\xf0\x9f\x8f\xbd",921},
{"\xf0\x9f\x91\xa8\xf0\x9f\x8f\xbb\xe2\x80\x8d\xe2\x9d\xa4\xef\xb8\x8f\xe2\x80\x8d\xf0\x9f\x92\x8b\xe2\x80\x8d\xf0\x9f\x91\xa8\xf0\x9f\x8f\xbe",922},
{"\xf0\x9f\x91\xa8\xf0\x9f\x8f\xbb\xe2\x80\x8d\xe2\x9d\xa4\xef\xb8\x8f\xe2\x80\x8d\xf0\x9f\x92\x8b\xe2\x80\x8d\xf0\x9f\x91\xa8\xf0\x9f\x8f\xbf",923},
{"\xf0\x9f\x91\xa8\xf0\x9f\x8f\xbb\xe2\x80\x8d\xf0\x9f\x8c\xbe",874},
{"\xf0\x9f\x91\xa8\xf0\x9f\x8f\xbb\xe2\x80\x8d\xf0\x9f\x8d\xb3",875},
{"\xf0\x9f\x91\xa8\xf0\x9f\x8f\xbb\xe2\x80\x8d\xf0\x9f\x8d\xbc",876},
{"\xf0\x9f\x91\xa8\xf0\x9f\x8f\xbb\xe2\x80\x8d\xf0\x9f\x8e\x84",877},
{"\xf0\x9f\x91\xa8\xf0\x9f\x8f\xbb\xe2\x80\x8d\xf0\x9f\x8e\x93",878},
{"\xf0\x9f\x91\xa8\xf0\x9f\x8f\xbb\xe2\x80\x8d\xf0\x9f\x8e\xa4",879},
{"\xf0\x9f\x91\xa8\xf0\x9f\x8f\xbb\xe2\x80\x8d\xf0\x9f\x8e\xa8",880},
{"\xf0\x9f\x91\xa8\xf0\x9f\x8f\xbb\xe2\x80\x8d\xf0\x9f\x8f\xab",881},
{"\xf0\x9f\x91\xa8\xf0\x9f\x8f\xbb\xe2\x80\x8d\xf0\x9f\x8f\xad",882},
{"\xf0\x9f\x91\xa8\xf0\x9f\x8f\xbb\xe2\x80\x8d\xf0\x9f\x90\xb0\xe2\x80\x8d\xf0\x9f\x91\xa8\xf0\x9f\x8f\xbc",883},
{"\xf0\x9f\x91\xa8\xf0\x9f\x8f\xbb\xe2\x80\x8d\xf0\x9f\x90\xb0\xe2\x80\x8d\xf0\x9f\x91\xa8\xf0\x9f\x8f\xbd",884},
{"\xf0\x9f\x91\xa8\xf0\x9f\x8f\xbb\xe2\x80\x8d\xf0\x9f\x90\xb0\xe2\x80\x8d\xf0\x9f\x91\xa8\xf0\x9f\x8f\xbe",885},
{"\xf0\x9f\x91\xa8\xf0\x9f\x8f\xbb\xe2\x80\x8d\xf0\x9f\x90\xb0\xe2\x80\x8d\xf0\x9f\x91\xa8\xf0\x9f\x8f\xbf",886},
{"\xf0\x9f\x91\xa8\xf0\x9f\x8f\xbb\xe2\x80\x8d\xf0\x9f\x92\xbb",887},
{"\xf0\x9f\x91\xa8\xf0\x9f\x8f\xbb\xe2\x80\x8d\xf0\x9f\x92\xbc",888},
{"\xf0\x9f\x91\xa8\xf0\x9f\x8f\xbb\xe2\x80\x8d\xf0\x9f\x94\xa7",889},
{"\xf0\x9f\x91\xa8\xf0\x9f\x8f\xbb\xe2\x80\x8d\xf0\x9f\x94\xac",890},
{"\xf0\x9f\x91\xa8\xf0\x9f\x8f\xbb\xe2\x80\x8d\xf0\x9f\x9a\x80",891},
{"\xf0\x9f\x91\xa8\xf0\x9f\x8f\xbb\xe2\x80\x8d\xf0\x9f\x9a\x92",892},
{"\xf0\x9f\x91\xa8\xf0\x9f\x8f\xbb\xe2\x80\x8d\xf0\x9f\xa4\x9d\xe2\x80\x8d\xf0\x9f\x91\xa8\xf0\x9f\x8f\xbc",893},
{"\xf0\x9f\x91\xa8\xf0\x9f\x8f\xbb\xe2\x80\x8d\xf0\x9f\xa4\x9d\xe2\x80\x8d\xf0\x9f\x91\xa8\xf0\x9f\x8f\xbd",894},
{"\xf0\x9f\x91\xa8\xf0\x9f\x8f\xbb\xe2\x80\x8d\xf0\x9f\xa4\x9d\xe2\x80\x8d\xf0\x9f\x91\xa8\xf0\x9f\x8f\xbe",895},
{"\xf0\x9f\x91\xa8\xf0\x9f\x8f\xbb\xe2\x80\x8d\xf0\x9f\xa4\x9d\xe2\x80\x8d\xf0\x9f\x91\xa8\xf0\x9f\x8f\xbf",896},
{"\xf0\x9f\x91\xa8\xf0\x9f\x8f\xbb\xe2\x80\x8d\xf0\x9f\xa6\xaf",898},
{"\xf0\x9f\x91\xa8\xf0\x9f\x8f\xbb\xe2\x80\x8d\xf0\x9f\xa6\xaf\xe2\x80\x8d\xe2\x9e\xa1",897},
{"\xf0\x9f\x91\xa8\xf0\x9f\x8f\xbb\xe2\x80\x8d\xf0\x9f\xa6\xaf\xe2\x80\x8d\xe2\x9e\xa1\xef\xb8\x8f",897},
{"\xf0\x9f\x91\xa8\xf0\x9f\x8f\xbb\xe2\x80\x8d\xf0\x9f\xa6\xb0",899},
{"\xf0\x9f\x91\xa8\xf0\x9f\x8f\xbb\xe2\x80\x8d\xf0\x9f\xa6\xb1",900},
{"\xf0\x9f\x91\xa8\xf0\x9f\x8f\xbb\xe2\x80\x8d\xf0\x9f\xa6\xb2",901},
{"\xf0\x9f\x91\xa8\xf0\x9f\x8f\xbb\xe2\x80\x8d\xf0\x9f\xa6\xb3",902},
{"\xf0\x9f\x91\xa8\xf0\x9f\x8f\xbb\xe2\x80\x8d\xf0\x9f\xa6\xbc",904},
{"\xf0\x9f\x91\xa8\xf0\x9f\x8f\xbb\xe2\x80\x8d\xf0\x9f\xa6\xbc\xe2\x80\x8d\xe2\x9e\xa1",903},
{"\xf0\x9f\x91\xa8\xf0\x9f\x8f\xbb\xe2\x80\x8d\xf0\x9f\xa6\xbc\xe2\x80\x8d\xe2\x9e\xa1\xef\xb8\x8f",903},
{"\xf0\x9f\x91\xa8\xf0\x9f\x8f\xbb\xe2\x80\x8d\xf0\x9f\xa6\xbd",906},
{"\xf0\x9f\x91\xa8\xf0\x9f\x8f\xbb\xe2\x80\x8d\xf0\x9f\xa6\xbd\xe2\x80\x8d\xe2\x9e\xa1",905},
{"\xf0\x9f\x91\xa8\xf0\x9f\x8f\xbb\xe2\x80\x8d\xf0\x9f\xa6\xbd\xe2\x80\x8d\xe2\x9e\xa1\xef\xb8\x8f",905},
{"\xf0\x9f\x91\xa8\xf0\x9f\x8f\xbb\xe2\x80\x8d\xf0\x9f\xab\xaf\xe2\x80\x8d\xf0\x9f\x91\xa8\xf0\x9f\x8f\xbc",907},
{"\xf0\x9f\x91\xa8\xf0\x9f\x8f\xbb\xe2\x80\x8d\xf0\x9f\xab\xaf\xe2\x80\x8d\xf0\x9f\x91\xa8\xf0\x9f\x8f\xbd",908},
{"\xf0\x9f\x91\xa8\xf0\x9f\x8f\xbb\xe2\x80\x8d\xf0\x9f\xab\xaf\xe2\x80\x8d\xf0\x9f\x91\xa8\xf0\x9f\x8f\xbe",909},
{"\xf0\x9f\x91\xa8\xf0\x9f\x8f\xbb\xe2\x80\x8d\xf0\x9f\xab\xaf\xe2\x80\x8d\xf0\x9f\x91\xa8\xf0\x9f\x8f\xbf",910},
{"\xf0\x9f\x91\xa8\xf0\x9f\x8f\xbb\xef\xb8\x8f",924},
{"\xf0\x9f\x91\xa8\xf0\x9f\x8f\xbc",975},
{"\xf0\x9f\x91\xa8\xf0\x9f\x8f\xbc\xe2\x80\x8d\xe2\x9a\x95",962},
{"\xf0\x9f\x91\xa8\xf0\x9f\x8f\xbc\xe2\x80\x8d\xe2\x9a\x95\xef\xb8\x8f",962},
{"\xf0\x9f\x91\xa8\xf0\x9f\x8f\xbc\xe2\x80\x8d\xe2\x9a\x96",963},
{"\xf0\x9f\x91\xa8\xf0\x9f\x8f\xbc\xe2\x80\x8d\xe2\x9a\x96\xef\xb8\x8f",963},
{"\xf0\x9f\x91\xa8\xf0\x9f\x8f\xbc\xe2\x80\x8d\xe2\x9c\x88",964},
{"\xf0\x9f\x91\xa8\xf0\x9f\x8f\xbc\xe2\x80\x8d\xe2\x9c\x88\xef\xb8\x8f",964},
{"\xf0\x9f\x91\xa8\xf0\x9f\x8f\xbc\xe2\x80\x8d\xe2\x9d\xa4\xe2\x80\x8d\xf0\x9f\x91\xa8\xf0\x9f\x8f\xbb",965},
{"\xf0\x9f\x91\xa8\xf0\x9f\x8f\xbc\xe2\x80\x8d\xe2\x9d\xa4\xe2\x80\x8d\xf0\x9f\x91\xa8\xf0\x9f\x8f\xbc",966},
{"\xf0\x9f\x91\xa8\xf0\x9f\x8f\xbc\xe2\x80\x8d\xe2\x9d\xa4\xe2\x80\x8d\xf0\x9f\x91\xa8\xf0\x9f\x8f\xbd",967},
{"\xf0\x9f\x91\xa8\xf0\x9f\x8f\xbc\xe2\x80\x8d\xe2\x9d\xa4\xe2\x80\x8d\xf0\x9f\x91\xa8\xf0\x9f\x8f\xbe",968},
{"\xf0\x9f\x91\xa8\xf0\x9f\x8f\xbc\xe2\x80\x8d\xe2\x9d\xa4\xe2\x80\x8d\xf0\x9f\x91\xa8\xf0\x9f\x8f\xbf",969},
{"\xf0\x9f\x91\xa8\xf0\x9f\x8f\xbc\xe2\x80\x8d\xe2\x9d\xa4\xe2\x80\x8d\xf0\x9f\x92\x8b\xe2\x80\x8d\xf0\x9f\x91\xa8\xf0\x9f\x8f\xbb",970},
{"\xf0\x9f\x91\xa8\xf0\x9f\x8f\xbc\xe2\x80\x8d\xe2\x9d\xa4\xe2\x80\x8d\xf0\x9f\x92\x8b\xe2\x80\x8d\xf0\x9f\x91\xa8\xf0\x9f\x8f\xbc",971},
{"\xf0\x9f\x91\xa8\xf0\x9f\x8f\xbc\xe2\x80\x8d\xe2\x9d\xa4\xe2\x80\x8d\xf0\x9f\x92\x8b\xe2\x80\x8d\xf0\x9f\x91\xa8\xf0\x9f\x8f\xbd",972},
{"\xf0\x9f\x91\xa8\xf0\x9f\x8f\xbc\xe2\x80\x8d\xe2\x9d\xa4\xe2\x80\x8d\xf0\x9f\x92\x8b\xe2\x80\x8d\xf0\x9f\x91\xa8\xf0\x9f\x8f\xbe",973},
{"\xf0\x9f\x91\xa8\xf0\x9f\x8f\xbc\xe2\x80\x8d\xe2\x9d\xa4\xe2\x80\x8d\xf0\x9f\x92\x8b\xe2\x80\x8d\xf0\x9f\x91\xa8\xf0\x9f\x8f\xbf",974},
{"\xf0\x9f\x91\xa8\xf0\x9f\x8f\xbc\xe2\x80\x8d\xe2\x9d\xa4\xef\xb8\x8f\xe2\x80\x8d\xf0\x9f\x91\xa8\xf0\x9f\x8f\xbb",965},
{"\xf0\x9f\x91\xa8\xf0\x9f\x8f\xbc\xe2\x80\x8d\xe2\x9d\xa4\xef\xb8\x8f\xe2\x80\x8d\xf0\x9f\x91\xa8\xf0\x9f\x8f\xbc",966},
{"\xf0\x9f\x91\xa8\xf0\x9f\x8f\xbc\xe2\x80\x8d\xe2\x9d\xa4\xef\xb8\x8f\xe2\x80\x8d\xf0\x9f\x91\xa8\xf0\x9f\x8f\xbd",967},
{"\xf0\x9f\x91\xa8\xf0\x9f\x8f\xbc\xe2\x80\x8d\xe2\x9d\xa4\xef\xb8\x8f\xe2\x80\x8d\xf0\x9f\x91\xa8\xf0\x9f\x8f\xbe",968},
{"\xf0\x9f\x91\xa8\xf0\x9f\x8f\xbc\xe2\x80\x8d\xe2\x9d\xa4\xef\xb8\x8f\xe2\x80\x8d\xf0\x9f\x91\xa8\xf0\x9f\x8f\xbf",969},
{"\xf0\x9f\x91\xa8\xf0\x9f\x8f\xbc\xe2\x80\x8d\xe2\x9d\xa4\xef\xb8\x8f\xe2\x80\x8d\xf0\x9f\x92\x8b\xe2\x80\x8d\xf0\x9f\x91\xa8\xf0\x9f\x8f\xbb",970},
{"\xf0\x9f\x91\xa8\xf0\x9f\x8f\xbc\xe2\x80\x8d\xe2\x9d\xa4\xef\xb8\x8f\xe2\x80\x8d\xf0\x9f\x92\x8b\xe2\x80\x8d\xf0\x9f\x91\xa8\xf0\x9f\x8f\xbc",971},
{"\xf0\x9f\x91\xa8\xf0\x9f\x8f\xbc\xe2\x80\x8d\xe2\x9d\xa4\xef\xb8\x8f\xe2\x80\x8d\xf0\x9f\x92\x8b\xe2\x80\x8d\xf0\x9f\x91\xa8\xf0\x9f\x8f\xbd",972},
{"\xf0\x9f\x91\xa8\xf0\x9f\x8f\xbc\xe2\x80\x8d\xe2\x9d\xa4\xef\xb8\x8f\xe2\x80\x8d\xf0\x9f\x92\x8b\xe2\x80\x8d\xf0\x9f\x91\xa8\xf0\x9f\x8f\xbe",973},
{"\xf0\x9f\x91\xa8\xf0\x9f\x8f\xbc\xe2\x80\x8d\xe2\x9d\xa4\xef\xb8\x8f\xe2\x80\x8d\xf0\x9f\x92\x8b\xe2\x80\x8d\xf0\x9f\x91\xa8\xf0\x9f\x8f\xbf",974},
{"\xf0\x9f\x91\xa8\xf0\x9f\x8f\xbc\xe2\x80\x8d\xf0\x9f\x8c\xbe",925},
{"\xf0\x9f\x91\xa8\xf0\x9f\x8f\xbc\xe2\x80\x8d\xf0\x9f\x8d\xb3",926},
{"\xf0\x9f\x91\xa8\xf0\x9f\x8f\xbc\xe2\x80\x8d\xf0\x9f\x8d\xbc",927},
{"\xf0\x9f\x91\xa8\xf0\x9f\x8f\xbc\xe2\x80\x8d\xf0\x9f\x8e\x84",928},
{"\xf0\x9f\x91\xa8\xf0\x9f\x8f\xbc\xe2\x80\x8d\xf0\x9f\x8e\x93",929},
{"\xf0\x9f\x91\xa8\xf0\x9f\x8f\xbc\xe2\x80\x8d\xf0\x9f\x8e\xa4",930},
{"\xf0\x9f\x91\xa8\xf0\x9f\x8f\xbc\xe2\x80\x8d\xf0\x9f\x8e\xa8",931},
{"\xf0\x9f\x91\xa8\xf0\x9f\x8f\xbc\xe2\x80\x8d\xf0\x9f\x8f\xab",932},
{"\xf0\x9f\x91\xa8\xf0\x9f\x8f\xbc\xe2\x80\x8d\xf0\x9f\x8f\xad",933},
{"\xf0\x9f\x91\xa8\xf0\x9f\x8f\xbc\xe2\x80\x8d\xf0\x9f\x90\xb0\xe2\x80\x8d\xf0\x9f\x91\xa8\xf0\x9f\x8f\xbb",934},
{"\xf0\x9f\x91\xa8\xf0\x9f\x8f\xbc\xe2\x80\x8d\xf0\x9f\x90\xb0\xe2\x80\x8d\xf0\x9f\x91\xa8\xf0\x9f\x8f\xbd",935},
{"\xf0\x9f\x91\xa8\xf0\x9f\x8f\xbc\xe2\x80\x8d\xf0\x9f\x90\xb0\xe2\x80\x8d\xf0\x9f\x91\xa8\xf0\x9f\x8f\xbe",936},
{"\xf0\x9f\x91\xa8\xf0\x9f\x8f\xbc\xe2\x80\x8d\xf0\x9f\x90\xb0\xe2\x80\x8d\xf0\x9f\x91\xa8\xf0\x9f\x8f\xbf",937},
{"\xf0\x9f\x91\xa8\xf0\x9f\x8f\xbc\xe2\x80\x8d\xf0\x9f\x92\xbb",938},
{"\xf0\x9f\x91\xa8\xf0\x9f\x8f\xbc\xe2\x80\x8d\xf0\x9f\x92\xbc",939},
{"\xf0\x9f\x91\xa8\xf0\x9f\x8f\xbc\xe2\x80\x8d\xf0\x9f\x94\xa7",940},
{"\xf0\x9f\x91\xa8\xf0\x9f\x8f\xbc\xe2\x80\x8d\xf0\x9f\x94\xac",941},
{"\xf0\x9f\x91\xa8\xf0\x9f\x8f\xbc\xe2\x80\x8d\xf0\x9f\x9a\x80",942},
{"\xf0\x9f\x91\xa8\xf0\x9f\x8f\xbc\xe2\x80\x8d\xf0\x9f\x9a\x92",943},
{"\xf0\x9f\x91\xa8\xf0\x9f\x8f\xbc\xe2\x80\x8d\xf0\x9f\xa4\x9d\xe2\x80\x8d\xf0\x9f\x91\xa8\xf0\x9f\x8f\xbb",944},
{"\xf0\x9f\x91\xa8\xf0\x9f\x8f\xbc\xe2\x80\x8d\xf0\x9f\xa4\x9d\xe2\x80\x8d\xf0\x9f\x91\xa8\xf0\x9f\x8f\xbd",945},
{"\xf0\x9f\x91\xa8\xf0\x9f\x8f\xbc\xe2\x80\x8d\xf0\x9f\xa4\x9d\xe2\x80\x8d\xf0\x9f\x91\xa8\xf0\x9f\x8f\xbe",946},
{"\xf0\x9f\x91\xa8\xf0\x9f\x8f\xbc\xe2\x80\x8d\xf0\x9f\xa4\x9d\xe2\x80\x8d\xf0\x9f\x91\xa8\xf0\x9f\x8f\xbf",947},
{"\xf0\x9f\x91\xa8\xf0\x9f\x8f\xbc\xe2\x80\x8d\xf0\x9f\xa6\xaf",949},
{"\xf0\x9f\x91\xa8\xf0\x9f\x8f\xbc\xe2\x80\x8d\xf0\x9f\xa6\xaf\xe2\x80\x8d\xe2\x9e\xa1",948},
{"\xf0\x9f\x91\xa8\xf0\x9f\x8f\xbc\xe2\x80\x8d\xf0\x9f\xa6\xaf\xe2\x80\x8d\xe2\x9e\xa1\xef\xb8\x8f",948},
{"\xf0\x9f\x91\xa8\xf0\x9f\x8f\xbc\xe2\x80\x8d\xf0\x9f\xa6\xb0",950},
{"\xf0\x9f\x91\xa8\xf0\x9f\x8f\xbc\xe2\x80\x8d\xf0\x9f\xa6\xb1",951},
{"\xf0\x9f\x91\xa8\xf0\x9f\x8f\xbc\xe2\x80\x8d\xf0\x9f\xa6\xb2",952},
{"\xf0\x9f\x91\xa8\xf0\x9f\x8f\xbc\xe2\x80\x8d\xf0\x9f\xa6\xb3",953},
{"\xf0\x9f\x91\xa8\xf0\x9f\x8f\xbc\xe2\x80\x8d\xf0\x9f\xa6\xbc",955},
{"\xf0\x9f\x91\xa8\xf0\x9f\x8f\xbc\xe2\x80\x8d\xf0\x9f\xa6\xbc\xe2\x80\x8d\xe2\x9e\xa1",954},
{"\xf0\x9f\x91\xa8\xf0\x9f\x8f\xbc\xe2\x80\x8d\xf0\x9f\xa6\xbc\xe2\x80\x8d\xe2\x9e\xa1\xef\xb8\x8f",954},
{"\xf0\x9f\x91\xa8\xf0\x9f\x8f\xbc\xe2\x80\x8d\xf0\x9f\xa6\xbd",957},
{"\xf0\x9f\x91\xa8\xf0\x9f\x8f\xbc\xe2\x80\x8d\xf0\x9f\xa6\xbd\xe2\x80\x8d\xe2\x9e\xa1",956},
{"\xf0\x9f\x91\xa8\xf0\x9f\x8f\xbc\xe2\x80\x8d\xf0\x9f\xa6\xbd\xe2\x80\x8d\xe2\x9e\xa1\xef\xb8\x8f",956},
{"\xf0\x9f\x91\xa8\xf0\x9f\x8f\xbc\xe2\x80\x8d\xf0\x9f\xab\xaf\xe2\x80\x8d\xf0\x9f\x91\xa8\xf0\x9f\x8f\xbb",958},
{"\xf0\x9f\x91\xa8\xf0\x9f\x8f\xbc\xe2\x80\x8d\xf0\x9f\xab\xaf\xe2\x80\x8d\xf0\x9f\x91\xa8\xf0\x9f\x8f\xbd",959},
{"\xf0\x9f\x91\xa8\xf0\x9f\x8f\xbc\xe2\x80\x8d\xf0\x9f\xab\xaf\xe2\x80\x8d\xf0\x9f\x91\xa8\xf0\x9f\x8f\xbe",960},
{"\xf0\x9f\x91\xa8\xf0\x9f\x8f\xbc\xe2\x80\x8d\xf0\x9f\xab\xaf\xe2\x80\x8d\xf0\x9f\x91\xa8\xf0\x9f\x8f\xbf",961},
{"\xf0\x9f\x91\xa8\xf0\x9f\x8f\xbc\xef\xb8\x8f",975},
{"\xf0\x9f\x91\xa8\xf0\x9f\x8f\xbd",1026},
{"\xf0\x9f\x91\xa8\xf0\x9f\x8f\xbd\xe2\x80\x8d\xe2\x9a\x95",1013},
{"\xf0\x9f\x91\xa8\xf0\x9f\x8f\xbd\xe2\x80\x8d\xe2\x9a\x95\xef\xb8\x8f",1013},
{"\xf0\x9f\x91\xa8\xf0\x9f\x8f\xbd\xe2\x80\x8d\xe2\x9a\x96",1014},
{"\xf0\x9f\x91\xa8\xf0\x9f\x8f\xbd\xe2\x80\x8d\xe2\x9a\x96\xef\xb8\x8f",1014},
{"\xf0\x9f\x91\xa8\xf0\x9f\x8f\xbd\xe2\x80\x8d\xe2\x9c\x88",1015},
{"\xf0\x9f\x91\xa8\xf0\x9f\x8f\xbd\xe2\x80\x8d\xe2\x9c\x88\xef\xb8\x8f",1015},
{"\xf0\x9f\x91\xa8\xf0\x9f\x8f\xbd\xe2\x80\x8d\xe2\x9d\xa4\xe2\x80\x8d\xf0\x9f\x91\xa8\xf0\x9f\x8f\xbb",1016},
{"\xf0\x9f\x91\xa8\xf0\x9f\x8f\xbd\xe2\x80\x8d\xe2\x9d\xa4\xe2\x80\x8d\xf0\x9f\x91\xa8\xf0\x9f\x8f\xbc",1017},
{"\xf0\x9f\x91\xa8\xf0\x9f\x8f\xbd\xe2\x80\x8d\xe2\x9d\xa4\xe2\x80\x8d\xf0\x9f\x91\xa8\xf0\x9f\x8f\xbd",1018},
{"\xf0\x9f\x91\xa8\xf0\x9f\x8f\xbd\xe2\x80\x8d\xe2\x9d\xa4\xe2\x80\x8d\xf0\x9f\x91\xa8\xf0\x9f\x8f\xbe",1019},
{"\xf0\x9f\x91\xa8\xf0\x9f\x8f\xbd\xe2\x80\x8d\xe2\x9d\xa4\xe2\x80\x8d\xf0\x9f\x91\xa8\xf0\x9f\x8f\xbf",1020},
{"\xf0\x9f\x91\xa8\xf0\x9f\x8f\xbd\xe2\x80\x8d\xe2\x9d\xa4\xe2\x80\x8d\xf0\x9f\x92\x8b\xe2\x80\x8d\xf0\x9f\x91\xa8\xf0\x9f\x8f\xbb",1021},
{"\xf0\x9f\x91\xa8\xf0\x9f\x8f\xbd\xe2\x80\x8d\xe2\x9d\xa4\xe2\x80\x8d\xf0\x9f\x92\x8b\xe2\x80\x8d\xf0\x9f\x91\xa8\xf0\x9f\x8f\xbc",1022},
{"\xf0\x9f\x91\xa8\xf0\x9f\x8f\xbd\xe2\x80\x8d\xe2\x9d\xa4\xe2\x80\x8d\xf0\x9f\x92\x8b\xe2\x80\x8d\xf0\x9f\x91\xa8\xf0\x9f\x8f\xbd",1023},
{"\xf0\x9f\x91\xa8\xf0\x9f\x8f\xbd\xe2\x80\x8d\xe2\x9d\xa4\xe2\x80\x8d\xf0\x9f\x92\x8b\xe2\x80\x8d\xf0\x9f\x91\xa8\xf0\x9f\x8f\xbe",1024},
{"\xf0\x9f\x91\xa8\xf0\x9f\x8f\xbd\xe2\x80\x8d\xe2\x9d\xa4\xe2\x80\x8d\xf0\x9f\x92\x8b\xe2\x80\x8d\xf0\x9f\x91\xa8\xf0\x9f\x8f\xbf",1025},
{"\xf0\x9f\x91\xa8\xf0\x9f\x8f\xbd\xe2\x80\x8d\xe2\x9d\xa4\xef\xb8\x8f\xe2\x80\x8d\xf0\x9f\x91\xa8\xf0\x9f\x8f\xbb",1016},
{"\xf0\x9f\x91\xa8\xf0\x9f\x8f\xbd\xe2\x80\x8d\xe2\x9d\xa4\xef\xb8\x8f\xe2\x80\x8d\xf0\x9f\x91\xa8\xf0\x9f\x8f\xbc",1017},
{"\xf0\x9f\x91\xa8\xf0\x9f\x8f\xbd\xe2\x80\x8d\xe2\x9d\xa4\xef\xb8\x8f\xe2\x80\x8d\xf0\x9f\x91\xa8\xf0\x9f\x8f\xbd",1018},
{"\xf0\x9f\x91\xa8\xf0\x9f\x8f\xbd\xe2\x80\x8d\xe2\x9d\xa4\xef\xb8\x8f\xe2\x80\x8d\xf0\x9f\x91\xa8\xf0\x9f\x8f\xbe",1019},
{"\xf0\x9f\x91\xa8\xf0\x9f\x8f\xbd\xe2\x80\x8d\xe2\x9d\xa4\xef\xb8\x8f\xe2\x80\x8d\xf0\x9f\x91\xa8\xf0\x9f\x8f\xbf",1020},
{"\xf0\x9f\x91\xa8\xf0\x9f\x8f\xbd\xe2\x80\x8d\xe2\x9d\xa4\xef\xb8\x8f\xe2\x80\x8d\xf0\x9f\x92\x8b\xe2\x80\x8d\xf0\x9f\x91\xa8\xf0\x9f\x8f\xbb",1021},
{"\xf0\x9f\x91\xa8\xf0\x9f\x8f\xbd\xe2\x80\x8d\xe2\x9d\xa4\xef\xb8\x8f\xe2\x80\x8d\xf0\x9f\x92\x8b\xe2\x80\x8d\xf0\x9f\x91\xa8\xf0\x9f\x8f\xbc",1022},
{"\xf0\x9f\x91\xa8\xf0\x9f\x8f\xbd\xe2\x80\x8d\xe2\x9d\xa4\xef\xb8\x8f\xe2\x80\x8d\xf0\x9f\x92\x8b\xe2\x80\x8d\xf0\x9f\x91\xa8\xf0\x9f\x8f\xbd",1023},
{"\xf0\x9f\x91\xa8\xf0\x9f\x8f\xbd\xe2\x80\x8d\xe2\x9d\xa4\xef\xb8\x8f\xe2\x80\x8d\xf0\x9f\x92\x8b\xe2\x80\x8d\xf0\x9f\x91\xa8\xf0\x9f\x8f\xbe",1024},
{"\xf0\x9f\x91\xa8\xf0\x9f\x8f\xbd\xe2\x80\x8d\xe2\x9d\xa4\xef\xb8\x8f\xe2\x80\x8d\xf0\x9f\x92\x8b\xe2\x80\x8d\xf0\x9f\x91\xa8\xf0\x9f\x8f\xbf",1025},
{"\xf0\x9f\x91\xa8\xf0\x9f\x8f\xbd\xe2\x80\x8d\xf0\x9f\x8c\xbe",976},
{"\xf0\x9f\x91\xa8\xf0\x9f\x8f\xbd\xe2\x80\x8d\xf0\x9f\x8d\xb3",977},
{"\xf0\x9f\x91\xa8\xf0\x9f\x8f\xbd\xe2\x80\x8d\xf0\x9f\x8d\xbc",978},
{"\xf0\x9f\x91\xa8\xf0\x9f\x8f\xbd\xe2\x80\x8d\xf0\x9f\x8e\x84",979},
{"\xf0\x9f\x91\xa8\xf0\x9f\x8f\xbd\xe2\x80\x8d\xf0\x9f\x8e\x93",980},
{"\xf0\x9f\x91\xa8\xf0\x9f\x8f\xbd\xe2\x80\x8d\xf0\x9f\x8e\xa4",981},
{"\xf0\x9f\x91\xa8\xf0\x9f\x8f\xbd\xe2\x80\x8d\xf0\x9f\x8e\xa8",982},
{"\xf0\x9f\x91\xa8\xf0\x9f\x8f\xbd\xe2\x80\x8d\xf0\x9f\x8f\xab",983},
{"\xf0\x9f\x91\xa8\xf0\x9f\x8f\xbd\xe2\x80\x8d\xf0\x9f\x8f\xad",984},
{"\xf0\x9f\x91\xa8\xf0\x9f\x8f\xbd\xe2\x80\x8d\xf0\x9f\x90\xb0\xe2\x80\x8d\xf0\x9f\x91\xa8\xf0\x9f\x8f\xbb",985},
{"\xf0\x9f\x91\xa8\xf0\x9f\x8f\xbd\xe2\x80\x8d\xf0\x9f\x90\xb0\xe2\x80\x8d\xf0\x9f\x91\xa8\xf0\x9f\x8f\xbc",986},
{"\xf0\x9f\x91\xa8\xf0\x9f\x8f\xbd\xe2\x80\x8d\xf0\x9f\x90\xb0\xe2\x80\x8d\xf0\x9f\x91\xa8\xf0\x9f\x8f\xbe",987},
{"\xf0\x9f\x91\xa8\xf0\x9f\x8f\xbd\xe2\x80\x8d\xf0\x9f\x90\xb0\xe2\x80\x8d\xf0\x9f\x91\xa8\xf0\x9f\x8f\xbf",988},
{"\xf0\x9f\x91\xa8\xf0\x9f\x8f\xbd\xe2\x80\x8d\xf0\x9f\x92\xbb",989},
{"\xf0\x9f\x91\xa8\xf0\x9f\x8f\xbd\xe2\x80\x8d\xf0\x9f\x92\xbc",990},
{"\xf0\x9f\x91\xa8\xf0\x9f\x8f\xbd\xe2\x80\x8d\xf0\x9f\x94\xa7",991},
{"\xf0\x9f\x91\xa8\xf0\x9f\x8f\xbd\xe2\x80\x8d\xf0\x9f\x94\xac",992},
{"\xf0\x9f\x91\xa8\xf0\x9f\x8f\xbd\xe2\x80\x8d\xf0\x9f\x9a\x80",993},
{"\xf0\x9f\x91\xa8\xf0\x9f\x8f\xbd\xe2\x80\x8d\xf0\x9f\x9a\x92",994},
{"\xf0\x9f\x91\xa8\xf0\x9f\x8f\xbd\xe2\x80\x8d\xf0\x9f\xa4\x9d\xe2\x80\x8d\xf0\x9f\x91\xa8\xf0\x9f\x8f\xbb",995},
{"\xf0\x9f\x91\xa8\xf0\x9f\x8f\xbd\xe2\x80\x8d\xf0\x9f\xa4\x9d\xe2\x80\x8d\xf0\x9f\x91\xa8\xf0\x9f\x8f\xbc",996},
{"\xf0\x9f\x91\xa8\xf0\x9f\x8f\xbd\xe2\x80\x8d\xf0\x9f\xa4\x9d\xe2\x80\x8d\xf0\x9f\x91\xa8\xf0\x9f\x8f\xbe",997},
{"\xf0\x9f\x91\xa8\xf0\x9f\x8f\xbd\xe2\x80\x8d\xf0\x9f\xa4\x9d\xe2\x80\x8d\xf0\x9f\x91\xa8\xf0\x9f\x8f\xbf",998},
{"\xf0\x9f\x91\xa8\xf0\x9f\x8f\xbd\xe2\x80\x8d\xf0\x9f\xa6\xaf",1000},
{"\xf0\x9f\x91\xa8\xf0\x9f\x8f\xbd\xe2\x80\x8d\xf0\x9f\xa6\xaf\xe2\x80\x8d\xe2\x9e\xa1",999},
{"\xf0\x9f\x91\xa8\xf0\x9f\x8f\xbd\xe2\x80\x8d\xf0\x9f\xa6\xaf\xe2\x80\x8d\xe2\x9e\xa1\xef\xb8\x8f",999},
{"\xf0\x9f\x91\xa8\xf0\x9f\x8f\xbd\xe2\x80\x8d\xf0\x9f\xa6\xb0",1001},
{"\xf0\x9f\x91\xa8\xf0\x9f\x8f\xbd\xe2\x80\x8d\xf0\x9f\xa6\xb1",1002},
{"\xf0\x9f\x91\xa8\xf0\x9f\x8f\xbd\xe2\x80\x8d\xf0\x9f\xa6\xb2",1003},
{"\xf0\x9f\x91\xa8\xf0\x9f\x8f\xbd\xe2\x80\x8d\xf0\x9f\xa6\xb3",1004},
{"\xf0\x9f\x91\xa8\xf0\x9f\x8f\xbd\xe2\x80\x8d\xf0\x9f\xa6\xbc",1006},
{"\xf0\x9f\x91\xa8\xf0\x9f\x8f\xbd\xe2\x80\x8d\xf0\x9f\xa6\xbc\xe2\x80\x8d\xe2\x9e\xa1",1005},
{"\xf0\x9f\x91\xa8\xf0\x9f\x8f\xbd\xe2\x80\x8d\xf0\x9f\xa6\xbc\xe2\x80\x8d\xe2\x9e\xa1\xef\xb8\x8f",1005},
{"\xf0\x9f\x91\xa8\xf0\x9f\x8f\xbd\xe2\x80\x8d\xf0\x9f\xa6\xbd",1008},
{"\xf0\x9f\x91\xa8\xf0\x9f\x8f\xbd\xe2\x80\x8d\xf0\x9f\xa6\xbd\xe2\x80\x8d\xe2\x9e\xa1",1007},
{"\xf0\x9f\x91\xa8\xf0\x9f\x8f\xbd\xe2\x80\x8d\xf0\x9f\xa6\xbd\xe2\x80\x8d\xe2\x9e\xa1\xef\xb8\x8f",1007},
{"\xf0\x9f\x91\xa8\xf0\x9f\x8f\xbd\xe2\x80\x8d\xf0\x9f\xab\xaf\xe2\x80\x8d\xf0\x9f\x91\xa8\xf0\x9f\x8f\xbb",1009},
{"\xf0\x9f\x91\xa8\xf0\x9f\x8f\xbd\xe2\x80\x8d\xf0\x9f\xab\xaf\xe2\x80\x8d\xf0\x9f\x91\xa8\xf0\x9f\x8f\xbc",1010},
{"\xf0\x9f\x91\xa8\xf0\x9f\x8f\xbd\xe2\x80\x8d\xf0\x9f\xab\xaf\xe2\x80\x8d\xf0\x9f\x91\xa8\xf0\x9f\x8f\xbe",1011},
{"\xf0\x9f\x91\xa8\xf0\x9f\x8f\xbd\xe2\x80\x8d\xf0\x9f\xab\xaf\xe2\x80\x8d\xf0\x9f\x91\xa8\xf0\x9f\x8f\xbf",1012},
{"\xf0\x9f\x91\xa8\xf0\x9f\x8f\xbd\xef\xb8\x8f",1026},
{"\xf0\x9f\x91\xa8\xf0\x9f\x8f\xbe",1077},
{"\xf0\x9f\x91\xa8\xf0\x9f\x8f\xbe\xe2\x80\x8d\xe2\x9a\x95",1064},
{"\xf0\x9f\x91\xa8\xf0\x9f\x8f\xbe\xe2\x80\x8d\xe2\x9a\x95\xef\xb8\x8f",1064},
{"\xf0\x9f\x91\xa8\xf0\x9f\x8f\xbe\xe2\x80\x8d\xe2\x9a\x96",1065},
{"\xf0\x9f\x91\xa8\xf0\x9f\x8f\xbe\xe2\x80\x8d\xe2\x9a\x96\xef\xb8\x8f",1065},
{"\xf0\x9f\x91\xa8\xf0\x9f\x8f\xbe\xe2\x80\x8d\xe2\x9c\x88",1066},
{"\xf0\x9f\x91\xa8\xf0\x9f\x8f\xbe\xe2\x80\x8d\xe2\x9c\x88\xef\xb8\x8f",1066},
{"\xf0\x9f\x91\xa8\xf0\x9f\x8f\xbe\xe2\x80\x8d\xe2\x9d\xa4\xe2\x80\x8d\xf0\x9f\x91\xa8\xf0\x9f\x8f\xbb",1067},
{"\xf0\x9f\x91\xa8\xf0\x9f\x8f\xbe\xe2\x80\x8d\xe2\x9d\xa4\xe2\x80\x8d\xf0\x9f\x91\xa8\xf0\x9f\x8f\xbc",1068},
{"\xf0\x9f\x91\xa8\xf0\x9f\x8f\xbe\xe2\x80\x8d\xe2\x9d\xa4\xe2\x80\x8d\xf0\x9f\x91\xa8\xf0\x9f\x8f\xbd",1069},
{"\xf0\x9f\x91\xa8\xf0\x9f\x8f\xbe\xe2\x80\x8d\xe2\x9d\xa4\xe2\x80\x8d\xf0\x9f\x91\xa8\xf0\x9f\x8f\xbe",1070},
{"\xf0\x9f\x91\xa8\xf0\x9f\x8f\xbe\xe2\x80\x8d\xe2\x9d\xa4\xe2\x80\x8d\xf0\x9f\x91\xa8\xf0\x9f\x8f\xbf",1071},
{"\xf0\x9f\x91\xa8\xf0\x9f\x8f\xbe\xe2\x80\x8d\xe2\x9d\xa4\xe2\x80\x8d\xf0\x9f\x92\x8b\xe2\x80\x8d\xf0\x9f\x91\xa8\xf0\x9f\x8f\xbb",1072},
{"\xf0\x9f\x91\xa8\xf0\x9f\x8f\xbe\xe2\x80\x8d\xe2\x9d\xa4\xe2\x80\x8d\xf0\x9f\x92\x8b\xe2\x80\x8d\xf0\x9f\x91\xa8\xf0\x9f\x8f\xbc",1073},
{"\xf0\x9f\x91\xa8\xf0\x9f\x8f\xbe\xe2\x80\x8d\xe2\x9d\xa4\xe2\x80\x8d\xf0\x9f\x92\x8b\xe2\x80\x8d\xf0\x9f\x91\xa8\xf0\x9f\x8f\xbd",1074},
{"\xf0\x9f\x91\xa8\xf0\x9f\x8f\xbe\xe2\x80\x8d\xe2\x9d\xa4\xe2\x80\x8d\xf0\x9f\x92\x8b\xe2\x80\x8d\xf0\x9f\x91\xa8\xf0\x9f\x8f\xbe",1075},
{"\xf0\x9f\x91\xa8\xf0\x9f\x8f\xbe\xe2\x80\x8d\xe2\x9d\xa4\xe2\x80\x8d\xf0\x9f\x92\x8b\xe2\x80\x8d\xf0\x9f\x91\xa8\xf0\x9f\x8f\xbf",1076},
{"\xf0\x9f\x91\xa8\xf0\x9f\x8f\xbe\xe2\x80\x8d\xe2\x9d\xa4\xef\xb8\x8f\xe2\x80\x8d\xf0\x9f\x91\xa8\xf0\x9f\x8f\xbb",1067},
{"\xf0\x9f\x91\xa8\xf0\x9f\x8f\xbe\xe2\x80\x8d\xe2\x9d\xa4\xef\xb8\x8f\xe2\x80\x8d\xf0\x9f\x91\xa8\xf0\x9f\x8f\xbc",1068},
{"\xf0\x9f\x91\xa8\xf0\x9f\x8f\xbe\xe2\x80\x8d\xe2\x9d\xa4\xef\xb8\x8f\xe2\x80\x8d\xf0\x9f\x91\xa8\xf0\x9f\x8f\xbd",1069},
{"\xf0\x9f\x91\xa8\xf0\x9f\x8f\xbe\xe2\x80\x8d\xe2\x9d\xa4\xef\xb8\x8f\xe2\x80\x8d\xf0\x9f\x91\xa8\xf0\x9f\x8f\xbe",1070},
{"\xf0\x9f\x91\xa8\xf0\x9f\x8f\xbe\xe2\x80\x8d\xe2\x9d\xa4\xef\xb8\x8f\xe2\x80\x8d\xf0\x9f\x91\xa8\xf0\x9f\x8f\xbf",1071},
{"\xf0\x9f\x91\xa8\xf0\x9f\x8f\xbe\xe2\x80\x8d\xe2\x9d\xa4\xef\xb8\x8f\xe2\x80\x8d\xf0\x9f\x92\x8b\xe2\x80\x8d\xf0\x9f\x91\xa8\xf0\x9f\x8f\xbb",1072},
{"\xf0\x9f\x91\xa8\xf0\x9f\x8f\xbe\xe2\x80\x8d\xe2\x9d\xa4\xef\xb8\x8f\xe2\x80\x8d\xf0\x9f\x92\x8b\xe2\x80\x8d\xf0\x9f\x91\xa8\xf0\x9f\x8f\xbc",1073},
{"\xf0\x9f\x91\xa8\xf0\x9f\x8f\xbe\xe2\x80\x8d\xe2\x9d\xa4\xef\xb8\x8f\xe2\x80\x8d\xf0\x9f\x92\x8b\xe2\x80\x8d\xf0\x9f\x91\xa8\xf0\x9f\x8f\xbd",1074},
{"\xf0\x9f\x91\xa8\xf0\x9f\x8f\xbe\xe2\x80\x8d\xe2\x9d\xa4\xef\xb8\x8f\xe2\x80\x8d\xf0\x9f\x92\x8b\xe2\x80\x8d\xf0\x9f\x91\xa8\xf0\x9f\x8f\xbe",1075},
{"\xf0\x9f\x91\xa8\xf0\x9f\x8f\xbe\xe2\x80\x8d\xe2\x9d\xa4\xef\xb8\x8f\xe2\x80\x8d\xf0\x9f\x92\x8b\xe2\x80\x8d\xf0\x9f\x91\xa8\xf0\x9f\x8f\xbf",1076},
{"\xf0\x9f\x91\xa8\xf0\x9f\x8f\xbe\xe2\x80\x8d\xf0\x9f\x8c\xbe",1027},
{"\xf0\x9f\x91\xa8\xf0\x9f\x8f\xbe\xe2\x80\x8d\xf0\x9f\x8d\xb3",1028},
{"\xf0\x9f\x91\xa8\xf0\x9f\x8f\xbe\xe2\x80\x8d\xf0\x9f\x8d\xbc",1029},
{"\xf0\x9f\x91\xa8\xf0\x9f\x8f\xbe\xe2\x80\x8d\xf0\x9f\x8e\x84",1030},
{"\xf0\x9f\x91\xa8\xf0\x9f\x8f\xbe\xe2\x80\x8d\xf0\x9f\x8e\x93",1031},
{"\xf0\x9f\x91\xa8\xf0\x9f\x8f\xbe\xe2\x80\x8d\xf0\x9f\x8e\xa4",1032},
{"\xf0\x9f\x91\xa8\xf0\x9f\x8f\xbe\xe2\x80\x8d\xf0\x9f\x8e\xa8",1033},
{"\xf0\x9f\x91\xa8\xf0\x9f\x8f\xbe\xe2\x80\x8d\xf0\x9f\x8f\xab",1034},
{"\xf0\x9f\x91\xa8\xf0\x9f\x8f\xbe\xe2\x80\x8d\xf0\x9f\x8f\xad",1035},
{"\xf0\x9f\x91\xa8\xf0\x9f\x8f\xbe\xe2\x80\x8d\xf0\x9f\x90\xb0\xe2\x80\x8d\xf0\x9f\x91\xa8\xf0\x9f\x8f\xbb",1036},
{"\xf0\x9f\x91\xa8\xf0\x9f\x8f\xbe\xe2\x80\x8d\xf0\x9f\x90\xb0\xe2\x80\x8d\xf0\x9f\x91\xa8\xf0\x9f\x8f\xbc",1037},
{"\xf0\x9f\x91\xa8\xf0\x9f\x8f\xbe\xe2\x80\x8d\xf0\x9f\x90\xb0\xe2\x80\x8d\xf0\x9f\x91\xa8\xf0\x9f\x8f\xbd",1038},
{"\xf0\x9f\x91\xa8\xf0\x9f\x8f\xbe\xe2\x80\x8d\xf0\x9f\x90\xb0\xe2\x80\x8d\xf0\x9f\x91\xa8\xf0\x9f\x8f\xbf",1039},
{"\xf0\x9f\x91\xa8\xf0\x9f\x8f\xbe\xe2\x80\x8d\xf0\x9f\x92\xbb",1040},
{"\xf0\x9f\x91\xa8\xf0\x9f\x8f\xbe\xe2\x80\x8d\xf0\x9f\x92\xbc",1041},
{"\xf0\x9f\x91\xa8\xf0\x9f\x8f\xbe\xe2\x80\x8d\xf0\x9f\x94\xa7",1042},
{"\xf0\x9f\x91\xa8\xf0\x9f\x8f\xbe\xe2\x80\x8d\xf0\x9f\x94\xac",1043},
{"\xf0\x9f\x91\xa8\xf0\x9f\x8f\xbe\xe2\x80\x8d\xf0\x9f\x9a\x80",1044},
{"\xf0\x9f\x91\xa8\xf0\x9f\x8f\xbe\xe2\x80\x8d\xf0\x9f\x9a\x92",1045},
{"\xf0\x9f\x91\xa8\xf0\x9f\x8f\xbe\xe2\x80\x8d\xf0\x9f\xa4\x9d\xe2\x80\x8d\xf0\x9f\x91\xa8\xf0\x9f\x8f\xbb",1046},
{"\xf0\x9f\x91\xa8\xf0\x9f\x8f\xbe\xe2\x80\x8d\xf0\x9f\xa4\x9d\xe2\x80\x8d\xf0\x9f\x91\xa8\xf0\x9f\x8f\xbc",1047},
{"\xf0\x9f\x91\xa8\xf0\x9f\x8f\xbe\xe2\x80\x8d\xf0\x9f\xa4\x9d\xe2\x80\x8d\xf0\x9f\x91\xa8\xf0\x9f\x8f\xbd",1048},
{"\xf0\x9f\x91\xa8\xf0\x9f\x8f\xbe\xe2\x80\x8d\xf0\x9f\xa4\x9d\xe2\x80\x8d\xf0\x9f\x91\xa8\xf0\x9f\x8f\xbf",1049},
{"\xf0\x9f\x91\xa8\xf0\x9f\x8f\xbe\xe2\x80\x8d\xf0\x9f\xa6\xaf",1051},
{"\xf0\x9f\x91\xa8\xf0\x9f\x8f\xbe\xe2\x80\x8d\xf0\x9f\xa6\xaf\xe2\x80\x8d\xe2\x9e\xa1",1050},
{"\xf0\x9f\x91\xa8\xf0\x9f\x8f\xbe\xe2\x80\x8d\xf0\x9f\xa6\xaf\xe2\x80\x8d\xe2\x9e\xa1\xef\xb8\x8f",1050},
{"\xf0\x9f\x91\xa8\xf0\x9f\x8f\xbe\xe2\x80\x8d\xf0\x9f\xa6\xb0",1052},
{"\xf0\x9f\x91\xa8\xf0\x9f\x8f\xbe\xe2\x80\x8d\xf0\x9f\xa6\xb1",1053},
{"\xf0\x9f\x91\xa8\xf0\x9f\x8f\xbe\xe2\x80\x8d\xf0\x9f\xa6\xb2",1054},
{"\xf0\x9f\x91\xa8\xf0\x9f\x8f\xbe\xe2\x80\x8d\xf0\x9f\xa6\xb3",1055},
{"\xf0\x9f\x91\xa8\xf0\x9f\x8f\xbe\xe2\x80\x8d\xf0\x9f\xa6\xbc",1057},
{"\xf0\x9f\x91\xa8\xf0\x9f\x8f\xbe\xe2\x80\x8d\xf0\x9f\xa6\xbc\xe2\x80\x8d\xe2\x9e\xa1",1056},
{"\xf0\x9f\x91\xa8\xf0\x9f\x8f\xbe\xe2\x80\x8d\xf0\x9f\xa6\xbc\xe2\x80\x8d\xe2\x9e\xa1\xef\xb8\x8f",1056},
{"\xf0\x9f\x91\xa8\xf0\x9f\x8f\xbe\xe2\x80\x8d\xf0\x9f\xa6\xbd",1059},
{"\xf0\x9f\x91\xa8\xf0\x9f\x8f\xbe\xe2\x80\x8d\xf0\x9f\xa6\xbd\xe2\x80\x8d\xe2\x9e\xa1",1058},
{"\xf0\x9f\x91\xa8\xf0\x9f\x8f\xbe\xe2\x80\x8d\xf0\x9f\xa6\xbd\xe2\x80\x8d\xe2\x9e\xa1\xef\xb8\x8f",1058},
{"\xf0\x9f\x91\xa8\xf0\x9f\x8f\xbe\xe2\x80\x8d\xf0\x9f\xab\xaf\xe2\x80\x8d\xf0\x9f\x91\xa8\xf0\x9f\x8f\xbb",1060},
{"\xf0\x9f\x91\xa8\xf0\x9f\x8f\xbe\xe2\x80\x8d\xf0\x9f\xab\xaf\xe2\x80\x8d\xf0\x9f\x91\xa8\xf0\x9f\x8f\xbc",1061},
{"\xf0\x9f\x91\xa8\xf0\x9f\x8f\xbe\xe2\x80\x8d\xf0\x9f\xab\xaf\xe2\x80\x8d\xf0\x9f\x91\xa8\xf0\x9f\x8f\xbd",1062},
{"\xf0\x9f\x91\xa8\xf0\x9f\x8f\xbe\xe2\x80\x8d\xf0\x9f\xab\xaf\xe2\x80\x8d\xf0\x9f\x91\xa8\xf0\x9f\x8f\xbf",1063},
{"\xf0\x9f\x91\xa8\xf0\x9f\x8f\xbe\xef\xb8\x8f",1077},
{"\xf0\x9f\x91\xa8\xf0\x9f\x8f\xbf",1128},
{"\xf0\x9f\x91\xa8\xf0\x9f\x8f\xbf\xe2\x80\x8d\xe2\x9a\x95",1115},
{"\xf0\x9f\x91\xa8\xf0\x9f\x8f\xbf\xe2\x80\x8d\xe2\x9a\x95\xef\xb8\x8f",1115},
{"\xf0\x9f\x91\xa8\xf0\x9f\x8f\xbf\xe2\x80\x8d\xe2\x9a\x96",1116},
{"\xf0\x9f\x91\xa8\xf0\x9f\x8f\xbf\xe2\x80\x8d\xe2\x9a\x96\xef\xb8\x8f",1116},
{"\xf0\x9f\x91\xa8\xf0\x9f\x8f\xbf\xe2\x80\x8d\xe2\x9c\x88",1117},
{"\xf0\x9f\x91\xa8\xf0\x9f\x8f\xbf\xe2\x80\x8d\xe2\x9c\x88\xef\xb8\x8f",1117},
{"\xf0\x9f\x91\xa8\xf0\x9f\x8f\xbf\xe2\x80\x8d\xe2\x9d\xa4\xe2\x80\x8d\xf0\x9f\x91\xa8\xf0\x9f\x8f\xbb",1118},
{"\xf0\x9f\x91\xa8\xf0\x9f\x8f\xbf\xe2\x80\x8d\xe2\x9d\xa4\xe2\x80\x8d\xf0\x9f\x91\xa8\xf0\x9f\x8f\xbc",1119},
{"\xf0\x9f\x91\xa8\xf0\x9f\x8f\xbf\xe2\x80\x8d\xe2\x9d\xa4\xe2\x80\x8d\xf0\x9f\x91\xa8\xf0\x9f\x8f\xbd",1120},
{"\xf0\x9f\x91\xa8\xf0\x9f\x8f\xbf\xe2\x80\x8d\xe2\x9d\xa4\xe2\x80\x8d\xf0\x9f\x91\xa8\xf0\x9f\x8f\xbe",1121},
{"\xf0\x9f\x91\xa8\xf0\x9f\x8f\xbf\xe2\x80\x8d\xe2\x9d\xa4\xe2\x80\x8d\xf0\x9f\x91\xa8\xf0\x9f\x8f\xbf",1122},
{"\xf0\x9f\x91\xa8\xf0\x9f\x8f\xbf\xe2\x80\x8d\xe2\x9d\xa4\xe2\x80\x8d\xf0\x9f\x92\x8b\xe2\x80\x8d\xf0\x9f\x91\xa8\xf0\x9f\x8f\xbb",1123},
{"\xf0\x9f\x91\xa8\xf0\x9f\x8f\xbf\xe2\x80\x8d\xe2\x9d\xa4\xe2\x80\x8d\xf0\x9f\x92\x8b\xe2\x80\x8d\xf0\x9f\x91\xa8\xf0\x9f\x8f\xbc",1124},
{"\xf0\x9f\x91\xa8\xf0\x9f\x8f\xbf\xe2\x80\x8d\xe2\x9d\xa4\xe2\x80\x8d\xf0\x9f\x92\x8b\xe2\x80\x8d\xf0\x9f\x91\xa8\xf0\x9f\x8f\xbd",1125},
{"\xf0\x9f\x91\xa8\xf0\x9f\x8f\xbf\xe2\x80\x8d\xe2\x9d\xa4\xe2\x80\x8d\xf0\x9f\x92\x8b\xe2\x80\x8d\xf0\x9f\x91\xa8\xf0\x9f\x8f\xbe",1126},
{"\xf0\x9f\x91\xa8\xf0\x9f\x8f\xbf\xe2\x80\x8d\xe2\x9d\xa4\xe2\x80\x8d\xf0\x9f\x92\x8b\xe2\x80\x8d\xf0\x9f\x91\xa8\xf0\x9f\x8f\xbf",1127},
{"\xf0\x9f\x91\xa8\xf0\x9f\x8f\xbf\xe2\x80\x8d\xe2\x9d\xa4\xef\xb8\x8f\xe2\x80\x8d\xf0\x9f\x91\xa8\xf0\x9f\x8f\xbb",1118},
{"\xf0\x9f\x91\xa8\xf0\x9f\x8f\xbf\xe2\x80\x8d\xe2\x9d\xa4\xef\xb8\x8f\xe2\x80\x8d\xf0\x9f\x91\xa8\xf0\x9f\x8f\xbc",1119},
{"\xf0\x9f\x91\xa8\xf0\x9f\x8f\xbf\xe2\x80\x8d\xe2\x9d\xa4\xef\xb8\x8f\xe2\x80\x8d\xf0\x9f\x91\xa8\xf0\x9f\x8f\xbd",1120},
{"\xf0\x9f\x91\xa8\xf0\x9f\x8f\xbf\xe2\x80\x8d\xe2\x9d\xa4\xef\xb8\x8f\xe2\x80\x8d\xf0\x9f\x91\xa8\xf0\x9f\x8f\xbe",1121},
{"\xf0\x9f\x91\xa8\xf0\x9f\x8f\xbf\xe2\x80\x8d\xe2\x9d\xa4\xef\xb8\x8f\xe2\x80\x8d\xf0\x9f\x91\xa8\xf0\x9f\x8f\xbf",1122},
{"\xf0\x9f\x91\xa8\xf0\x9f\x8f\xbf\xe2\x80\x8d\xe2\x9d\xa4\xef\xb8\x8f\xe2\x80\x8d\xf0\x9f\x92\x8b\xe2\x80\x8d\xf0\x9f\x91\xa8\xf0\x9f\x8f\xbb",1123},
{"\xf0\x9f\x91\xa8\xf0\x9f\x8f\xbf\xe2\x80\x8d\xe2\x9d\xa4\xef\xb8\x8f\xe2\x80\x8d\xf0\x9f\x92\x8b\xe2\x80\x8d\xf0\x9f\x91\xa8\xf0\x9f\x8f\xbc",1124},
{"\xf0\x9f\x91\xa8\xf0\x9f\x8f\xbf\xe2\x80\x8d\xe2\x9d\xa4\xef\xb8\x8f\xe2\x80\x8d\xf0\x9f\x92\x8b\xe2\x80\x8d\xf0\x9f\x91\xa8\xf0\x9f\x8f\xbd",1125},
{"\xf0\x9f\x91\xa8\xf0\x9f\x8f\xbf\xe2\x80\x8d\xe2\x9d\xa4\xef\xb8\x8f\xe2\x80\x8d\xf0\x9f\x92\x8b\xe2\x80\x8d\xf0\x9f\x91\xa8\xf0\x9f\x8f\xbe",1126},
{"\xf0\x9f\x91\xa8\xf0\x9f\x8f\xbf\xe2\x80\x8d\xe2\x9d\xa4\xef\xb8\x8f\xe2\x80\x8d\xf0\x9f\x92\x8b\xe2\x80\x8d\xf0\x9f\x91\xa8\xf0\x9f\x8f\xbf",1127},
{"\xf0\x9f\x91\xa8\xf0\x9f\x8f\xbf\xe2\x80\x8d\xf0\x9f\x8c\xbe",1078},
{"\xf0\x9f\x91\xa8\xf0\x9f\x8f\xbf\xe2\x80\x8d\xf0\x9f\x8d\xb3",1079},
{"\xf0\x9f\x91\xa8\xf0\x9f\x8f\xbf\xe2\x80\x8d\xf0\x9f\x8d\xbc",1080},
{"\xf0\x9f\x91\xa8\xf0\x9f\x8f\xbf\xe2\x80\x8d\xf0\x9f\x8e\x84",1081},
{"\xf0\x9f\x91\xa8\xf0\x9f\x8f\xbf\xe2\x80\x8d\xf0\x9f\x8e\x93",1082},
{"\xf0\x9f\x91\xa8\xf0\x9f\x8f\xbf\xe2\x80\x8d\xf0\x9f\x8e\xa4",1083},
{"\xf0\x9f\x91\xa8\xf0\x9f\x8f\xbf\xe2\x80\x8d\xf0\x9f\x8e\xa8",1084},
{"\xf0\x9f\x91\xa8\xf0\x9f\x8f\xbf\xe2\x80\x8d\xf0\x9f\x8f\xab",1085},
{"\xf0\x9f\x91\xa8\xf0\x9f\x8f\xbf\xe2\x80\x8d\xf0\x9f\x8f\xad",1086},
{"\xf0\x9f\x91\xa8\xf0\x9f\x8f\xbf\xe2\x80\x8d\xf0\x9f\x90\xb0\xe2\x80\x8d\xf0\x9f\x91\xa8\xf0\x9f\x8f\xbb",1087},
{"\xf0\x9f\x91\xa8\xf0\x9f\x8f\xbf\xe2\x80\x8d\xf0\x9f\x90\xb0\xe2\x80\x8d\xf0\x9f\x91\xa8\xf0\x9f\x8f\xbc",1088},
{"\xf0\x9f\x91\xa8\xf0\x9f\x8f\xbf\xe2\x80\x8d\xf0\x9f\x90\xb0\xe2\x80\x8d\xf0\x9f\x91\xa8\xf0\x9f\x8f\xbd",1089},
{"\xf0\x9f\x91\xa8\xf0\x9f\x8f\xbf\xe2\x80\x8d\xf0\x9f\x90\xb0\xe2\x80\x8d\xf0\x9f\x91\xa8\xf0\x9f\x8f\xbe",1090},
{"\xf0\x9f\x91\xa8\xf0\x9f\x8f\xbf\xe2\x80\x8d\xf0\x9f\x92\xbb",1091},
{"\xf0\x9f\x91\xa8\xf0\x9f\x8f\xbf\xe2\x80\x8d\xf0\x9f\x92\xbc",1092},
{"\xf0\x9f\x91\xa8\xf0\x9f\x8f\xbf\xe2\x80\x8d\xf0\x9f\x94\xa7",1093},
{"\xf0\x9f\x91\xa8\xf0\x9f\x8f\xbf\xe2\x80\x8d\xf0\x9f\x94\xac",1094},
{"\xf0\x9f\x91\xa8\xf0\x9f\x8f\xbf\xe2\x80\x8d\xf0\x9f\x9a\x80",1095},
{"\xf0\x9f\x91\xa8\xf0\x9f\x8f\xbf\xe2\x80\x8d\xf0\x9f\x9a\x92",1096},
{"\xf0\x9f\x91\xa8\xf0\x9f\x8f\xbf\xe2\x80\x8d\xf0\x9f\xa4\x9d\xe2\x80\x8d\xf0\x9f\x91\xa8\xf0\x9f\x8f\xbb",1097},
{"\xf0\x9f\x91\xa8\xf0\x9f\x8f\xbf\xe2\x80\x8d\xf0\x9f\xa4\x9d\xe2\x80\x8d\xf0\x9f\x91\xa8\xf0\x9f\x8f\xbc",1098},
{"\xf0\x9f\x91\xa8\xf0\x9f\x8f\xbf\xe2\x80\x8d\xf0\x9f\xa4\x9d\xe2\x80\x8d\xf0\x9f\x91\xa8\xf0\x9f\x8f\xbd",1099},
{"\xf0\x9f\x91\xa8\xf0\x9f\x8f\xbf\xe2\x80\x8d\xf0\x9f\xa4\x9d\xe2\x80\x8d\xf0\x9f\x91\xa8\xf0\x9f\x8f\xbe",1100},
{"\xf0\x9f\x91\xa8\xf0\x9f\x8f\xbf\xe2\x80\x8d\xf0\x9f\xa6\xaf",1102},
{"\xf0\x9f\x91\xa8\xf0\x9f\x8f\xbf\xe2\x80\x8d\xf0\x9f\xa6\xaf\xe2\x80\x8d\xe2\x9e\xa1",1101},
{"\xf0\x9f\x91\xa8\xf0\x9f\x8f\xbf\xe2\x80\x8d\xf0\x9f\xa6\xaf\xe2\x80\x8d\xe2\x9e\xa1\xef\xb8\x8f",1101},
{"\xf0\x9f\x91\xa8\xf0\x9f\x8f\xbf\xe2\x80\x8d\xf0\x9f\xa6\xb0",1103},
{"\xf0\x9f\x91\xa8\xf0\x9f\x8f\xbf\xe2\x80\x8d\xf0\x9f\xa6\xb1",1104},
{"\xf0\x9f\x91\xa8\xf0\x9f\x8f\xbf\xe2\x80\x8d\xf0\x9f\xa6\xb2",1105},
{"\xf0\x9f\x91\xa8\xf0\x9f\x8f\xbf\xe2\x80\x8d\xf0\x9f\xa6\xb3",1106},
{"\xf0\x9f\x91\xa8\xf0\x9f\x8f\xbf\xe2\x80\x8d\xf0\x9f\xa6\xbc",1108},
{"\xf0\x9f\x91\xa8\xf0\x9f\x8f\xbf\xe2\x80\x8d\xf0\x9f\xa6\xbc\xe2\x80\x8d\xe2\x9e\xa1",1107},
{"\xf0\x9f\x91\xa8\xf0\x9f\x8f\xbf\xe2\x80\x8d\xf0\x9f\xa6\xbc\xe2\x80\x8d\xe2\x9e\xa1\xef\xb8\x8f",1107},
{"\xf0\x9f\x91\xa8\xf0\x9f\x8f\xbf\xe2\x80\x8d\xf0\x9f\xa6\xbd",1110},
{"\xf0\x9f\x91\xa8\xf0\x9f\x8f\xbf\xe2\x80\x8d\xf0\x9f\xa6\xbd\xe2\x80\x8d\xe2\x9e\xa1",1109},
{"\xf0\x9f\x91\xa8\xf0\x9f\x8f\xbf\xe2\x80\x8d\xf0\x9f\xa6\xbd\xe2\x80\x8d\xe2\x9e\xa1\xef\xb8\x8f",1109},
{"\xf0\x9f\x91\xa8\xf0\x9f\x8f\xbf\xe2\x80\x8d\xf0\x9f\xab\xaf\xe2\x80\x8d\xf0\x9f\x91\xa8\xf0\x9f\x8f\xbb",1111},
{"\xf0\x9f\x91\xa8\xf0\x9f\x8f\xbf\xe2\x80\x8d\xf0\x9f\xab\xaf\xe2\x80\x8d\xf0\x9f\x91\xa8\xf0\x9f\x8f\xbc",1112},
{"\xf0\x9f\x91\xa8\xf0\x9f\x8f\xbf\xe2\x80\x8d\xf0\x9f\xab\xaf\xe2\x80\x8d\xf0\x9f\x91\xa8\xf0\x9f\x8f\xbd",1113},
{"\xf0\x9f\x91\xa8\xf0\x9f\x8f\xbf\xe2\x80\x8d\xf0\x9f\xab\xaf\xe2\x80\x8d\xf0\x9f\x91\xa8\xf0\x9f\x8f\xbe",1114},
{"\xf0\x9f\x91\xa8\xf0\x9f\x8f\xbf\xef\xb8\x8f",1128},
{"\xf0\x9f\x91\xa9",1542},
{"\xf0\x9f\x91\xa9\xe2\x80\x8d\xe2\x9a\x95",1535},
{"\xf0\x9f\x91\xa9\xe2\x80\x8d\xe2\x9a\x95\xef\xb8\x8f",1535},
{"\xf0\x9f\x91\xa9\xe2\x80\x8d\xe2\x9a\x96",1536},
{"\xf0\x9f\x91\xa9\xe2\x80\x8d\xe2\x9a\x96\xef\xb8\x8f",1536},
{"\xf0\x9f\x91\xa9\xe2\x80\x8d\xe2\x9c\x88",1537},
{"\xf0\x9f\x91\xa9\xe2\x80\x8d\xe2\x9c\x88\xef\xb8\x8f",1537},
{"\xf0\x9f\x91\xa9\xe2\x80\x8d\xe2\x9d\xa4\xe2\x80\x8d\xf0\x9f\x91\xa8",1538},
{"\xf0\x9f\x91\xa9\xe2\x80\x8d\xe2\x9d\xa4\xe2\x80\x8d\xf0\x9f\x91\xa9",1539},
{"\xf0\x9f\x91\xa9\xe2\x80\x8d\xe2\x9d\xa4\xe2\x80\x8d\xf0\x9f\x92\x8b\xe2\x80\x8d\xf0\x9f\x91\xa8",1540},
{"\xf0\x9f\x91\xa9\xe2\x80\x8d\xe2\x9d\xa4\xe2\x80\x8d\xf0\x9f\x92\x8b\xe2\x80\x8d\xf0\x9f\x91\xa9",1541},
{"\xf0\x9f\x91\xa9\xe2\x80\x8d\xe2\x9d\xa4\xef\xb8\x8f\xe2\x80\x8d\xf0\x9f\x91\xa8",1538},
{"\xf0\x9f\x91\xa9\xe2\x80\x8d\xe2\x9d\xa4\xef\xb8\x8f\xe2\x80\x8d\xf0\x9f\x91\xa9",1539},
{"\xf0\x9f\x91\xa9\xe2\x80\x8d\xe2\x9d\xa4\xef\xb8\x8f\xe2\x80\x8d\xf0\x9f\x92\x8b\xe2\x80\x8d\xf0\x9f\x91\xa8",1540},
{"\xf0\x9f\x91\xa9\xe2\x80\x8d\xe2\x9d\xa4\xef\xb8\x8f\xe2\x80\x8d\xf0\x9f\x92\x8b\xe2\x80\x8d\xf0\x9f\x91\xa9",1541},
{"\xf0\x9f\x91\xa9\xe2\x80\x8d\xf0\x9f\x8c\xbe",1500},
{"\xf0\x9f\x91\xa9\xe2\x80\x8d\xf0\x9f\x8d\xb3",1501},
{"\xf0\x9f\x91\xa9\xe2\x80\x8d\xf0\x9f\x8d\xbc",1502},
{"\xf0\x9f\x91\xa9\xe2\x80\x8d\xf0\x9f\x8e\x84",1503},
{"\xf0\x9f\x91\xa9\xe2\x80\x8d\xf0\x9f\x8e\x93",1504},
{"\xf0\x9f\x91\xa9\xe2\x80\x8d\xf0\x9f\x8e\xa4",1505},
{"\xf0\x9f\x91\xa9\xe2\x80\x8d\xf0\x9f\x8e\xa8",1506},
{"\xf0\x9f\x91\xa9\xe2\x80\x8d\xf0\x9f\x8f\xab",1507},
{"\xf0\x9f\x91\xa9\xe2\x80\x8d\xf0\x9f\x8f\xad",1508},
{"\xf0\x9f\x91\xa9\xe2\x80\x8d\xf0\x9f\x91\xa6",1510},
{"\xf0\x9f\x91\xa9\xe2\x80\x8d\xf0\x9f\x91\xa6\xe2\x80\x8d\xf0\x9f\x91\xa6",1509},
{"\xf0\x9f\x91\xa9\xe2\x80\x8d\xf0\x9f\x91\xa7",1513},
{"\xf0\x9f\x91\xa9\xe2\x80\x8d\xf0\x9f\x91\xa7\xe2\x80\x8d\xf0\x9f\x91\xa6",1511},
{"\xf0\x9f\x91\xa9\xe2\x80\x8d\xf0\x9f\x91\xa7\xe2\x80\x8d\xf0\x9f\x91\xa7",1512},
{"\xf0\x9f\x91\xa9\xe2\x80\x8d\xf0\x9f\x91\xa9\xe2\x80\x8d\xf0\x9f\x91\xa6",1515},
{"\xf0\x9f\x91\xa9\xe2\x80\x8d\xf0\x9f\x91\xa9\xe2\x80\x8d\xf0\x9f\x91\xa6\xe2\x80\x8d\xf0\x9f\x91\xa6",1514},
{"\xf0\x9f\x91\xa9\xe2\x80\x8d\xf0\x9f\x91\xa9\xe2\x80\x8d\xf0\x9f\x91\xa7",1518},
{"\xf0\x9f\x91\xa9\xe2\x80\x8d\xf0\x9f\x91\xa9\xe2\x80\x8d\xf0\x9f\x91\xa7\xe2\x80\x8d\xf0\x9f\x91\xa6",1516},
{"\xf0\x9f\x91\xa9\xe2\x80\x8d\xf0\x9f\x91\xa9\xe2\x80\x8d\xf0\x9f\x91\xa7\xe2\x80\x8d\xf0\x9f\x91\xa7",1517},
{"\xf0\x9f\x91\xa9\xe2\x80\x8d\xf0\x9f\x92\xbb",1519},
{"\xf0\x9f\x91\xa9\xe2\x80\x8d\xf0\x9f\x92\xbc",1520},
{"\xf0\x9f\x91\xa9\xe2\x80\x8d\xf0\x9f\x94\xa7",1521},
{"\xf0\x9f\x91\xa9\xe2\x80\x8d\xf0\x9f\x94\xac",1522},
{"\xf0\x9f\x91\xa9\xe2\x80\x8d\xf0\x9f\x9a\x80",1523},
{"\xf0\x9f\x91\xa9\xe2\x80\x8d\xf0\x9f\x9a\x92",1524},
{"\xf0\x9f\x91\xa9\xe2\x80\x8d\xf0\x9f\xa6\xaf",1526},
{"\xf0\x9f\x91\xa9\xe2\x80\x8d\xf0\x9f\xa6\xaf\xe2\x80\x8d\xe2\x9e\xa1",1525},
{"\xf0\x9f\x91\xa9\xe2\x80\x8d\xf0\x9f\xa6\xaf\xe2\x80\x8d\xe2\x9e\xa1\xef\xb8\x8f",1525},
{"\xf0\x9f\x91\xa9\xe2\x80\x8d\xf0\x9f\xa6\xb0",1527},
{"\xf0\x9f\x91\xa9\xe2\x80\x8d\xf0\x9f\xa6\xb1",1528},
{"\xf0\x9f\x91\xa9\xe2\x80\x8d\xf0\x9f\xa6\xb2",1529},
{"\xf0\x9f\x91\xa9\xe2\x80\x8d\xf0\x9f\xa6\xb3",1530},
{"\xf0\x9f\x91\xa9\xe2\x80\x8d\xf0\x9f\xa6\xbc",1532},
{"\xf0\x9f\x91\xa9\xe2\x80\x8d\xf0\x9f\xa6\xbc\xe2\x80\x8d\xe2\x9e\xa1",1531},
{"\xf0\x9f\x91\xa9\xe2\x80\x8d\xf0\x9f\xa6\xbc\xe2\x80\x8d\xe2\x9e\xa1\xef\xb8\x8f",1531},
{"\xf0\x9f\x91\xa9\xe2\x80\x8d\xf0\x9f\xa6\xbd",1534},
{"\xf0\x9f\x91\xa9\xe2\x80\x8d\xf0\x9f\xa6\xbd\xe2\x80\x8d\xe2\x9e\xa1",1533},
{"\xf0\x9f\x91\xa9\xe2\x80\x8d\xf0\x9f\xa6\xbd\xe2\x80\x8d\xe2\x9e\xa1\xef\xb8\x8f",1533},
{"\xf0\x9f\x91\xa9\xef\xb8\x8f",1542},
{"\xf0\x9f\x91\xa9\xf0\x9f\x8f\xbb",1239},
{"\xf0\x9f\x91\xa9\xf0\x9f\x8f\xbb\xe2\x80\x8d\xe2\x9a\x95",1216},
{"\xf0\x9f\x91\xa9\xf0\x9f\x8f\xbb\xe2\x80\x8d\xe2\x9a\x95\xef\xb8\x8f",1216},
{"\xf0\x9f\x91\xa9\xf0\x9f\x8f\xbb\xe2\x80\x8d\xe2\x9a\x96",1217},
{"\xf0\x9f\x91\xa9\xf0\x9f\x8f\xbb\xe2\x80\x8d\xe2\x9a\x96\xef\xb8\x8f",1217},
{"\xf0\x9f\x91\xa9\xf0\x9f\x8f\xbb\xe2\x80\x8d\xe2\x9c\x88",1218},
{"\xf0\x9f\x91\xa9\xf0\x9f\x8f\xbb\xe2\x80\x8d\xe2\x9c\x88\xef\xb8\x8f",1218},
{"\xf0\x9f\x91\xa9\xf0\x9f\x8f\xbb\xe2\x80\x8d\xe2\x9d\xa4\xe2\x80\x8d\xf0\x9f\x91\xa8\xf0\x9f\x8f\xbb",1219},
{"\xf0\x9f\x91\xa9\xf0\x9f\x8f\xbb\xe2\x80\x8d\xe2\x9d\xa4\xe2\x80\x8d\xf0\x9f\x91\xa8\xf0\x9f\x8f\xbc",1220},
{"\xf0\x9f\x91\xa9\xf0\x9f\x8f\xbb\xe2\x80\x8d\xe2\x9d\xa4\xe2\x80\x8d\xf0\x9f\x91\xa8\xf0\x9f\x8f\xbd",1221},
{"\xf0\x9f\x91\xa9\xf0\x9f\x8f\xbb\xe2\x80\x8d\xe2\x9d\xa4\xe2\x80\x8d\xf0\x9f\x91\xa8\xf0\x9f\x8f\xbe",1222},
{"\xf0\x9f\x91\xa9\xf0\x9f\x8f\xbb\xe2\x80\x8d\xe2\x9d\xa4\xe2\x80\x8d\xf0\x9f\x91\xa8\xf0\x9f\x8f\xbf",1223},
{"\xf0\x9f\x91\xa9\xf0\x9f\x8f\xbb\xe2\x80\x8d\xe2\x9d\xa4\xe2\x80\x8d\xf0\x9f\x91\xa9\xf0\x9f\x8f\xbb",1224},
{"\xf0\x9f\x91\xa9\xf0\x9f\x8f\xbb\xe2\x80\x8d\xe2\x9d\xa4\xe2\x80\x8d\xf0\x9f\x91\xa9\xf0\x9f\x8f\xbc",1225},
{"\xf0\x9f\x91\xa9\xf0\x9f\x8f\xbb\xe2\x80\x8d\xe2\x9d\xa4\xe2\x80\x8d\xf0\x9f\x91\xa9\xf0\x9f\x8f\xbd",1226},
{"\xf0\x9f\x91\xa9\xf0\x9f\x8f\xbb\xe2\x80\x8d\xe2\x9d\xa4\xe2\x80\x8d\xf0\x9f\x91\xa9\xf0\x9f\x8f\xbe",1227},
{"\xf0\x9f\x91\xa9\xf0\x9f\x8f\xbb\xe2\x80\x8d\xe2\x9d\xa4\xe2\x80\x8d\xf0\x9f\x91\xa9\xf0\x9f\x8f\xbf",1228},
{"\xf0\x9f\x91\xa9\xf0\x9f\x8f\xbb\xe2\x80\x8d\xe2\x9d\xa4\xe2\x80\x8d\xf0\x9f\x92\x8b\xe2\x80\x8d\xf0\x9f\x91\xa8\xf0\x9f\x8f\xbb",1229},
{"\xf0\x9f\x91\xa9\xf0\x9f\x8f\xbb\xe2\x80\x8d\xe2\x9d\xa4\xe2\x80\x8d\xf0\x9f\x92\x8b\xe2\x80\x8d\xf0\x9f\x91\xa8\xf0\x9f\x8f\xbc",1230},
{"\xf0\x9f\x91\xa9\xf0\x9f\x8f\xbb\xe2\x80\x8d\xe2\x9d\xa4\xe2\x80\x8d\xf0\x9f\x92\x8b\xe2\x80\x8d\xf0\x9f\x91\xa8\xf0\x9f\x8f\xbd",1231},
{"\xf0\x9f\x91\xa9\xf0\x9f\x8f\xbb\xe2\x80\x8d\xe2\x9d\xa4\xe2\x80\x8d\xf0\x9f\x92\x8b\xe2\x80\x8d\xf0\x9f\x91\xa8\xf0\x9f\x8f\xbe",1232},
{"\xf0\x9f\x91\xa9\xf0\x9f\x8f\xbb\xe2\x80\x8d\xe2\x9d\xa4\xe2\x80\x8d\xf0\x9f\x92\x8b\xe2\x80\x8d\xf0\x9f\x91\xa8\xf0\x9f\x8f\xbf",1233},
{"\xf0\x9f\x91\xa9\xf0\x9f\x8f\xbb\xe2\x80\x8d\xe2\x9d\xa4\xe2\x80\x8d\xf0\x9f\x92\x8b\xe2\x80\x8d\xf0\x9f\x91\xa9\xf0\x9f\x8f\xbb",1234},
{"\xf0\x9f\x91\xa9\xf0\x9f\x8f\xbb\xe2\x80\x8d\xe2\x9d\xa4\xe2\x80\x8d\xf0\x9f\x92\x8b\xe2\x80\x8d\xf0\x9f\x91\xa9\xf0\x9f\x8f\xbc",1235},
{"\xf0\x9f\x91\xa9\xf0\x9f\x8f\xbb\xe2\x80\x8d\xe2\x9d\xa4\xe2\x80\x8d\xf0\x9f\x92\x8b\xe2\x80\x8d\xf0\x9f\x91\xa9\xf0\x9f\x8f\xbd",1236},
{"\xf0\x9f\x91\xa9\xf0\x9f\x8f\xbb\xe2\x80\x8d\xe2\x9d\xa4\xe2\x80\x8d\xf0\x9f\x92\x8b\xe2\x80\x8d\xf0\x9f\x91\xa9\xf0\x9f\x8f\xbe",1237},
{"\xf0\x9f\x91\xa9\xf0\x9f\x8f\xbb\xe2\x80\x8d\xe2\x9d\xa4\xe2\x80\x8d\xf0\x9f\x92\x8b\xe2\x80\x8d\xf0\x9f\x91\xa9\xf0\x9f\x8f\xbf",1238},
{"\xf0\x9f\x91\xa9\xf0\x9f\x8f\xbb\xe2\x80\x8d\xe2\x9d\xa4\xef\xb8\x8f\xe2\x80\x8d\xf0\x9f\x91\xa8\xf0\x9f\x8f\xbb",1219},
{"\xf0\x9f\x91\xa9\xf0\x9f\x8f\xbb\xe2\x80\x8d\xe2\x9d\xa4\xef\xb8\x8f\xe2\x80\x8d\xf0\x9f\x91\xa8\xf0\x9f\x8f\xbc",1220},
{"\xf0\x9f\x91\xa9\xf0\x9f\x8f\xbb\xe2\x80\x8d\xe2\x9d\xa4\xef\xb8\x8f\xe2\x80\x8d\xf0\x9f\x91\xa8\xf0\x9f\x8f\xbd",1221},
{"\xf0\x9f\x91\xa9\xf0\x9f\x8f\xbb\xe2\x80\x8d\xe2\x9d\xa4\xef\xb8\x8f\xe2\x80\x8d\xf0\x9f\x91\xa8\xf0\x9f\x8f\xbe",1222},
{"\xf0\x9f\x91\xa9\xf0\x9f\x8f\xbb\xe2\x80\x8d\xe2\x9d\xa4\xef\xb8\x8f\xe2\x80\x8d\xf0\x9f\x91\xa8\xf0\x9f\x8f\xbf",1223},
{"\xf0\x9f\x91\xa9\xf0\x9f\x8f\xbb\xe2\x80\x8d\xe2\x9d\xa4\xef\xb8\x8f\xe2\x80\x8d\xf0\x9f\x91\xa9\xf0\x9f\x8f\xbb",1224},
{"\xf0\x9f\x91\xa9\xf0\x9f\x8f\xbb\xe2\x80\x8d\xe2\x9d\xa4\xef\xb8\x8f\xe2\x80\x8d\xf0\x9f\x91\xa9\xf0\x9f\x8f\xbc",1225},
{"\xf0\x9f\x91\xa9\xf0\x9f\x8f\xbb\xe2\x80\x8d\xe2\x9d\xa4\xef\xb8\x8f\xe2\x80\x8d\xf0\x9f\x91\xa9\xf0\x9f\x8f\xbd",1226},
{"\xf0\x9f\x91\xa9\xf0\x9f\x8f\xbb\xe2\x80\x8d\xe2\x9d\xa4\xef\xb8\x8f\xe2\x80\x8d\xf0\x9f\x91\xa9\xf0\x9f\x8f\xbe",1227},
{"\xf0\x9f\x91\xa9\xf0\x9f\x8f\xbb\xe2\x80\x8d\xe2\x9d\xa4\xef\xb8\x8f\xe2\x80\x8d\xf0\x9f\x91\xa9\xf0\x9f\x8f\xbf",1228},
{"\xf0\x9f\x91\xa9\xf0\x9f\x8f\xbb\xe2\x80\x8d\xe2\x9d\xa4\xef\xb8\x8f\xe2\x80\x8d\xf0\x9f\x92\x8b\xe2\x80\x8d\xf0\x9f\x91\xa8\xf0\x9f\x8f\xbb",1229},
{"\xf0\x9f\x91\xa9\xf0\x9f\x8f\xbb\xe2\x80\x8d\xe2\x9d\xa4\xef\xb8\x8f\xe2\x80\x8d\xf0\x9f\x92\x8b\xe2\x80\x8d\xf0\x9f\x91\xa8\xf0\x9f\x8f\xbc",1230},
{"\xf0\x9f\x91\xa9\xf0\x9f\x8f\xbb\xe2\x80\x8d\xe2\x9d\xa4\xef\xb8\x8f\xe2\x80\x8d\xf0\x9f\x92\x8b\xe2\x80\x8d\xf0\x9f\x91\xa8\xf0\x9f\x8f\xbd",1231},
{"\xf0\x9f\x91\xa9\xf0\x9f\x8f\xbb\xe2\x80\x8d\xe2\x9d\xa4\xef\xb8\x8f\xe2\x80\x8d\xf0\x9f\x92\x8b\xe2\x80\x8d\xf0\x9f\x91\xa8\xf0\x9f\x8f\xbe",1232},
{"\xf0\x9f\x91\xa9\xf0\x9f\x8f\xbb\xe2\x80\x8d\xe2\x9d\xa4\xef\xb8\x8f\xe2\x80\x8d\xf0\x9f\x92\x8b\xe2\x80\x8d\xf0\x9f\x91\xa8\xf0\x9f\x8f\xbf",1233},
{"\xf0\x9f\x91\xa9\xf0\x9f\x8f\xbb\xe2\x80\x8d\xe2\x9d\xa4\xef\xb8\x8f\xe2\x80\x8d\xf0\x9f\x92\x8b\xe2\x80\x8d\xf0\x9f\x91\xa9\xf0\x9f\x8f\xbb",1234},
{"\xf0\x9f\x91\xa9\xf0\x9f\x8f\xbb\xe2\x80\x8d\xe2\x9d\xa4\xef\xb8\x8f\xe2\x80\x8d\xf0\x9f\x92\x8b\xe2\x80\x8d\xf0\x9f\x91\xa9\xf0\x9f\x8f\xbc",1235},
{"\xf0\x9f\x91\xa9\xf0\x9f\x8f\xbb\xe2\x80\x8d\xe2\x9d\xa4\xef\xb8\x8f\xe2\x80\x8d\xf0\x9f\x92\x8b\xe2\x80\x8d\xf0\x9f\x91\xa9\xf0\x9f\x8f\xbd",1236},
{"\xf0\x9f\x91\xa9\xf0\x9f\x8f\xbb\xe2\x80\x8d\xe2\x9d\xa4\xef\xb8\x8f\xe2\x80\x8d\xf0\x9f\x92\x8b\xe2\x80\x8d\xf0\x9f\x91\xa9\xf0\x9f\x8f\xbe",1237},
{"\xf0\x9f\x91\xa9\xf0\x9f\x8f\xbb\xe2\x80\x8d\xe2\x9d\xa4\xef\xb8\x8f\xe2\x80\x8d\xf0\x9f\x92\x8b\xe2\x80\x8d\xf0\x9f\x91\xa9\xf0\x9f\x8f\xbf",1238},
{"\xf0\x9f\x91\xa9\xf0\x9f\x8f\xbb\xe2\x80\x8d\xf0\x9f\x8c\xbe",1175},
{"\xf0\x9f\x91\xa9\xf0\x9f\x8f\xbb\xe2\x80\x8d\xf0\x9f\x8d\xb3",1176},
{"\xf0\x9f\x91\xa9\xf0\x9f\x8f\xbb\xe2\x80\x8d\xf0\x9f\x8d\xbc",1177},
{"\xf0\x9f\x91\xa9\xf0\x9f\x8f\xbb\xe2\x80\x8d\xf0\x9f\x8e\x84",1178},
{"\xf0\x9f\x91\xa9\xf0\x9f\x8f\xbb\xe2\x80\x8d\xf0\x9f\x8e\x93",1179},
{"\xf0\x9f\x91\xa9\xf0\x9f\x8f\xbb\xe2\x80\x8d\xf0\x9f\x8e\xa4",1180},
{"\xf0\x9f\x91\xa9\xf0\x9f\x8f\xbb\xe2\x80\x8d\xf0\x9f\x8e\xa8",1181},
{"\xf0\x9f\x91\xa9\xf0\x9f\x8f\xbb\xe2\x80\x8d\xf0\x9f\x8f\xab",1182},
{"\xf0\x9f\x91\xa9\xf0\x9f\x8f\xbb\xe2\x80\x8d\xf0\x9f\x8f\xad",1183},
{"\xf0\x9f\x91\xa9\xf0\x9f\x8f\xbb\xe2\x80\x8d\xf0\x9f\x90\xb0\xe2\x80\x8d\xf0\x9f\x91\xa9\xf0\x9f\x8f\xbc",1184},
{"\xf0\x9f\x91\xa9\xf0\x9f\x8f\xbb\xe2\x80\x8d\xf0\x9f\x90\xb0\xe2\x80\x8d\xf0\x9f\x91\xa9\xf0\x9f\x8f\xbd",1185},
{"\xf0\x9f\x91\xa9\xf0\x9f\x8f\xbb\xe2\x80\x8d\xf0\x9f\x90\xb0\xe2\x80\x8d\xf0\x9f\x91\xa9\xf0\x9f\x8f\xbe",1186},
{"\xf0\x9f\x91\xa9\xf0\x9f\x8f\xbb\xe2\x80\x8d\xf0\x9f\x90\xb0\xe2\x80\x8d\xf0\x9f\x91\xa9\xf0\x9f\x8f\xbf",1187},
{"\xf0\x9f\x91\xa9\xf0\x9f\x8f\xbb\xe2\x80\x8d\xf0\x9f\x92\xbb",1188},
{"\xf0\x9f\x91\xa9\xf0\x9f\x8f\xbb\xe2\x80\x8d\xf0\x9f\x92\xbc",1189},
{"\xf0\x9f\x91\xa9\xf0\x9f\x8f\xbb\xe2\x80\x8d\xf0\x9f\x94\xa7",1190},
{"\xf0\x9f\x91\xa9\xf0\x9f\x8f\xbb\xe2\x80\x8d\xf0\x9f\x94\xac",1191},
{"\xf0\x9f\x91\xa9\xf0\x9f\x8f\xbb\xe2\x80\x8d\xf0\x9f\x9a\x80",1192},
{"\xf0\x9f\x91\xa9\xf0\x9f\x8f\xbb\xe2\x80\x8d\xf0\x9f\x9a\x92",1193},
{"\xf0\x9f\x91\xa9\xf0\x9f\x8f\xbb\xe2\x80\x8d\xf0\x9f\xa4\x9d\xe2\x80\x8d\xf0\x9f\x91\xa8\xf0\x9f\x8f\xbc",1194},
{"\xf0\x9f\x91\xa9\xf0\x9f\x8f\xbb\xe2\x80\x8d\xf0\x9f\xa4\x9d\xe2\x80\x8d\xf0\x9f\x91\xa8\xf0\x9f\x8f\xbd",1195},
{"\xf0\x9f\x91\xa9\xf0\x9f\x8f\xbb\xe2\x80\x8d\xf0\x9f\xa4\x9d\xe2\x80\x8d\xf0\x9f\x91\xa8\xf0\x9f\x8f\xbe",1196},
{"\xf0\x9f\x91\xa9\xf0\x9f\x8f\xbb\xe2\x80\x8d\xf0\x9f\xa4\x9d\xe2\x80\x8d\xf0\x9f\x91\xa8\xf0\x9f\x8f\xbf",1197},
{"\xf0\x9f\x91\xa9\xf0\x9f\x8f\xbb\xe2\x80\x8d\xf0\x9f\xa4\x9d\xe2\x80\x8d\xf0\x9f\x91\xa9\xf0\x9f\x8f\xbc",1198},
{"\xf0\x9f\x91\xa9\xf0\x9f\x8f\xbb\xe2\x80\x8d\xf0\x9f\xa4\x9d\xe2\x80\x8d\xf0\x9f\x91\xa9\xf0\x9f\x8f\xbd",1199},
{"\xf0\x9f\x91\xa9\xf0\x9f\x8f\xbb\xe2\x80\x8d\xf0\x9f\xa4\x9d\xe2\x80\x8d\xf0\x9f\x91\xa9\xf0\x9f\x8f\xbe",1200},
{"\xf0\x9f\x91\xa9\xf0\x9f\x8f\xbb\xe2\x80\x8d\xf0\x9f\xa4\x9d\xe2\x80\x8d\xf0\x9f\x91\xa9\xf0\x9f\x8f\xbf",1201},
{"\xf0\x9f\x91\xa9\xf0\x9f\x8f\xbb\xe2\x80\x8d\xf0\x9f\xa6\xaf",1203},
{"\xf0\x9f\x91\xa9\xf0\x9f\x8f\xbb\xe2\x80\x8d\xf0\x9f\xa6\xaf\xe2\x80\x8d\xe2\x9e\xa1",1202},
{"\xf0\x9f\x91\xa9\xf0\x9f\x8f\xbb\xe2\x80\x8d\xf0\x9f\xa6\xaf\xe2\x80\x8d\xe2\x9e\xa1\xef\xb8\x8f",1202},
{"\xf0\x9f\x91\xa9\xf0\x9f\x8f\xbb\xe2\x80\x8d\xf0\x9f\xa6\xb0",1204},
{"\xf0\x9f\x91\xa9\xf0\x9f\x8f\xbb\xe2\x80\x8d\xf0\x9f\xa6\xb1",1205},
{"\xf0\x9f\x91\xa9\xf0\x9f\x8f\xbb\xe2\x80\x8d\xf0\x9f\xa6\xb2",1206},
{"\xf0\x9f\x91\xa9\xf0\x9f\x8f\xbb\xe2\x80\x8d\xf0\x9f\xa6\xb3",1207},
{"\xf0\x9f\x91\xa9\xf0\x9f\x8f\xbb\xe2\x80\x8d\xf0\x9f\xa6\xbc",1209},
{"\xf0\x9f\x91\xa9\xf0\x9f\x8f\xbb\xe2\x80\x8d\xf0\x9f\xa6\xbc\xe2\x80\x8d\xe2\x9e\xa1",1208},
{"\xf0\x9f\x91\xa9\xf0\x9f\x8f\xbb\xe2\x80\x8d\xf0\x9f\xa6\xbc\xe2\x80\x8d\xe2\x9e\xa1\xef\xb8\x8f",1208},
{"\xf0\x9f\x91\xa9\xf0\x9f\x8f\xbb\xe2\x80\x8d\xf0\x9f\xa6\xbd",1211},
{"\xf0\x9f\x91\xa9\xf0\x9f\x8f\xbb\xe2\x80\x8d\xf0\x9f\xa6\xbd\xe2\x80\x8d\xe2\x9e\xa1",1210},
{"\xf0\x9f\x91\xa9\xf0\x9f\x8f\xbb\xe2\x80\x8d\xf0\x9f\xa6\xbd\xe2\x80\x8d\xe2\x9e\xa1\xef\xb8\x8f",1210},
{"\xf0\x9f\x91\xa9\xf0\x9f\x8f\xbb\xe2\x80\x8d\xf0\x9f\xab\xaf\xe2\x80\x8d\xf0\x9f\x91\xa9\xf0\x9f\x8f\xbc",1212},
{"\xf0\x9f\x91\xa9\xf0\x9f\x8f\xbb\xe2\x80\x8d\xf0\x9f\xab\xaf\xe2\x80\x8d\xf0\x9f\x91\xa9\xf0\x9f\x8f\xbd",1213},
{"\xf0\x9f\x91\xa9\xf0\x9f\x8f\xbb\xe2\x80\x8d\xf0\x9f\xab\xaf\xe2\x80\x8d\xf0\x9f\x91\xa9\xf0\x9f\x8f\xbe",1214},
{"\xf0\x9f\x91\xa9\xf0\x9f\x8f\xbb\xe2\x80\x8d\xf0\x9f\xab\xaf\xe2\x80\x8d\xf0\x9f\x91\xa9\xf0\x9f\x8f\xbf",1215},
{"\xf0\x9f\x91\xa9\xf0\x9f\x8f\xbb\xef\xb8\x8f",1239},
{"\xf0\x9f\x91\xa9\xf0\x9f\x8f\xbc",1304},
{"\xf0\x9f\x91\xa9\xf0\x9f\x8f\xbc\xe2\x80\x8d\xe2\x9a\x95",1281},
{"\xf0\x9f\x91\xa9\xf0\x9f\x8f\xbc\xe2\x80\x8d\xe2\x9a\x95\xef\xb8\x8f",1281},
{"\xf0\x9f\x91\xa9\xf0\x9f\x8f\xbc\xe2\x80\x8d\xe2\x9a\x96",1282},
{"\xf0\x9f\x91\xa9\xf0\x9f\x8f\xbc\xe2\x80\x8d\xe2\x9a\x96\xef\xb8\x8f",1282},
{"\xf0\x9f\x91\xa9\xf0\x9f\x8f\xbc\xe2\x80\x8d\xe2\x9c\x88",1283},
{"\xf0\x9f\x91\xa9\xf0\x9f\x8f\xbc\xe2\x80\x8d\xe2\x9c\x88\xef\xb8\x8f",1283},
{"\xf0\x9f\x91\xa9\xf0\x9f\x8f\xbc\xe2\x80\x8d\xe2\x9d\xa4\xe2\x80\x8d\xf0\x9f\x91\xa8\xf0\x9f\x8f\xbb",1284},
{"\xf0\x9f\x91\xa9\xf0\x9f\x8f\xbc\xe2\x80\x8d\xe2\x9d\xa4\xe2\x80\x8d\xf0\x9f\x91\xa8\xf0\x9f\x8f\xbc",1285},
{"\xf0\x9f\x91\xa9\xf0\x9f\x8f\xbc\xe2\x80\x8d\xe2\x9d\xa4\xe2\x80\x8d\xf0\x9f\x91\xa8\xf0\x9f\x8f\xbd",1286},
{"\xf0\x9f\x91\xa9\xf0\x9f\x8f\xbc\xe2\x80\x8d\xe2\x9d\xa4\xe2\x80\x8d\xf0\x9f\x91\xa8\xf0\x9f\x8f\xbe",1287},
{"\xf0\x9f\x91\xa9\xf0\x9f\x8f\xbc\xe2\x80\x8d\xe2\x9d\xa4\xe2\x80\x8d\xf0\x9f\x91\xa8\xf0\x9f\x8f\xbf",1288},
{"\xf0\x9f\x91\xa9\xf0\x9f\x8f\xbc\xe2\x80\x8d\xe2\x9d\xa4\xe2\x80\x8d\xf0\x9f\x91\xa9\xf0\x9f\x8f\xbb",1289},
{"\xf0\x9f\x91\xa9\xf0\x9f\x8f\xbc\xe2\x80\x8d\xe2\x9d\xa4\xe2\x80\x8d\xf0\x9f\x91\xa9\xf0\x9f\x8f\xbc",1290},
{"\xf0\x9f\x91\xa9\xf0\x9f\x8f\xbc\xe2\x80\x8d\xe2\x9d\xa4\xe2\x80\x8d\xf0\x9f\x91\xa9\xf0\x9f\x8f\xbd",1291},
{"\xf0\x9f\x91\xa9\xf0\x9f\x8f\xbc\xe2\x80\x8d\xe2\x9d\xa4\xe2\x80\x8d\xf0\x9f\x91\xa9\xf0\x9f\x8f\xbe",1292},
{"\xf0\x9f\x91\xa9\xf0\x9f\x8f\xbc\xe2\x80\x8d\xe2\x9d\xa4\xe2\x80\x8d\xf0\x9f\x91\xa9\xf0\x9f\x8f\xbf",1293},
{"\xf0\x9f\x91\xa9\xf0\x9f\x8f\xbc\xe2\x80\x8d\xe2\x9d\xa4\xe2\x80\x8d\xf0\x9f\x92\x8b\xe2\x80\x8d\xf0\x9f\x91\xa8\xf0\x9f\x8f\xbb",1294},
{"\xf0\x9f\x91\xa9\xf0\x9f\x8f\xbc\xe2\x80\x8d\xe2\x9d\xa4\xe2\x80\x8d\xf0\x9f\x92\x8b\xe2\x80\x8d\xf0\x9f\x91\xa8\xf0\x9f\x8f\xbc",1295},
{"\xf0\x9f\x91\xa9\xf0\x9f\x8f\xbc\xe2\x80\x8d\xe2\x9d\xa4\xe2\x80\x8d\xf0\x9f\x92\x8b\xe2\x80\x8d\xf0\x9f\x91\xa8\xf0\x9f\x8f\xbd",1296},
{"\xf0\x9f\x91\xa9\xf0\x9f\x8f\xbc\xe2\x80\x8d\xe2\x9d\xa4\xe2\x80\x8d\xf0\x9f\x92\x8b\xe2\x80\x8d\xf0\x9f\x91\xa8\xf0\x9f\x8f\xbe",1297},
{"\xf0\x9f\x91\xa9\xf0\x9f\x8f\xbc\xe2\x80\x8d\xe2\x9d\xa4\xe2\x80\x8d\xf0\x9f\x92\x8b\xe2\x80\x8d\xf0\x9f\x91\xa8\xf0\x9f\x8f\xbf",1298},
{"\xf0\x9f\x91\xa9\xf0\x9f\x8f\xbc\xe2\x80\x8d\xe2\x9d\xa4\xe2\x80\x8d\xf0\x9f\x92\x8b\xe2\x80\x8d\xf0\x9f\x91\xa9\xf0\x9f\x8f\xbb",1299},
{"\xf0\x9f\x91\xa9\xf0\x9f\x8f\xbc\xe2\x80\x8d\xe2\x9d\xa4\xe2\x80\x8d\xf0\x9f\x92\x8b\xe2\x80\x8d\xf0\x9f\x91\xa9\xf0\x9f\x8f\xbc",1300},
{"\xf0\x9f\x91\xa9\xf0\x9f\x8f\xbc\xe2\x80\x8d\xe2\x9d\xa4\xe2\x80\x8d\xf0\x9f\x92\x8b\xe2\x80\x8d\xf0\x9f\x91\xa9\xf0\x9f\x8f\xbd",1301},
{"\xf0\x9f\x91\xa9\xf0\x9f\x8f\xbc\xe2\x80\x8d\xe2\x9d\xa4\xe2\x80\x8d\xf0\x9f\x92\x8b\xe2\x80\x8d\xf0\x9f\x91\xa9\xf0\x9f\x8f\xbe",1302},
{"\xf0\x9f\x91\xa9\xf0\x9f\x8f\xbc\xe2\x80\x8d\xe2\x9d\xa4\xe2\x80\x8d\xf0\x9f\x92\x8b\xe2\x80\x8d\xf0\x9f\x91\xa9\xf0\x9f\x8f\xbf",1303},
{"\xf0\x9f\x91\xa9\xf0\x9f\x8f\xbc\xe2\x80\x8d\xe2\x9d\xa4\xef\xb8\x8f\xe2\x80\x8d\xf0\x9f\x91\xa8\xf0\x9f\x8f\xbb",1284},
{"\xf0\x9f\x91\xa9\xf0\x9f\x8f\xbc\xe2\x80\x8d\xe2\x9d\xa4\xef\xb8\x8f\xe2\x80\x8d\xf0\x9f\x91\xa8\xf0\x9f\x8f\xbc",1285},
{"\xf0\x9f\x91\xa9\xf0\x9f\x8f\xbc\xe2\x80\x8d\xe2\x9d\xa4\xef\xb8\x8f\xe2\x80\x8d\xf0\x9f\x91\xa8\xf0\x9f\x8f\xbd",1286},
{"\xf0\x9f\x91\xa9\xf0\x9f\x8f\xbc\xe2\x80\x8d\xe2\x9d\xa4\xef\xb8\x8f\xe2\x80\x8d\xf0\x9f\x91\xa8\xf0\x9f\x8f\xbe",1287},
{"\xf0\x9f\x91\xa9\xf0\x9f\x8f\xbc\xe2\x80\x8d\xe2\x9d\xa4\xef\xb8\x8f\xe2\x80\x8d\xf0\x9f\x91\xa8\xf0\x9f\x8f\xbf",1288},
{"\xf0\x9f\x91\xa9\xf0\x9f\x8f\xbc\xe2\x80\x8d\xe2\x9d\xa4\xef\xb8\x8f\xe2\x80\x8d\xf0\x9f\x91\xa9\xf0\x9f\x8f\xbb",1289},
{"\xf0\x9f\x91\xa9\xf0\x9f\x8f\xbc\xe2\x80\x8d\xe2\x9d\xa4\xef\xb8\x8f\xe2\x80\x8d\xf0\x9f\x91\xa9\xf0\x9f\x8f\xbc",1290},
{"\xf0\x9f\x91\xa9\xf0\x9f\x8f\xbc\xe2\x80\x8d\xe2\x9d\xa4\xef\xb8\x8f\xe2\x80\x8d\xf0\x9f\x91\xa9\xf0\x9f\x8f\xbd",1291},
{"\xf0\x9f\x91\xa9\xf0\x9f\x8f\xbc\xe2\x80\x8d\xe2\x9d\xa4\xef\xb8\x8f\xe2\x80\x8d\xf0\x9f\x91\xa9\xf0\x9f\x8f\xbe",1292},
{"\xf0\x9f\x91\xa9\xf0\x9f\x8f\xbc\xe2\x80\x8d\xe2\x9d\xa4\xef\xb8\x8f\xe2\x80\x8d\xf0\x9f\x91\xa9\xf0\x9f\x8f\xbf",1293},
{"\xf0\x9f\x91\xa9\xf0\x9f\x8f\xbc\xe2\x80\x8d\xe2\x9d\xa4\xef\xb8\x8f\xe2\x80\x8d\xf0\x9f\x92\x8b\xe2\x80\x8d\xf0\x9f\x91\xa8\xf0\x9f\x8f\xbb",1294},
{"\xf0\x9f\x91\xa9\xf0\x9f\x8f\xbc\xe2\x80\x8d\xe2\x9d\xa4\xef\xb8\x8f\xe2\x80\x8d\xf0\x9f\x92\x8b\xe2\x80\x8d\xf0\x9f\x91\xa8\xf0\x9f\x8f\xbc",1295},
{"\xf0\x9f\x91\xa9\xf0\x9f\x8f\xbc\xe2\x80\x8d\xe2\x9d\xa4\xef\xb8\x8f\xe2\x80\x8d\xf0\x9f\x92\x8b\xe2\x80\x8d\xf0\x9f\x91\xa8\xf0\x9f\x8f\xbd",1296},
{"\xf0\x9f\x91\xa9\xf0\x9f\x8f\xbc\xe2\x80\x8d\xe2\x9d\xa4\xef\xb8\x8f\xe2\x80\x8d\xf0\x9f\x92\x8b\xe2\x80\x8d\xf0\x9f\x91\xa8\xf0\x9f\x8f\xbe",1297},
{"\xf0\x9f\x91\xa9\xf0\x9f\x8f\xbc\xe2\x80\x8d\xe2\x9d\xa4\xef\xb8\x8f\xe2\x80\x8d\xf0\x9f\x92\x8b\xe2\x80\x8d\xf0\x9f\x91\xa8\xf0\x9f\x8f\xbf",1298},
{"\xf0\x9f\x91\xa9\xf0\x9f\x8f\xbc\xe2\x80\x8d\xe2\x9d\xa4\xef\xb8\x8f\xe2\x80\x8d\xf0\x9f\x92\x8b\xe2\x80\x8d\xf0\x9f\x91\xa9\xf0\x9f\x8f\xbb",1299},
{"\xf0\x9f\x91\xa9\xf0\x9f\x8f\xbc\xe2\x80\x8d\xe2\x9d\xa4\xef\xb8\x8f\xe2\x80\x8d\xf0\x9f\x92\x8b\xe2\x80\x8d\xf0\x9f\x91\xa9\xf0\x9f\x8f\xbc",1300},
{"\xf0\x9f\x91\xa9\xf0\x9f\x8f\xbc\xe2\x80\x8d\xe2\x9d\xa4\xef\xb8\x8f\xe2\x80\x8d\xf0\x9f\x92\x8b\xe2\x80\x8d\xf0\x9f\x91\xa9\xf0\x9f\x8f\xbd",1301},
{"\xf0\x9f\x91\xa9\xf0\x9f\x8f\xbc\xe2\x80\x8d\xe2\x9d\xa4\xef\xb8\x8f\xe2\x80\x8d\xf0\x9f\x92\x8b\xe2\x80\x8d\xf0\x9f\x91\xa9\xf0\x9f\x8f\xbe",1302},
{"\xf0\x9f\x91\xa9\xf0\x9f\x8f\xbc\xe2\x80\x8d\xe2\x9d\xa4\xef\xb8\x8f\xe2\x80\x8d\xf0\x9f\x92\x8b\xe2\x80\x8d\xf0\x9f\x91\xa9\xf0\x9f\x8f\xbf",1303},
{"\xf0\x9f\x91\xa9\xf0\x9f\x8f\xbc\xe2\x80\x8d\xf0\x9f\x8c\xbe",1240},
{"\xf0\x9f\x91\xa9\xf0\x9f\x8f\xbc\xe2\x80\x8d\xf0\x9f\x8d\xb3",1241},
{"\xf0\x9f\x91\xa9\xf0\x9f\x8f\xbc\xe2\x80\x8d\xf0\x9f\x8d\xbc",1242},
{"\xf0\x9f\x91\xa9\xf0\x9f\x8f\xbc\xe2\x80\x8d\xf0\x9f\x8e\x84",1243},
{"\xf0\x9f\x91\xa9\xf0\x9f\x8f\xbc\xe2\x80\x8d\xf0\x9f\x8e\x93",1244},
{"\xf0\x9f\x91\xa9\xf0\x9f\x8f\xbc\xe2\x80\x8d\xf0\x9f\x8e\xa4",1245},
{"\xf0\x9f\x91\xa9\xf0\x9f\x8f\xbc\xe2\x80\x8d\xf0\x9f\x8e\xa8",1246},
{"\xf0\x9f\x91\xa9\xf0\x9f\x8f\xbc\xe2\x80\x8d\xf0\x9f\x8f\xab",1247},
{"\xf0\x9f\x91\xa9\xf0\x9f\x8f\xbc\xe2\x80\x8d\xf0\x9f\x8f\xad",1248},
{"\xf0\x9f\x91\xa9\xf0\x9f\x8f\xbc\xe2\x80\x8d\xf0\x9f\x90\xb0\xe2\x80\x8d\xf0\x9f\x91\xa9\xf0\x9f\x8f\xbb",1249},
{"\xf0\x9f\x91\xa9\xf0\x9f\x8f\xbc\xe2\x80\x8d\xf0\x9f\x90\xb0\xe2\x80\x8d\xf0\x9f\x91\xa9\xf0\x9f\x8f\xbd",1250},
{"\xf0\x9f\x91\xa9\xf0\x9f\x8f\xbc\xe2\x80\x8d\xf0\x9f\x90\xb0\xe2\x80\x8d\xf0\x9f\x91\xa9\xf0\x9f\x8f\xbe",1251},
{"\xf0\x9f\x91\xa9\xf0\x9f\x8f\xbc\xe2\x80\x8d\xf0\x9f\x90\xb0\xe2\x80\x8d\xf0\x9f\x91\xa9\xf0\x9f\x8f\xbf",1252},
{"\xf0\x9f\x91\xa9\xf0\x9f\x8f\xbc\xe2\x80\x8d\xf0\x9f\x92\xbb",1253},
{"\xf0\x9f\x91\xa9\xf0\x9f\x8f\xbc\xe2\x80\x8d\xf0\x9f\x92\xbc",1254},
{"\xf0\x9f\x91\xa9\xf0\x9f\x8f\xbc\xe2\x80\x8d\xf0\x9f\x94\xa7",1255},
{"\xf0\x9f\x91\xa9\xf0\x9f\x8f\xbc\xe2\x80\x8d\xf0\x9f\x94\xac",1256},
{"\xf0\x9f\x91\xa9\xf0\x9f\x8f\xbc\xe2\x80\x8d\xf0\x9f\x9a\x80",1257},
{"\xf0\x9f\x91\xa9\xf0\x9f\x8f\xbc\xe2\x80\x8d\xf0\x9f\x9a\x92",1258},
{"\xf0\x9f\x91\xa9\xf0\x9f\x8f\xbc\xe2\x80\x8d\xf0\x9f\xa4\x9d\xe2\x80\x8d\xf0\x9f\x91\xa8\xf0\x9f\x8f\xbb",1259},
{"\xf0\x9f\x91\xa9\xf0\x9f\x8f\xbc\xe2\x80\x8d\xf0\x9f\xa4\x9d\xe2\x80\x8d\xf0\x9f\x91\xa8\xf0\x9f\x8f\xbd",1260},
{"\xf0\x9f\x91\xa9\xf0\x9f\x8f\xbc\xe2\x80\x8d\xf0\x9f\xa4\x9d\xe2\x80\x8d\xf0\x9f\x91\xa8\xf0\x9f\x8f\xbe",1261},
{"\xf0\x9f\x91\xa9\xf0\x9f\x8f\xbc\xe2\x80\x8d\xf0\x9f\xa4\x9d\xe2\x80\x8d\xf0\x9f\x91\xa8\xf0\x9f\x8f\xbf",1262},
{"\xf0\x9f\x91\xa9\xf0\x9f\x8f\xbc\xe2\x80\x8d\xf0\x9f\xa4\x9d\xe2\x80\x8d\xf0\x9f\x91\xa9\xf0\x9f\x8f\xbb",1263},
{"\xf0\x9f\x91\xa9\xf0\x9f\x8f\xbc\xe2\x80\x8d\xf0\x9f\xa4\x9d\xe2\x80\x8d\xf0\x9f\x91\xa9\xf0\x9f\x8f\xbd",1264},
{"\xf0\x9f\x91\xa9\xf0\x9f\x8f\xbc\xe2\x80\x8d\xf0\x9f\xa4\x9d\xe2\x80\x8d\xf0\x9f\x91\xa9\xf0\x9f\x8f\xbe",1265},
{"\xf0\x9f\x91\xa9\xf0\x9f\x8f\xbc\xe2\x80\x8d\xf0\x9f\xa4\x9d\xe2\x80\x8d\xf0\x9f\x91\xa9\xf0\x9f\x8f\xbf",1266},
{"\xf0\x9f\x91\xa9\xf0\x9f\x8f\xbc\xe2\x80\x8d\xf0\x9f\xa6\xaf",1268},
{"\xf0\x9f\x91\xa9\xf0\x9f\x8f\xbc\xe2\x80\x8d\xf0\x9f\xa6\xaf\xe2\x80\x8d\xe2\x9e\xa1",1267},
{"\xf0\x9f\x91\xa9\xf0\x9f\x8f\xbc\xe2\x80\x8d\xf0\x9f\xa6\xaf\xe2\x80\x8d\xe2\x9e\xa1\xef\xb8\x8f",1267},
{"\xf0\x9f\x91\xa9\xf0\x9f\x8f\xbc\xe2\x80\x8d\xf0\x9f\xa6\xb0",1269},
{"\xf0\x9f\x91\xa9\xf0\x9f\x8f\xbc\xe2\x80\x8d\xf0\x9f\xa6\xb1",1270},
{"\xf0\x9f\x91\xa9\xf0\x9f\x8f\xbc\xe2\x80\x8d\xf0\x9f\xa6\xb2",1271},
{"\xf0\x9f\x91\xa9\xf0\x9f\x8f\xbc\xe2\x80\x8d\xf0\x9f\xa6\xb3",1272},
{"\xf0\x9f\x91\xa9\xf0\x9f\x8f\xbc\xe2\x80\x8d\xf0\x9f\xa6\xbc",1274},
{"\xf0\x9f\x91\xa9\xf0\x9f\x8f\xbc\xe2\x80\x8d\xf0\x9f\xa6\xbc\xe2\x80\x8d\xe2\x9e\xa1",1273},
{"\xf0\x9f\x91\xa9\xf0\x9f\x8f\xbc\xe2\x80\x8d\xf0\x9f\xa6\xbc\xe2\x80\x8d\xe2\x9e\xa1\xef\xb8\x8f",1273},
{"\xf0\x9f\x91\xa9\xf0\x9f\x8f\xbc\xe2\x80\x8d\xf0\x9f\xa6\xbd",1276},
{"\xf0\x9f\x91\xa9\xf0\x9f\x8f\xbc\xe2\x80\x8d\xf0\x9f\xa6\xbd\xe2\x80\x8d\xe2\x9e\xa1",1275},
{"\xf0\x9f\x91\xa9\xf0\x9f\x8f\xbc\xe2\x80\x8d\xf0\x9f\xa6\xbd\xe2\x80\x8d\xe2\x9e\xa1\xef\xb8\x8f",1275},
{"\xf0\x9f\x91\xa9\xf0\x9f\x8f\xbc\xe2\x80\x8d\xf0\x9f\xab\xaf\xe2\x80\x8d\xf0\x9f\x91\xa9\xf0\x9f\x8f\xbb",1277},
{"\xf0\x9f\x91\xa9\xf0\x9f\x8f\xbc\xe2\x80\x8d\xf0\x9f\xab\xaf\xe2\x80\x8d\xf0\x9f\x91\xa9\xf0\x9f\x8f\xbd",1278},
{"\xf0\x9f\x91\xa9\xf0\x9f\x8f\xbc\xe2\x80\x8d\xf0\x9f\xab\xaf\xe2\x80\x8d\xf0\x9f\x91\xa9\xf0\x9f\x8f\xbe",1279},
{"\xf0\x9f\x91\xa9\xf0\x9f\x8f\xbc\xe2\x80\x8d\xf0\x9f\xab\xaf\xe2\x80\x8d\xf0\x9f\x91\xa9\xf0\x9f\x8f\xbf",1280},
{"\xf0\x9f\x91\xa9\xf0\x9f\x8f\xbc\xef\xb8\x8f",1304},
{"\xf0\x9f\x91\xa9\xf0\x9f\x8f\xbd",1369},
{"\xf0\x9f\x91\xa9\xf0\x9f\x8f\xbd\xe2\x80\x8d\xe2\x9a\x95",1346},
{"\xf0\x9f\x91\xa9\xf0\x9f\x8f\xbd\xe2\x80\x8d\xe2\x9a\x95\xef\xb8\x8f",1346},
{"\xf0\x9f\x91\xa9\xf0\x9f\x8f\xbd\xe2\x80\x8d\xe2\x9a\x96",1347},
{"\xf0\x9f\x91\xa9\xf0\x9f\x8f\xbd\xe2\x80\x8d\xe2\x9a\x96\xef\xb8\x8f",1347},
{"\xf0\x9f\x91\xa9\xf0\x9f\x8f\xbd\xe2\x80\x8d\xe2\x9c\x88",1348},
{"\xf0\x9f\x91\xa9\xf0\x9f\x8f\xbd\xe2\x80\x8d\xe2\x9c\x88\xef\xb8\x8f",1348},
{"\xf0\x9f\x91\xa9\xf0\x9f\x8f\xbd\xe2\x80\x8d\xe2\x9d\xa4\xe2\x80\x8d\xf0\x9f\x91\xa8\xf0\x9f\x8f\xbb",1349},
{"\xf0\x9f\x91\xa9\xf0\x9f\x8f\xbd\xe2\x80\x8d\xe2\x9d\xa4\xe2\x80\x8d\xf0\x9f\x91\xa8\xf0\x9f\x8f\xbc",1350},
{"\xf0\x9f\x91\xa9\xf0\x9f\x8f\xbd\xe2\x80\x8d\xe2\x9d\xa4\xe2\x80\x8d\xf0\x9f\x91\xa8\xf0\x9f\x8f\xbd",1351},
{"\xf0\x9f\x91\xa9\xf0\x9f\x8f\xbd\xe2\x80\x8d\xe2\x9d\xa4\xe2\x80\x8d\xf0\x9f\x91\xa8\xf0\x9f\x8f\xbe",1352},
{"\xf0\x9f\x91\xa9\xf0\x9f\x8f\xbd\xe2\x80\x8d\xe2\x9d\xa4\xe2\x80\x8d\xf0\x9f\x91\xa8\xf0\x9f\x8f\xbf",1353},
{"\xf0\x9f\x91\xa9\xf0\x9f\x8f\xbd\xe2\x80\x8d\xe2\x9d\xa4\xe2\x80\x8d\xf0\x9f\x91\xa9\xf0\x9f\x8f\xbb",1354},
{"\xf0\x9f\x91\xa9\xf0\x9f\x8f\xbd\xe2\x80\x8d\xe2\x9d\xa4\xe2\x80\x8d\xf0\x9f\x91\xa9\xf0\x9f\x8f\xbc",1355},
{"\xf0\x9f\x91\xa9\xf0\x9f\x8f\xbd\xe2\x80\x8d\xe2\x9d\xa4\xe2\x80\x8d\xf0\x9f\x91\xa9\xf0\x9f\x8f\xbd",1356},
{"\xf0\x9f\x91\xa9\xf0\x9f\x8f\xbd\xe2\x80\x8d\xe2\x9d\xa4\xe2\x80\x8d\xf0\x9f\x91\xa9\xf0\x9f\x8f\xbe",1357},
{"\xf0\x9f\x91\xa9\xf0\x9f\x8f\xbd\xe2\x80\x8d\xe2\x9d\xa4\xe2\x80\x8d\xf0\x9f\x91\xa9\xf0\x9f\x8f\xbf",1358},
{"\xf0\x9f\x91\xa9\xf0\x9f\x8f\xbd\xe2\x80\x8d\xe2\x9d\xa4\xe2\x80\x8d\xf0\x9f\x92\x8b\xe2\x80\x8d\xf0\x9f\x91\xa8\xf0\x9f\x8f\xbb",1359},
{"\xf0\x9f\x91\xa9\xf0\x9f\x8f\xbd\xe2\x80\x8d\xe2\x9d\xa4\xe2\x80\x8d\xf0\x9f\x92\x8b\xe2\x80\x8d\xf0\x9f\x91\xa8\xf0\x9f\x8f\xbc",1360},
{"\xf0\x9f\x91\xa9\xf0\x9f\x8f\xbd\xe2\x80\x8d\xe2\x9d\xa4\xe2\x80\x8d\xf0\x9f\x92\x8b\xe2\x80\x8d\xf0\x9f\x91\xa8\xf0\x9f\x8f\xbd",1361},
{"\xf0\x9f\x91\xa9\xf0\x9f\x8f\xbd\xe2\x80\x8d\xe2\x9d\xa4\xe2\x80\x8d\xf0\x9f\x92\x8b\xe2\x80\x8d\xf0\x9f\x91\xa8\xf0\x9f\x8f\xbe",1362},
{"\xf0\x9f\x91\xa9\xf0\x9f\x8f\xbd\xe2\x80\x8d\xe2\x9d\xa4\xe2\x80\x8d\xf0\x9f\x92\x8b\xe2\x80\x8d\xf0\x9f\x91\xa8\xf0\x9f\x8f\xbf",1363},
{"\xf0\x9f\x91\xa9\xf0\x9f\x8f\xbd\xe2\x80\x8d\xe2\x9d\xa4\xe2\x80\x8d\xf0\x9f\x92\x8b\xe2\x80\x8d\xf0\x9f\x91\xa9\xf0\x9f\x8f\xbb",1364},
{"\xf0\x9f\x91\xa9\xf0\x9f\x8f\xbd\xe2\x80\x8d\xe2\x9d\xa4\xe2\x80\x8d\xf0\x9f\x92\x8b\xe2\x80\x8d\xf0\x9f\x91\xa9\xf0\x9f\x8f\xbc",1365},
{"\xf0\x9f\x91\xa9\xf0\x9f\x8f\xbd\xe2\x80\x8d\xe2\x9d\xa4\xe2\x80\x8d\xf0\x9f\x92\x8b\xe2\x80\x8d\xf0\x9f\x91\xa9\xf0\x9f\x8f\xbd",1366},
{"\xf0\x9f\x91\xa9\xf0\x9f\x8f\xbd\xe2\x80\x8d\xe2\x9d\xa4\xe2\x80\x8d\xf0\x9f\x92\x8b\xe2\x80\x8d\xf0\x9f\x91\xa9\xf0\x9f\x8f\xbe",1367},
{"\xf0\x9f\x91\xa9\xf0\x9f\x8f\xbd\xe2\x80\x8d\xe2\x9d\xa4\xe2\x80\x8d\xf0\x9f\x92\x8b\xe2\x80\x8d\xf0\x9f\x91\xa9\xf0\x9f\x8f\xbf",1368},
{"\xf0\x9f\x91\xa9\xf0\x9f\x8f\xbd\xe2\x80\x8d\xe2\x9d\xa4\xef\xb8\x8f\xe2\x80\x8d\xf0\x9f\x91\xa8\xf0\x9f\x8f\xbb",1349},
{"\xf0\x9f\x91\xa9\xf0\x9f\x8f\xbd\xe2\x80\x8d\xe2\x9d\xa4\xef\xb8\x8f\xe2\x80\x8d\xf0\x9f\x91\xa8\xf0\x9f\x8f\xbc",1350},
{"\xf0\x9f\x91\xa9\xf0\x9f\x8f\xbd\xe2\x80\x8d\xe2\x9d\xa4\xef\xb8\x8f\xe2\x80\x8d\xf0\x9f\x91\xa8\xf0\x9f\x8f\xbd",1351},
{"\xf0\x9f\x91\xa9\xf0\x9f\x8f\xbd\xe2\x80\x8d\xe2\x9d\xa4\xef\xb8\x8f\xe2\x80\x8d\xf0\x9f\x91\xa8\xf0\x9f\x8f\xbe",1352},
{"\xf0\x9f\x91\xa9\xf0\x9f\x8f\xbd\xe2\x80\x8d\xe2\x9d\xa4\xef\xb8\x8f\xe2\x80\x8d\xf0\x9f\x91\xa8\xf0\x9f\x8f\xbf",1353},
{"\xf0\x9f\x91\xa9\xf0\x9f\x8f\xbd\xe2\x80\x8d\xe2\x9d\xa4\xef\xb8\x8f\xe2\x80\x8d\xf0\x9f\x91\xa9\xf0\x9f\x8f\xbb",1354},
{"\xf0\x9f\x91\xa9\xf0\x9f\x8f\xbd\xe2\x80\x8d\xe2\x9d\xa4\xef\xb8\x8f\xe2\x80\x8d\xf0\x9f\x91\xa9\xf0\x9f\x8f\xbc",1355},
{"\xf0\x9f\x91\xa9\xf0\x9f\x8f\xbd\xe2\x80\x8d\xe2\x9d\xa4\xef\xb8\x8f\xe2\x80\x8d\xf0\x9f\x91\xa9\xf0\x9f\x8f\xbd",1356},
{"\xf0\x9f\x91\xa9\xf0\x9f\x8f\xbd\xe2\x80\x8d\xe2\x9d\xa4\xef\xb8\x8f\xe2\x80\x8d\xf0\x9f\x91\xa9\xf0\x9f\x8f\xbe",1357},
{"\xf0\x9f\x91\xa9\xf0\x9f\x8f\xbd\xe2\x80\x8d\xe2\x9d\xa4\xef\xb8\x8f\xe2\x80\x8d\xf0\x9f\x91\xa9\xf0\x9f\x8f\xbf",1358},
{"\xf0\x9f\x91\xa9\xf0\x9f\x8f\xbd\xe2\x80\x8d\xe2\x9d\xa4\xef\xb8\x8f\xe2\x80\x8d\xf0\x9f\x92\x8b\xe2\x80\x8d\xf0\x9f\x91\xa8\xf0\x9f\x8f\xbb",1359},
{"\xf0\x9f\x91\xa9\xf0\x9f\x8f\xbd\xe2\x80\x8d\xe2\x9d\xa4\xef\xb8\x8f\xe2\x80\x8d\xf0\x9f\x92\x8b\xe2\x80\x8d\xf0\x9f\x91\xa8\xf0\x9f\x8f\xbc",1360},
{"\xf0\x9f\x91\xa9\xf0\x9f\x8f\xbd\xe2\x80\x8d\xe2\x9d\xa4\xef\xb8\x8f\xe2\x80\x8d\xf0\x9f\x92\x8b\xe2\x80\x8d\xf0\x9f\x91\xa8\xf0\x9f\x8f\xbd",1361},
{"\xf0\x9f\x91\xa9\xf0\x9f\x8f\xbd\xe2\x80\x8d\xe2\x9d\xa4\xef\xb8\x8f\xe2\x80\x8d\xf0\x9f\x92\x8b\xe2\x80\x8d\xf0\x9f\x91\xa8\xf0\x9f\x8f\xbe",1362},
{"\xf0\x9f\x91\xa9\xf0\x9f\x8f\xbd\xe2\x80\x8d\xe2\x9d\xa4\xef\xb8\x8f\xe2\x80\x8d\xf0\x9f\x92\x8b\xe2\x80\x8d\xf0\x9f\x91\xa8\xf0\x9f\x8f\xbf",1363},
{"\xf0\x9f\x91\xa9\xf0\x9f\x8f\xbd\xe2\x80\x8d\xe2\x9d\xa4\xef\xb8\x8f\xe2\x80\x8d\xf0\x9f\x92\x8b\xe2\x80\x8d\xf0\x9f\x91\xa9\xf0\x9f\x8f\xbb",1364},
{"\xf0\x9f\x91\xa9\xf0\x9f\x8f\xbd\xe2\x80\x8d\xe2\x9d\xa4\xef\xb8\x8f\xe2\x80\x8d\xf0\x9f\x92\x8b\xe2\x80\x8d\xf0\x9f\x91\xa9\xf0\x9f\x8f\xbc",1365},
{"\xf0\x9f\x91\xa9\xf0\x9f\x8f\xbd\xe2\x80\x8d\xe2\x9d\xa4\xef\xb8\x8f\xe2\x80\x8d\xf0\x9f\x92\x8b\xe2\x80\x8d\xf0\x9f\x91\xa9\xf0\x9f\x8f\xbd",1366},
{"\xf0\x9f\x91\xa9\xf0\x9f\x8f\xbd\xe2\x80\x8d\xe2\x9d\xa4\xef\xb8\x8f\xe2\x80\x8d\xf0\x9f\x92\x8b\xe2\x80\x8d\xf0\x9f\x91\xa9\xf0\x9f\x8f\xbe",1367},
{"\xf0\x9f\x91\xa9\xf0\x9f\x8f\xbd\xe2\x80\x8d\xe2\x9d\xa4\xef\xb8\x8f\xe2\x80\x8d\xf0\x9f\x92\x8b\xe2\x80\x8d\xf0\x9f\x91\xa9\xf0\x9f\x8f\xbf",1368},
{"\xf0\x9f\x91\xa9\xf0\x9f\x8f\xbd\xe2\x80\x8d\xf0\x9f\x8c\xbe",1305},
{"\xf0\x9f\x91\xa9\xf0\x9f\x8f\xbd\xe2\x80\x8d\xf0\x9f\x8d\xb3",1306},
{"\xf0\x9f\x91\xa9\xf0\x9f\x8f\xbd\xe2\x80\x8d\xf0\x9f\x8d\xbc",1307},
{"\xf0\x9f\x91\xa9\xf0\x9f\x8f\xbd\xe2\x80\x8d\xf0\x9f\x8e\x84",1308},
{"\xf0\x9f\x91\xa9\xf0\x9f\x8f\xbd\xe2\x80\x8d\xf0\x9f\x8e\x93",1309},
{"\xf0\x9f\x91\xa9\xf0\x9f\x8f\xbd\xe2\x80\x8d\xf0\x9f\x8e\xa4",1310},
{"\xf0\x9f\x91\xa9\xf0\x9f\x8f\xbd\xe2\x80\x8d\xf0\x9f\x8e\xa8",1311},
{"\xf0\x9f\x91\xa9\xf0\x9f\x8f\xbd\xe2\x80\x8d\xf0\x9f\x8f\xab",1312},
{"\xf0\x9f\x91\xa9\xf0\x9f\x8f\xbd\xe2\x80\x8d\xf0\x9f\x8f\xad",1313},
{"\xf0\x9f\x91\xa9\xf0\x9f\x8f\xbd\xe2\x80\x8d\xf0\x9f\x90\xb0\xe2\x80\x8d\xf0\x9f\x91\xa9\xf0\x9f\x8f\xbb",1314},
{"\xf0\x9f\x91\xa9\xf0\x9f\x8f\xbd\xe2\x80\x8d\xf0\x9f\x90\xb0\xe2\x80\x8d\xf0\x9f\x91\xa9\xf0\x9f\x8f\xbc",1315},
{"\xf0\x9f\x91\xa9\xf0\x9f\x8f\xbd\xe2\x80\x8d\xf0\x9f\x90\xb0\xe2\x80\x8d\xf0\x9f\x91\xa9\xf0\x9f\x8f\xbe",1316},
{"\xf0\x9f\x91\xa9\xf0\x9f\x8f\xbd\xe2\x80\x8d\xf0\x9f\x90\xb0\xe2\x80\x8d\xf0\x9f\x91\xa9\xf0\x9f\x8f\xbf",1317},
{"\xf0\x9f\x91\xa9\xf0\x9f\x8f\xbd\xe2\x80\x8d\xf0\x9f\x92\xbb",1318},
{"\xf0\x9f\x91\xa9\xf0\x9f\x8f\xbd\xe2\x80\x8d\xf0\x9f\x92\xbc",1319},
{"\xf0\x9f\x91\xa9\xf0\x9f\x8f\xbd\xe2\x80\x8d\xf0\x9f\x94\xa7",1320},
{"\xf0\x9f\x91\xa9\xf0\x9f\x8f\xbd\xe2\x80\x8d\xf0\x9f\x94\xac",1321},
{"\xf0\x9f\x91\xa9\xf0\x9f\x8f\xbd\xe2\x80\x8d\xf0\x9f\x9a\x80",1322},
{"\xf0\x9f\x91\xa9\xf0\x9f\x8f\xbd\xe2\x80\x8d\xf0\x9f\x9a\x92",1323},
{"\xf0\x9f\x91\xa9\xf0\x9f\x8f\xbd\xe2\x80\x8d\xf0\x9f\xa4\x9d\xe2\x80\x8d\xf0\x9f\x91\xa8\xf0\x9f\x8f\xbb",1324},
{"\xf0\x9f\x91\xa9\xf0\x9f\x8f\xbd\xe2\x80\x8d\xf0\x9f\xa4\x9d\xe2\x80\x8d\xf0\x9f\x91\xa8\xf0\x9f\x8f\xbc",1325},
{"\xf0\x9f\x91\xa9\xf0\x9f\x8f\xbd\xe2\x80\x8d\xf0\x9f\xa4\x9d\xe2\x80\x8d\xf0\x9f\x91\xa8\xf0\x9f\x8f\xbe",1326},
{"\xf0\x9f\x91\xa9\xf0\x9f\x8f\xbd\xe2\x80\x8d\xf0\x9f\xa4\x9d\xe2\x80\x8d\xf0\x9f\x91\xa8\xf0\x9f\x8f\xbf",1327},
{"\xf0\x9f\x91\xa9\xf0\x9f\x8f\xbd\xe2\x80\x8d\xf0\x9f\xa4\x9d\xe2\x80\x8d\xf0\x9f\x91\xa9\xf0\x9f\x8f\xbb",1328},
{"\xf0\x9f\x91\xa9\xf0\x9f\x8f\xbd\xe2\x80\x8d\xf0\x9f\xa4\x9d\xe2\x80\x8d\xf0\x9f\x91\xa9\xf0\x9f\x8f\xbc",1329},
{"\xf0\x9f\x91\xa9\xf0\x9f\x8f\xbd\xe2\x80\x8d\xf0\x9f\xa4\x9d\xe2\x80\x8d\xf0\x9f\x91\xa9\xf0\x9f\x8f\xbe",1330},
{"\xf0\x9f\x91\xa9\xf0\x9f\x8f\xbd\xe2\x80\x8d\xf0\x9f\xa4\x9d\xe2\x80\x8d\xf0\x9f\x91\xa9\xf0\x9f\x8f\xbf",1331},
{"\xf0\x9f\x91\xa9\xf0\x9f\x8f\xbd\xe2\x80\x8d\xf0\x9f\xa6\xaf",1333},
{"\xf0\x9f\x91\xa9\xf0\x9f\x8f\xbd\xe2\x80\x8d\xf0\x9f\xa6\xaf\xe2\x80\x8d\xe2\x9e\xa1",1332},
{"\xf0\x9f\x91\xa9\xf0\x9f\x8f\xbd\xe2\x80\x8d\xf0\x9f\xa6\xaf\xe2\x80\x8d\xe2\x9e\xa1\xef\xb8\x8f",1332},
{"\xf0\x9f\x91\xa9\xf0\x9f\x8f\xbd\xe2\x80\x8d\xf0\x9f\xa6\xb0",1334},
{"\xf0\x9f\x91\xa9\xf0\x9f\x8f\xbd\xe2\x80\x8d\xf0\x9f\xa6\xb1",1335},
{"\xf0\x9f\x91\xa9\xf0\x9f\x8f\xbd\xe2\x80\x8d\xf0\x9f\xa6\xb2",1336},
{"\xf0\x9f\x91\xa9\xf0\x9f\x8f\xbd\xe2\x80\x8d\xf0\x9f\xa6\xb3",1337},
{"\xf0\x9f\x91\xa9\xf0\x9f\x8f\xbd\xe2\x80\x8d\xf0\x9f\xa6\xbc",1339},
{"\xf0\x9f\x91\xa9\xf0\x9f\x8f\xbd\xe2\x80\x8d\xf0\x9f\xa6\xbc\xe2\x80\x8d\xe2\x9e\xa1",1338},
{"\xf0\x9f\x91\xa9\xf0\x9f\x8f\xbd\xe2\x80\x8d\xf0\x9f\xa6\xbc\xe2\x80\x8d\xe2\x9e\xa1\xef\xb8\x8f",1338},
{"\xf0\x9f\x91\xa9\xf0\x9f\x8f\xbd\xe2\x80\x8d\xf0\x9f\xa6\xbd",1341},
{"\xf0\x9f\x91\xa9\xf0\x9f\x8f\xbd\xe2\x80\x8d\xf0\x9f\xa6\xbd\xe2\x80\x8d\xe2\x9e\xa1",1340},
{"\xf0\x9f\x91\xa9\xf0\x9f\x8f\xbd\xe2\x80\x8d\xf0\x9f\xa6\xbd\xe2\x80\x8d\xe2\x9e\xa1\xef\xb8\x8f",1340},
{"\xf0\x9f\x91\xa9\xf0\x9f\x8f\xbd\xe2\x80\x8d\xf0\x9f\xab\xaf\xe2\x80\x8d\xf0\x9f\x91\xa9\xf0\x9f\x8f\xbb",1342},
{"\xf0\x9f\x91\xa9\xf0\x9f\x8f\xbd\xe2\x80\x8d\xf0\x9f\xab\xaf\xe2\x80\x8d\xf0\x9f\x91\xa9\xf0\x9f\x8f\xbc",1343},
{"\xf0\x9f\x91\xa9\xf0\x9f\x8f\xbd\xe2\x80\x8d\xf0\x9f\xab\xaf\xe2\x80\x8d\xf0\x9f\x91\xa9\xf0\x9f\x8f\xbe",1344},
{"\xf0\x9f\x91\xa9\xf0\x9f\x8f\xbd\xe2\x80\x8d\xf0\x9f\xab\xaf\xe2\x80\x8d\xf0\x9f\x91\xa9\xf0\x9f\x8f\xbf",1345},
{"\xf0\x9f\x91\xa9\xf0\x9f\x8f\xbd\xef\xb8\x8f",1369},
{"\xf0\x9f\x91\xa9\xf0\x9f\x8f\xbe",1434},
{"\xf0\x9f\x91\xa9\xf0\x9f\x8f\xbe\xe2\x80\x8d\xe2\x9a\x95",1411},
{"\xf0\x9f\x91\xa9\xf0\x9f\x8f\xbe\xe2\x80\x8d\xe2\x9a\x95\xef\xb8\x8f",1411},
{"\xf0\x9f\x91\xa9\xf0\x9f\x8f\xbe\xe2\x80\x8d\xe2\x9a\x96",1412},
{"\xf0\x9f\x91\xa9\xf0\x9f\x8f\xbe\xe2\x80\x8d\xe2\x9a\x96\xef\xb8\x8f",1412},
{"\xf0\x9f\x91\xa9\xf0\x9f\x8f\xbe\xe2\x80\x8d\xe2\x9c\x88",1413},
{"\xf0\x9f\x91\xa9\xf0\x9f\x8f\xbe\xe2\x80\x8d\xe2\x9c\x88\xef\xb8\x8f",1413},
{"\xf0\x9f\x91\xa9\xf0\x9f\x8f\xbe\xe2\x80\x8d\xe2\x9d\xa4\xe2\x80\x8d\xf0\x9f\x91\xa8\xf0\x9f\x8f\xbb",1414},
{"\xf0\x9f\x91\xa9\xf0\x9f\x8f\xbe\xe2\x80\x8d\xe2\x9d\xa4\xe2\x80\x8d\xf0\x9f\x91\xa8\xf0\x9f\x8f\xbc",1415},
{"\xf0\x9f\x91\xa9\xf0\x9f\x8f\xbe\xe2\x80\x8d\xe2\x9d\xa4\xe2\x80\x8d\xf0\x9f\x91\xa8\xf0\x9f\x8f\xbd",1416},
{"\xf0\x9f\x91\xa9\xf0\x9f\x8f\xbe\xe2\x80\x8d\xe2\x9d\xa4\xe2\x80\x8d\xf0\x9f\x91\xa8\xf0\x9f\x8f\xbe",1417},
{"\xf0\x9f\x91\xa9\xf0\x9f\x8f\xbe\xe2\x80\x8d\xe2\x9d\xa4\xe2\x80\x8d\xf0\x9f\x91\xa8\xf0\x9f\x8f\xbf",1418},
{"\xf0\x9f\x91\xa9\xf0\x9f\x8f\xbe\xe2\x80\x8d\xe2\x9d\xa4\xe2\x80\x8d\xf0\x9f\x91\xa9\xf0\x9f\x8f\xbb",1419},
{"\xf0\x9f\x91\xa9\xf0\x9f\x8f\xbe\xe2\x80\x8d\xe2\x9d\xa4\xe2\x80\x8d\xf0\x9f\x91\xa9\xf0\x9f\x8f\xbc",1420},
{"\xf0\x9f\x91\xa9\xf0\x9f\x8f\xbe\xe2\x80\x8d\xe2\x9d\xa4\xe2\x80\x8d\xf0\x9f\x91\xa9\xf0\x9f\x8f\xbd",1421},
{"\xf0\x9f\x91\xa9\xf0\x9f\x8f\xbe\xe2\x80\x8d\xe2\x9d\xa4\xe2\x80\x8d\xf0\x9f\x91\xa9\xf0\x9f\x8f\xbe",1422},
{"\xf0\x9f\x91\xa9\xf0\x9f\x8f\xbe\xe2\x80\x8d\xe2\x9d\xa4\xe2\x80\x8d\xf0\x9f\x91\xa9\xf0\x9f\x8f\xbf",1423},
{"\xf0\x9f\x91\xa9\xf0\x9f\x8f\xbe\xe2\x80\x8d\xe2\x9d\xa4\xe2\x80\x8d\xf0\x9f\x92\x8b\xe2\x80\x8d\xf0\x9f\x91\xa8\xf0\x9f\x8f\xbb",1424},
{"\xf0\x9f\x91\xa9\xf0\x9f\x8f\xbe\xe2\x80\x8d\xe2\x9d\xa4\xe2\x80\x8d\xf0\x9f\x92\x8b\xe2\x80\x8d\xf0\x9f\x91\xa8\xf0\x9f\x8f\xbc",1425},
{"\xf0\x9f\x91\xa9\xf0\x9f\x8f\xbe\xe2\x80\x8d\xe2\x9d\xa4\xe2\x80\x8d\xf0\x9f\x92\x8b\xe2\x80\x8d\xf0\x9f\x91\xa8\xf0\x9f\x8f\xbd",1426},
{"\xf0\x9f\x91\xa9\xf0\x9f\x8f\xbe\xe2\x80\x8d\xe2\x9d\xa4\xe2\x80\x8d\xf0\x9f\x92\x8b\xe2\x80\x8d\xf0\x9f\x91\xa8\xf0\x9f\x8f\xbe",1427},
{"\xf0\x9f\x91\xa9\xf0\x9f\x8f\xbe\xe2\x80\x8d\xe2\x9d\xa4\xe2\x80\x8d\xf0\x9f\x92\x8b\xe2\x80\x8d\xf0\x9f\x91\xa8\xf0\x9f\x8f\xbf",1428},
{"\xf0\x9f\x91\xa9\xf0\x9f\x8f\xbe\xe2\x80\x8d\xe2\x9d\xa4\xe2\x80\x8d\xf0\x9f\x92\x8b\xe2\x80\x8d\xf0\x9f\x91\xa9\xf0\x9f\x8f\xbb",1429},
{"\xf0\x9f\x91\xa9\xf0\x9f\x8f\xbe\xe2\x80\x8d\xe2\x9d\xa4\xe2\x80\x8d\xf0\x9f\x92\x8b\xe2\x80\x8d\xf0\x9f\x91\xa9\xf0\x9f\x8f\xbc",1430},
{"\xf0\x9f\x91\xa9\xf0\x9f\x8f\xbe\xe2\x80\x8d\xe2\x9d\xa4\xe2\x80\x8d\xf0\x9f\x92\x8b\xe2\x80\x8d\xf0\x9f\x91\xa9\xf0\x9f\x8f\xbd",1431},
{"\xf0\x9f\x91\xa9\xf0\x9f\x8f\xbe\xe2\x80\x8d\xe2\x9d\xa4\xe2\x80\x8d\xf0\x9f\x92\x8b\xe2\x80\x8d\xf0\x9f\x91\xa9\xf0\x9f\x8f\xbe",1432},
{"\xf0\x9f\x91\xa9\xf0\x9f\x8f\xbe\xe2\x80\x8d\xe2\x9d\xa4\xe2\x80\x8d\xf0\x9f\x92\x8b\xe2\x80\x8d\xf0\x9f\x91\xa9\xf0\x9f\x8f\xbf",1433},
{"\xf0\x9f\x91\xa9\xf0\x9f\x8f\xbe\xe2\x80\x8d\xe2\x9d\xa4\xef\xb8\x8f\xe2\x80\x8d\xf0\x9f\x91\xa8\xf0\x9f\x8f\xbb",1414},
{"\xf0\x9f\x91\xa9\xf0\x9f\x8f\xbe\xe2\x80\x8d\xe2\x9d\xa4\xef\xb8\x8f\xe2\x80\x8d\xf0\x9f\x91\xa8\xf0\x9f\x8f\xbc",1415},
{"\xf0\x9f\x91\xa9\xf0\x9f\x8f\xbe\xe2\x80\x8d\xe2\x9d\xa4\xef\xb8\x8f\xe2\x80\x8d\xf0\x9f\x91\xa8\xf0\x9f\x8f\xbd",1416},
{"\xf0\x9f\x91\xa9\xf0\x9f\x8f\xbe\xe2\x80\x8d\xe2\x9d\xa4\xef\xb8\x8f\xe2\x80\x8d\xf0\x9f\x91\xa8\xf0\x9f\x8f\xbe",1417},
{"\xf0\x9f\x91\xa9\xf0\x9f\x8f\xbe\xe2\x80\x8d\xe2\x9d\xa4\xef\xb8\x8f\xe2\x80\x8d\xf0\x9f\x91\xa8\xf0\x9f\x8f\xbf",1418},
{"\xf0\x9f\x91\xa9\xf0\x9f\x8f\xbe\xe2\x80\x8d\xe2\x9d\xa4\xef\xb8\x8f\xe2\x80\x8d\xf0\x9f\x91\xa9\xf0\x9f\x8f\xbb",1419},
{"\xf0\x9f\x91\xa9\xf0\x9f\x8f\xbe\xe2\x80\x8d\xe2\x9d\xa4\xef\xb8\x8f\xe2\x80\x8d\xf0\x9f\x91\xa9\xf0\x9f\x8f\xbc",1420},
{"\xf0\x9f\x91\xa9\xf0\x9f\x8f\xbe\xe2\x80\x8d\xe2\x9d\xa4\xef\xb8\x8f\xe2\x80\x8d\xf0\x9f\x91\xa9\xf0\x9f\x8f\xbd",1421},
{"\xf0\x9f\x91\xa9\xf0\x9f\x8f\xbe\xe2\x80\x8d\xe2\x9d\xa4\xef\xb8\x8f\xe2\x80\x8d\xf0\x9f\x91\xa9\xf0\x9f\x8f\xbe",1422},
{"\xf0\x9f\x91\xa9\xf0\x9f\x8f\xbe\xe2\x80\x8d\xe2\x9d\xa4\xef\xb8\x8f\xe2\x80\x8d\xf0\x9f\x91\xa9\xf0\x9f\x8f\xbf",1423},
{"\xf0\x9f\x91\xa9\xf0\x9f\x8f\xbe\xe2\x80\x8d\xe2\x9d\xa4\xef\xb8\x8f\xe2\x80\x8d\xf0\x9f\x92\x8b\xe2\x80\x8d\xf0\x9f\x91\xa8\xf0\x9f\x8f\xbb",1424},
{"\xf0\x9f\x91\xa9\xf0\x9f\x8f\xbe\xe2\x80\x8d\xe2\x9d\xa4\xef\xb8\x8f\xe2\x80\x8d\xf0\x9f\x92\x8b\xe2\x80\x8d\xf0\x9f\x91\xa8\xf0\x9f\x8f\xbc",1425},
{"\xf0\x9f\x91\xa9\xf0\x9f\x8f\xbe\xe2\x80\x8d\xe2\x9d\xa4\xef\xb8\x8f\xe2\x80\x8d\xf0\x9f\x92\x8b\xe2\x80\x8d\xf0\x9f\x91\xa8\xf0\x9f\x8f\xbd",1426},
{"\xf0\x9f\x91\xa9\xf0\x9f\x8f\xbe\xe2\x80\x8d\xe2\x9d\xa4\xef\xb8\x8f\xe2\x80\x8d\xf0\x9f\x92\x8b\xe2\x80\x8d\xf0\x9f\x91\xa8\xf0\x9f\x8f\xbe",1427},
{"\xf0\x9f\x91\xa9\xf0\x9f\x8f\xbe\xe2\x80\x8d\xe2\x9d\xa4\xef\xb8\x8f\xe2\x80\x8d\xf0\x9f\x92\x8b\xe2\x80\x8d\xf0\x9f\x91\xa8\xf0\x9f\x8f\xbf",1428},
{"\xf0\x9f\x91\xa9\xf0\x9f\x8f\xbe\xe2\x80\x8d\xe2\x9d\xa4\xef\xb8\x8f\xe2\x80\x8d\xf0\x9f\x92\x8b\xe2\x80\x8d\xf0\x9f\x91\xa9\xf0\x9f\x8f\xbb",1429},
{"\xf0\x9f\x91\xa9\xf0\x9f\x8f\xbe\xe2\x80\x8d\xe2\x9d\xa4\xef\xb8\x8f\xe2\x80\x8d\xf0\x9f\x92\x8b\xe2\x80\x8d\xf0\x9f\x91\xa9\xf0\x9f\x8f\xbc",1430},
{"\xf0\x9f\x91\xa9\xf0\x9f\x8f\xbe\xe2\x80\x8d\xe2\x9d\xa4\xef\xb8\x8f\xe2\x80\x8d\xf0\x9f\x92\x8b\xe2\x80\x8d\xf0\x9f\x91\xa9\xf0\x9f\x8f\xbd",1431},
{"\xf0\x9f\x91\xa9\xf0\x9f\x8f\xbe\xe2\x80\x8d\xe2\x9d\xa4\xef\xb8\x8f\xe2\x80\x8d\xf0\x9f\x92\x8b\xe2\x80\x8d\xf0\x9f\x91\xa9\xf0\x9f\x8f\xbe",1432},
{"\xf0\x9f\x91\xa9\xf0\x9f\x8f\xbe\xe2\x80\x8d\xe2\x9d\xa4\xef\xb8\x8f\xe2\x80\x8d\xf0\x9f\x92\x8b\xe2\x80\x8d\xf0\x9f\x91\xa9\xf0\x9f\x8f\xbf",1433},
{"\xf0\x9f\x91\xa9\xf0\x9f\x8f\xbe\xe2\x80\x8d\xf0\x9f\x8c\xbe",1370},
{"\xf0\x9f\x91\xa9\xf0\x9f\x8f\xbe\xe2\x80\x8d\xf0\x9f\x8d\xb3",1371},
{"\xf0\x9f\x91\xa9\xf0\x9f\x8f\xbe\xe2\x80\x8d\xf0\x9f\x8d\xbc",1372},
{"\xf0\x9f\x91\xa9\xf0\x9f\x8f\xbe\xe2\x80\x8d\xf0\x9f\x8e\x84",1373},
{"\xf0\x9f\x91\xa9\xf0\x9f\x8f\xbe\xe2\x80\x8d\xf0\x9f\x8e\x93",1374},
{"\xf0\x9f\x91\xa9\xf0\x9f\x8f\xbe\xe2\x80\x8d\xf0\x9f\x8e\xa4",1375},
{"\xf0\x9f\x91\xa9\xf0\x9f\x8f\xbe\xe2\x80\x8d\xf0\x9f\x8e\xa8",1376},
{"\xf0\x9f\x91\xa9\xf0\x9f\x8f\xbe\xe2\x80\x8d\xf0\x9f\x8f\xab",1377},
{"\xf0\x9f\x91\xa9\xf0\x9f\x8f\xbe\xe2\x80\x8d\xf0\x9f\x8f\xad",1378},
{"\xf0\x9f\x91\xa9\xf0\x9f\x8f\xbe\xe2\x80\x8d\xf0\x9f\x90\xb0\xe2\x80\x8d\xf0\x9f\x91\xa9\xf0\x9f\x8f\xbb",1379},
{"\xf0\x9f\x91\xa9\xf0\x9f\x8f\xbe\xe2\x80\x8d\xf0\x9f\x90\xb0\xe2\x80\x8d\xf0\x9f\x91\xa9\xf0\x9f\x8f\xbc",1380},
{"\xf0\x9f\x91\xa9\xf0\x9f\x8f\xbe\xe2\x80\x8d\xf0\x9f\x90\xb0\xe2\x80\x8d\xf0\x9f\x91\xa9\xf0\x9f\x8f\xbd",1381},
{"\xf0\x9f\x91\xa9\xf0\x9f\x8f\xbe\xe2\x80\x8d\xf0\x9f\x90\xb0\xe2\x80\x8d\xf0\x9f\x91\xa9\xf0\x9f\x8f\xbf",1382},
{"\xf0\x9f\x91\xa9\xf0\x9f\x8f\xbe\xe2\x80\x8d\xf0\x9f\x92\xbb",1383},
{"\xf0\x9f\x91\xa9\xf0\x9f\x8f\xbe\xe2\x80\x8d\xf0\x9f\x92\xbc",1384},
{"\xf0\x9f\x91\xa9\xf0\x9f\x8f\xbe\xe2\x80\x8d\xf0\x9f\x94\xa7",1385},
{"\xf0\x9f\x91\xa9\xf0\x9f\x8f\xbe\xe2\x80\x8d\xf0\x9f\x94\xac",1386},
{"\xf0\x9f\x91\xa9\xf0\x9f\x8f\xbe\xe2\x80\x8d\xf0\x9f\x9a\x80",1387},
{"\xf0\x9f\x91\xa9\xf0\x9f\x8f\xbe\xe2\x80\x8d\xf0\x9f\x9a\x92",1388},
{"\xf0\x9f\x91\xa9\xf0\x9f\x8f\xbe\xe2\x80\x8d\xf0\x9f\xa4\x9d\xe2\x80\x8d\xf0\x9f\x91\xa8\xf0\x9f\x8f\xbb",1389},
{"\xf0\x9f\x91\xa9\xf0\x9f\x8f\xbe\xe2\x80\x8d\xf0\x9f\xa4\x9d\xe2\x80\x8d\xf0\x9f\x91\xa8\xf0\x9f\x8f\xbc",1390},
{"\xf0\x9f\x91\xa9\xf0\x9f\x8f\xbe\xe2\x80\x8d\xf0\x9f\xa4\x9d\xe2\x80\x8d\xf0\x9f\x91\xa8\xf0\x9f\x8f\xbd",1391},
{"\xf0\x9f\x91\xa9\xf0\x9f\x8f\xbe\xe2\x80\x8d\xf0\x9f\xa4\x9d\xe2\x80\x8d\xf0\x9f\x91\xa8\xf0\x9f\x8f\xbf",1392},
{"\xf0\x9f\x91\xa9\xf0\x9f\x8f\xbe\xe2\x80\x8d\xf0\x9f\xa4\x9d\xe2\x80\x8d\xf0\x9f\x91\xa9\xf0\x9f\x8f\xbb",1393},
{"\xf0\x9f\x91\xa9\xf0\x9f\x8f\xbe\xe2\x80\x8d\xf0\x9f\xa4\x9d\xe2\x80\x8d\xf0\x9f\x91\xa9\xf0\x9f\x8f\xbc",1394},
{"\xf0\x9f\x91\xa9\xf0\x9f\x8f\xbe\xe2\x80\x8d\xf0\x9f\xa4\x9d\xe2\x80\x8d\xf0\x9f\x91\xa9\xf0\x9f\x8f\xbd",1395},
{"\xf0\x9f\x91\xa9\xf0\x9f\x8f\xbe\xe2\x80\x8d\xf0\x9f\xa4\x9d\xe2\x80\x8d\xf0\x9f\x91\xa9\xf0\x9f\x8f\xbf",1396},
{"\xf0\x9f\x91\xa9\xf0\x9f\x8f\xbe\xe2\x80\x8d\xf0\x9f\xa6\xaf",1398},
{"\xf0\x9f\x91\xa9\xf0\x9f\x8f\xbe\xe2\x80\x8d\xf0\x9f\xa6\xaf\xe2\x80\x8d\xe2\x9e\xa1",1397},
{"\xf0\x9f\x91\xa9\xf0\x9f\x8f\xbe\xe2\x80\x8d\xf0\x9f\xa6\xaf\xe2\x80\x8d\xe2\x9e\xa1\xef\xb8\x8f",1397},
{"\xf0\x9f\x91\xa9\xf0\x9f\x8f\xbe\xe2\x80\x8d\xf0\x9f\xa6\xb0",1399},
{"\xf0\x9f\x91\xa9\xf0\x9f\x8f\xbe\xe2\x80\x8d\xf0\x9f\xa6\xb1",1400},
{"\xf0\x9f\x91\xa9\xf0\x9f\x8f\xbe\xe2\x80\x8d\xf0\x9f\xa6\xb2",1401},
{"\xf0\x9f\x91\xa9\xf0\x9f\x8f\xbe\xe2\x80\x8d\xf0\x9f\xa6\xb3",1402},
{"\xf0\x9f\x91\xa9\xf0\x9f\x8f\xbe\xe2\x80\x8d\xf0\x9f\xa6\xbc",1404},
{"\xf0\x9f\x91\xa9\xf0\x9f\x8f\xbe\xe2\x80\x8d\xf0\x9f\xa6\xbc\xe2\x80\x8d\xe2\x9e\xa1",1403},
{"\xf0\x9f\x91\xa9\xf0\x9f\x8f\xbe\xe2\x80\x8d\xf0\x9f\xa6\xbc\xe2\x80\x8d\xe2\x9e\xa1\xef\xb8\x8f",1403},
{"\xf0\x9f\x91\xa9\xf0\x9f\x8f\xbe\xe2\x80\x8d\xf0\x9f\xa6\xbd",1406},
{"\xf0\x9f\x91\xa9\xf0\x9f\x8f\xbe\xe2\x80\x8d\xf0\x9f\xa6\xbd\xe2\x80\x8d\xe2\x9e\xa1",1405},
{"\xf0\x9f\x91\xa9\xf0\x9f\x8f\xbe\xe2\x80\x8d\xf0\x9f\xa6\xbd\xe2\x80\x8d\xe2\x9e\xa1\xef\xb8\x8f",1405},
{"\xf0\x9f\x91\xa9\xf0\x9f\x8f\xbe\xe2\x80\x8d\xf0\x9f\xab\xaf\xe2\x80\x8d\xf0\x9f\x91\xa9\xf0\x9f\x8f\xbb",1407},
{"\xf0\x9f\x91\xa9\xf0\x9f\x8f\xbe\xe2\x80\x8d\xf0\x9f\xab\xaf\xe2\x80\x8d\xf0\x9f\x91\xa9\xf0\x9f\x8f\xbc",1408},
{"\xf0\x9f\x91\xa9\xf0\x9f\x8f\xbe\xe2\x80\x8d\xf0\x9f\xab\xaf\xe2\x80\x8d\xf0\x9f\x91\xa9\xf0\x9f\x8f\xbd",1409},
{"\xf0\x9f\x91\xa9\xf0\x9f\x8f\xbe\xe2\x80\x8d\xf0\x9f\xab\xaf\xe2\x80\x8d\xf0\x9f\x91\xa9\xf0\x9f\x8f\xbf",1410},
{"\xf0\x9f\x91\xa9\xf0\x9f\x8f\xbe\xef\xb8\x8f",1434},
{"\xf0\x9f\x91\xa9\xf0\x9f\x8f\xbf",1499},
{"\xf0\x9f\x91\xa9\xf0\x9f\x8f\xbf\xe2\x80\x8d\xe2\x9a\x95",1476},
{"\xf0\x9f\x91\xa9\xf0\x9f\x8f\xbf\xe2\x80\x8d\xe2\x9a\x95\xef\xb8\x8f",1476},
{"\xf0\x9f\x91\xa9\xf0\x9f\x8f\xbf\xe2\x80\x8d\xe2\x9a\x96",1477},
{"\xf0\x9f\x91\xa9\xf0\x9f\x8f\xbf\xe2\x80\x8d\xe2\x9a\x96\xef\xb8\x8f",1477},
{"\xf0\x9f\x91\xa9\xf0\x9f\x8f\xbf\xe2\x80\x8d\xe2\x9c\x88",1478},
{"\xf0\x9f\x91\xa9\xf0\x9f\x8f\xbf\xe2\x80\x8d\xe2\x9c\x88\xef\xb8\x8f",1478},
{"\xf0\x9f\x91\xa9\xf0\x9f\x8f\xbf\xe2\x80\x8d\xe2\x9d\xa4\xe2\x80\x8d\xf0\x9f\x91\xa8\xf0\x9f\x8f\xbb",1479},
{"\xf0\x9f\x91\xa9\xf0\x9f\x8f\xbf\xe2\x80\x8d\xe2\x9d\xa4\xe2\x80\x8d\xf0\x9f\x91\xa8\xf0\x9f\x8f\xbc",1480},
{"\xf0\x9f\x91\xa9\xf0\x9f\x8f\xbf\xe2\x80\x8d\xe2\x9d\xa4\xe2\x80\x8d\xf0\x9f\x91\xa8\xf0\x9f\x8f\xbd",1481},
{"\xf0\x9f\x91\xa9\xf0\x9f\x8f\xbf\xe2\x80\x8d\xe2\x9d\xa4\xe2\x80\x8d\xf0\x9f\x91\xa8\xf0\x9f\x8f\xbe",1482},
{"\xf0\x9f\x91\xa9\xf0\x9f\x8f\xbf\xe2\x80\x8d\xe2\x9d\xa4\xe2\x80\x8d\xf0\x9f\x91\xa8\xf0\x9f\x8f\xbf",1483},
{"\xf0\x9f\x91\xa9\xf0\x9f\x8f\xbf\xe2\x80\x8d\xe2\x9d\xa4\xe2\x80\x8d\xf0\x9f\x91\xa9\xf0\x9f\x8f\xbb",1484},
{"\xf0\x9f\x91\xa9\xf0\x9f\x8f\xbf\xe2\x80\x8d\xe2\x9d\xa4\xe2\x80\x8d\xf0\x9f\x91\xa9\xf0\x9f\x8f\xbc",1485},
{"\xf0\x9f\x91\xa9\xf0\x9f\x8f\xbf\xe2\x80\x8d\xe2\x9d\xa4\xe2\x80\x8d\xf0\x9f\x91\xa9\xf0\x9f\x8f\xbd",1486},
{"\xf0\x9f\x91\xa9\xf0\x9f\x8f\xbf\xe2\x80\x8d\xe2\x9d\xa4\xe2\x80\x8d\xf0\x9f\x91\xa9\xf0\x9f\x8f\xbe",1487},
{"\xf0\x9f\x91\xa9\xf0\x9f\x8f\xbf\xe2\x80\x8d\xe2\x9d\xa4\xe2\x80\x8d\xf0\x9f\x91\xa9\xf0\x9f\x8f\xbf",1488},
{"\xf0\x9f\x91\xa9\xf0\x9f\x8f\xbf\xe2\x80\x8d\xe2\x9d\xa4\xe2\x80\x8d\xf0\x9f\x92\x8b\xe2\x80\x8d\xf0\x9f\x91\xa8\xf0\x9f\x8f\xbb",1489},
{"\xf0\x9f\x91\xa9\xf0\x9f\x8f\xbf\xe2\x80\x8d\xe2\x9d\xa4\xe2\x80\x8d\xf0\x9f\x92\x8b\xe2\x80\x8d\xf0\x9f\x91\xa8\xf0\x9f\x8f\xbc",1490},
{"\xf0\x9f\x91\xa9\xf0\x9f\x8f\xbf\xe2\x80\x8d\xe2\x9d\xa4\xe2\x80\x8d\xf0\x9f\x92\x8b\xe2\x80\x8d\xf0\x9f\x91\xa8\xf0\x9f\x8f\xbd",1491},
{"\xf0\x9f\x91\xa9\xf0\x9f\x8f\xbf\xe2\x80\x8d\xe2\x9d\xa4\xe2\x80\x8d\xf0\x9f\x92\x8b\xe2\x80\x8d\xf0\x9f\x91\xa8\xf0\x9f\x8f\xbe",1492},
{"\xf0\x9f\x91\xa9\xf0\x9f\x8f\xbf\xe2\x80\x8d\xe2\x9d\xa4\xe2\x80\x8d\xf0\x9f\x92\x8b\xe2\x80\x8d\xf0\x9f\x91\xa8\xf0\x9f\x8f\xbf",1493},
{"\xf0\x9f\x91\xa9\xf0\x9f\x8f\xbf\xe2\x80\x8d\xe2\x9d\xa4\xe2\x80\x8d\xf0\x9f\x92\x8b\xe2\x80\x8d\xf0\x9f\x91\xa9\xf0\x9f\x8f\xbb",1494},
{"\xf0\x9f\x91\xa9\xf0\x9f\x8f\xbf\xe2\x80\x8d\xe2\x9d\xa4\xe2\x80\x8d\xf0\x9f\x92\x8b\xe2\x80\x8d\xf0\x9f\x91\xa9\xf0\x9f\x8f\xbc",1495},
{"\xf0\x9f\x91\xa9\xf0\x9f\x8f\xbf\xe2\x80\x8d\xe2\x9d\xa4\xe2\x80\x8d\xf0\x9f\x92\x8b\xe2\x80\x8d\xf0\x9f\x91\xa9\xf0\x9f\x8f\xbd",1496},
{"\xf0\x9f\x91\xa9\xf0\x9f\x8f\xbf\xe2\x80\x8d\xe2\x9d\xa4\xe2\x80\x8d\xf0\x9f\x92\x8b\xe2\x80\x8d\xf0\x9f\x91\xa9\xf0\x9f\x8f\xbe",1497},
{"\xf0\x9f\x91\xa9\xf0\x9f\x8f\xbf\xe2\x80\x8d\xe2\x9d\xa4\xe2\x80\x8d\xf0\x9f\x92\x8b\xe2\x80\x8d\xf0\x9f\x91\xa9\xf0\x9f\x8f\xbf",1498},
{"\xf0\x9f\x91\xa9\xf0\x9f\x8f\xbf\xe2\x80\x8d\xe2\x9d\xa4\xef\xb8\x8f\xe2\x80\x8d\xf0\x9f\x91\xa8\xf0\x9f\x8f\xbb",1479},
{"\xf0\x9f\x91\xa9\xf0\x9f\x8f\xbf\xe2\x80\x8d\xe2\x9d\xa4\xef\xb8\x8f\xe2\x80\x8d\xf0\x9f\x91\xa8\xf0\x9f\x8f\xbc",1480},
{"\xf0\x9f\x91\xa9\xf0\x9f\x8f\xbf\xe2\x80\x8d\xe2\x9d\xa4\xef\xb8\x8f\xe2\x80\x8d\xf0\x9f\x91\xa8\xf0\x9f\x8f\xbd",1481},
{"\xf0\x9f\x91\xa9\xf0\x9f\x8f\xbf\xe2\x80\x8d\xe2\x9d\xa4\xef\xb8\x8f\xe2\x80\x8d\xf0\x9f\x91\xa8\xf0\x9f\x8f\xbe",1482},
{"\xf0\x9f\x91\xa9\xf0\x9f\x8f\xbf\xe2\x80\x8d\xe2\x9d\xa4\xef\xb8\x8f\xe2\x80\x8d\xf0\x9f\x91\xa8\xf0\x9f\x8f\xbf",1483},
{"\xf0\x9f\x91\xa9\xf0\x9f\x8f\xbf\xe2\x80\x8d\xe2\x9d\xa4\xef\xb8\x8f\xe2\x80\x8d\xf0\x9f\x91\xa9\xf0\x9f\x8f\xbb",1484},
{"\xf0\x9f\x91\xa9\xf0\x9f\x8f\xbf\xe2\x80\x8d\xe2\x9d\xa4\xef\xb8\x8f\xe2\x80\x8d\xf0\x9f\x91\xa9\xf0\x9f\x8f\xbc",1485},
{"\xf0\x9f\x91\xa9\xf0\x9f\x8f\xbf\xe2\x80\x8d\xe2\x9d\xa4\xef\xb8\x8f\xe2\x80\x8d\xf0\x9f\x91\xa9\xf0\x9f\x8f\xbd",1486},
{"\xf0\x9f\x91\xa9\xf0\x9f\x8f\xbf\xe2\x80\x8d\xe2\x9d\xa4\xef\xb8\x8f\xe2\x80\x8d\xf0\x9f\x91\xa9\xf0\x9f\x8f\xbe",1487},
{"\xf0\x9f\x91\xa9\xf0\x9f\x8f\xbf\xe2\x80\x8d\xe2\x9d\xa4\xef\xb8\x8f\xe2\x80\x8d\xf0\x9f\x91\xa9\xf0\x9f\x8f\xbf",1488},
{"\xf0\x9f\x91\xa9\xf0\x9f\x8f\xbf\xe2\x80\x8d\xe2\x9d\xa4\xef\xb8\x8f\xe2\x80\x8d\xf0\x9f\x92\x8b\xe2\x80\x8d\xf0\x9f\x91\xa8\xf0\x9f\x8f\xbb",1489},
{"\xf0\x9f\x91\xa9\xf0\x9f\x8f\xbf\xe2\x80\x8d\xe2\x9d\xa4\xef\xb8\x8f\xe2\x80\x8d\xf0\x9f\x92\x8b\xe2\x80\x8d\xf0\x9f\x91\xa8\xf0\x9f\x8f\xbc",1490},
{"\xf0\x9f\x91\xa9\xf0\x9f\x8f\xbf\xe2\x80\x8d\xe2\x9d\xa4\xef\xb8\x8f\xe2\x80\x8d\xf0\x9f\x92\x8b\xe2\x80\x8d\xf0\x9f\x91\xa8\xf0\x9f\x8f\xbd",1491},
{"\xf0\x9f\x91\xa9\xf0\x9f\x8f\xbf\xe2\x80\x8d\xe2\x9d\xa4\xef\xb8\x8f\xe2\x80\x8d\xf0\x9f\x92\x8b\xe2\x80\x8d\xf0\x9f\x91\xa8\xf0\x9f\x8f\xbe",1492},
{"\xf0\x9f\x91\xa9\xf0\x9f\x8f\xbf\xe2\x80\x8d\xe2\x9d\xa4\xef\xb8\x8f\xe2\x80\x8d\xf0\x9f\x92\x8b\xe2\x80\x8d\xf0\x9f\x91\xa8\xf0\x9f\x8f\xbf",1493},
{"\xf0\x9f\x91\xa9\xf0\x9f\x8f\xbf\xe2\x80\x8d\xe2\x9d\xa4\xef\xb8\x8f\xe2\x80\x8d\xf0\x9f\x92\x8b\xe2\x80\x8d\xf0\x9f\x91\xa9\xf0\x9f\x8f\xbb",1494},
{"\xf0\x9f\x91\xa9\xf0\x9f\x8f\xbf\xe2\x80\x8d\xe2\x9d\xa4\xef\xb8\x8f\xe2\x80\x8d\xf0\x9f\x92\x8b\xe2\x80\x8d\xf0\x9f\x91\xa9\xf0\x9f\x8f\xbc",1495},
{"\xf0\x9f\x91\xa9\xf0\x9f\x8f\xbf\xe2\x80\x8d\xe2\x9d\xa4\xef\xb8\x8f\xe2\x80\x8d\xf0\x9f\x92\x8b\xe2\x80\x8d\xf0\x9f\x91\xa9\xf0\x9f\x8f\xbd",1496},
{"\xf0\x9f\x91\xa9\xf0\x9f\x8f\xbf\xe2\x80\x8d\xe2\x9d\xa4\xef\xb8\x8f\xe2\x80\x8d\xf0\x9f\x92\x8b\xe2\x80\x8d\xf0\x9f\x91\xa9\xf0\x9f\x8f\xbe",1497},
{"\xf0\x9f\x91\xa9\xf0\x9f\x8f\xbf\xe2\x80\x8d\xe2\x9d\xa4\xef\xb8\x8f\xe2\x80\x8d\xf0\x9f\x92\x8b\xe2\x80\x8d\xf0\x9f\x91\xa9\xf0\x9f\x8f\xbf",1498},
{"\xf0\x9f\x91\xa9\xf0\x9f\x8f\xbf\xe2\x80\x8d\xf0\x9f\x8c\xbe",1435},
{"\xf0\x9f\x91\xa9\xf0\x9f\x8f\xbf\xe2\x80\x8d\xf0\x9f\x8d\xb3",1436},
{"\xf0\x9f\x91\xa9\xf0\x9f\x8f\xbf\xe2\x80\x8d\xf0\x9f\x8d\xbc",1437},
{"\xf0\x9f\x91\xa9\xf0\x9f\x8f\xbf\xe2\x80\x8d\xf0\x9f\x8e\x84",1438},
{"\xf0\x9f\x91\xa9\xf0\x9f\x8f\xbf\xe2\x80\x8d\xf0\x9f\x8e\x93",1439},
{"\xf0\x9f\x91\xa9\xf0\x9f\x8f\xbf\xe2\x80\x8d\xf0\x9f\x8e\xa4",1440},
{"\xf0\x9f\x91\xa9\xf0\x9f\x8f\xbf\xe2\x80\x8d\xf0\x9f\x8e\xa8",1441},
{"\xf0\x9f\x91\xa9\xf0\x9f\x8f\xbf\xe2\x80\x8d\xf0\x9f\x8f\xab",1442},
{"\xf0\x9f\x91\xa9\xf0\x9f\x8f\xbf\xe2\x80\x8d\xf0\x9f\x8f\xad",1443},
{"\xf0\x9f\x91\xa9\xf0\x9f\x8f\xbf\xe2\x80\x8d\xf0\x9f\x90\xb0\xe2\x80\x8d\xf0\x9f\x91\xa9\xf0\x9f\x8f\xbb",1444},
{"\xf0\x9f\x91\xa9\xf0\x9f\x8f\xbf\xe2\x80\x8d\xf0\x9f\x90\xb0\xe2\x80\x8d\xf0\x9f\x91\xa9\xf0\x9f\x8f\xbc",1445},
{"\xf0\x9f\x91\xa9\xf0\x9f\x8f\xbf\xe2\x80\x8d\xf0\x9f\x90\xb0\xe2\x80\x8d\xf0\x9f\x91\xa9\xf0\x9f\x8f\xbd",1446},
{"\xf0\x9f\x91\xa9\xf0\x9f\x8f\xbf\xe2\x80\x8d\xf0\x9f\x90\xb0\xe2\x80\x8d\xf0\x9f\x91\xa9\xf0\x9f\x8f\xbe",1447},
{"\xf0\x9f\x91\xa9\xf0\x9f\x8f\xbf\xe2\x80\x8d\xf0\x9f\x92\xbb",1448},
{"\xf0\x9f\x91\xa9\xf0\x9f\x8f\xbf\xe2\x80\x8d\xf0\x9f\x92\xbc",1449},
{"\xf0\x9f\x91\xa9\xf0\x9f\x8f\xbf\xe2\x80\x8d\xf0\x9f\x94\xa7",1450},
{"\xf0\x9f\x91\xa9\xf0\x9f\x8f\xbf\xe2\x80\x8d\xf0\x9f\x94\xac",1451},
{"\xf0\x9f\x91\xa9\xf0\x9f\x8f\xbf\xe2\x80\x8d\xf0\x9f\x9a\x80",1452},
{"\xf0\x9f\x91\xa9\xf0\x9f\x8f\xbf\xe2\x80\x8d\xf0\x9f\x9a\x92",1453},
{"\xf0\x9f\x91\xa9\xf0\x9f\x8f\xbf\xe2\x80\x8d\xf0\x9f\xa4\x9d\xe2\x80\x8d\xf0\x9f\x91\xa8\xf0\x9f\x8f\xbb",1454},
{"\xf0\x9f\x91\xa9\xf0\x9f\x8f\xbf\xe2\x80\x8d\xf0\x9f\xa4\x9d\xe2\x80\x8d\xf0\x9f\x91\xa8\xf0\x9f\x8f\xbc",1455},
{"\xf0\x9f\x91\xa9\xf0\x9f\x8f\xbf\xe2\x80\x8d\xf0\x9f\xa4\x9d\xe2\x80\x8d\xf0\x9f\x91\xa8\xf0\x9f\x8f\xbd",1456},
{"\xf0\x9f\x91\xa9\xf0\x9f\x8f\xbf\xe2\x80\x8d\xf0\x9f\xa4\x9d\xe2\x80\x8d\xf0\x9f\x91\xa8\xf0\x9f\x8f\xbe",1457},
{"\xf0\x9f\x91\xa9\xf0\x9f\x8f\xbf\xe2\x80\x8d\xf0\x9f\xa4\x9d\xe2\x80\x8d\xf0\x9f\x91\xa9\xf0\x9f\x8f\xbb",1458},
{"\xf0\x9f\x91\xa9\xf0\x9f\x8f\xbf\xe2\x80\x8d\xf0\x9f\xa4\x9d\xe2\x80\x8d\xf0\x9f\x91\xa9\xf0\x9f\x8f\xbc",1459},
{"\xf0\x9f\x91\xa9\xf0\x9f\x8f\xbf\xe2\x80\x8d\xf0\x9f\xa4\x9d\xe2\x80\x8d\xf0\x9f\x91\xa9\xf0\x9f\x8f\xbd",1460},
{"\xf0\x9f\x91\xa9\xf0\x9f\x8f\xbf\xe2\x80\x8d\xf0\x9f\xa4\x9d\xe2\x80\x8d\xf0\x9f\x91\xa9\xf0\x9f\x8f\xbe",1461},
{"\xf0\x9f\x91\xa9\xf0\x9f\x8f\xbf\xe2\x80\x8d\xf0\x9f\xa6\xaf",1463},
{"\xf0\x9f\x91\xa9\xf0\x9f\x8f\xbf\xe2\x80\x8d\xf0\x9f\xa6\xaf\xe2\x80\x8d\xe2\x9e\xa1",1462},
{"\xf0\x9f\x91\xa9\xf0\x9f\x8f\xbf\xe2\x80\x8d\xf0\x9f\xa6\xaf\xe2\x80\x8d\xe2\x9e\xa1\xef\xb8\x8f",1462},
{"\xf0\x9f\x91\xa9\xf0\x9f\x8f\xbf\xe2\x80\x8d\xf0\x9f\xa6\xb0",1464},
{"\xf0\x9f\x91\xa9\xf0\x9f\x8f\xbf\xe2\x80\x8d\xf0\x9f\xa6\xb1",1465},
{"\xf0\x9f\x91\xa9\xf0\x9f\x8f\xbf\xe2\x80\x8d\xf0\x9f\xa6\xb2",1466},
{"\xf0\x9f\x91\xa9\xf0\x9f\x8f\xbf\xe2\x80\x8d\xf0\x9f\xa6\xb3",1467},
{"\xf0\x9f\x91\xa9\xf0\x9f\x8f\xbf\xe2\x80\x8d\xf0\x9f\xa6\xbc",1469},
{"\xf0\x9f\x91\xa9\xf0\x9f\x8f\xbf\xe2\x80\x8d\xf0\x9f\xa6\xbc\xe2\x80\x8d\xe2\x9e\xa1",1468},
{"\xf0\x9f\x91\xa9\xf0\x9f\x8f\xbf\xe2\x80\x8d\xf0\x9f\xa6\xbc\xe2\x80\x8d\xe2\x9e\xa1\xef\xb8\x8f",1468},
{"\xf0\x9f\x91\xa9\xf0\x9f\x8f\xbf\xe2\x80\x8d\xf0\x9f\xa6\xbd",1471},
{"\xf0\x9f\x91\xa9\xf0\x9f\x8f\xbf\xe2\x80\x8d\xf0\x9f\xa6\xbd\xe2\x80\x8d\xe2\x9e\xa1",1470},
{"\xf0\x9f\x91\xa9\xf0\x9f\x8f\xbf\xe2\x80\x8d\xf0\x9f\xa6\xbd\xe2\x80\x8d\xe2\x9e\xa1\xef\xb8\x8f",1470},
{"\xf0\x9f\x91\xa9\xf0\x9f\x8f\xbf\xe2\x80\x8d\xf0\x9f\xab\xaf\xe2\x80\x8d\xf0\x9f\x91\xa9\xf0\x9f\x8f\xbb",1472},
{"\xf0\x9f\x91\xa9\xf0\x9f\x8f\xbf\xe2\x80\x8d\xf0\x9f\xab\xaf\xe2\x80\x8d\xf0\x9f\x91\xa9\xf0\x9f\x8f\xbc",1473},
{"\xf0\x9f\x91\xa9\xf0\x9f\x8f\xbf\xe2\x80\x8d\xf0\x9f\xab\xaf\xe2\x80\x8d\xf0\x9f\x91\xa9\xf0\x9f\x8f\xbd",1474},
{"\xf0\x9f\x91\xa9\xf0\x9f\x8f\xbf\xe2\x80\x8d\xf0\x9f\xab\xaf\xe2\x80\x8d\xf0\x9f\x91\xa9\xf0\x9f\x8f\xbe",1475},
{"\xf0\x9f\x91\xa9\xf0\x9f\x8f\xbf\xef\xb8\x8f",1499},
{"\xf0\x9f\x91\xaa",1543},
{"\xf0\x9f\x91\xaa\xef\xb8\x8f",1543},
{"\xf0\x9f\x91\xab",1549},
{"\xf0\x9f\x91\xab\xef\xb8\x8f",1549},
{"\xf0\x9f\x91\xab\xf0\x9f\x8f\xbb",1544},
{"\xf0\x9f\x91\xab\xf0\x9f\x8f\xbb\xef\xb8\x8f",1544},
{"\xf0\x9f\x91\xab\xf0\x9f\x8f\xbc",1545},
{"\xf0\x9f\x91\xab\xf0\x9f\x8f\xbc\xef\xb8\x8f",1545},
{"\xf0\x9f\x91\xab\xf0\x9f\x8f\xbd",1546},
{"\xf0\x9f\x91\xab\xf0\x9f\x8f\xbd\xef\xb8\x8f",1546},
{"\xf0\x9f\x91\xab\xf0\x9f\x8f\xbe",1547},
{"\xf0\x9f\x91\xab\xf0\x9f\x8f\xbe\xef\xb8\x8f",1547},
{"\xf0\x9f\x91\xab\xf0\x9f\x8f\xbf",1548},
{"\xf0\x9f\x91\xab\xf0\x9f\x8f\xbf\xef\xb8\x8f",1548},
{"\xf0\x9f\x91\xac",1555},
{"\xf0\x9f\x91\xac\xef\xb8\x8f",1555},
{"\xf0\x9f\x91\xac\xf0\x9f\x8f\xbb",1550},
{"\xf0\x9f\x91\xac\xf0\x9f\x8f\xbb\xef\xb8\x8f",1550},
{"\xf0\x9f\x91\xac\xf0\x9f\x8f\xbc",1551},
{"\xf0\x9f\x91\xac\xf0\x9f\x8f\xbc\xef\xb8\x8f",1551},
{"\xf0\x9f\x91\xac\xf0\x9f\x8f\xbd",1552},
{"\xf0\x9f\x91\xac\xf0\x9f\x8f\xbd\xef\xb8\x8f",1552},
{"\xf0\x9f\x91\xac\xf0\x9f\x8f\xbe",1553},
{"\xf0\x9f\x91\xac\xf0\x9f\x8f\xbe\xef\xb8\x8f",1553},
{"\xf0\x9f\x91\xac\xf0\x9f\x8f\xbf",1554},
{"\xf0\x9f\x91\xac\xf0\x9f\x8f\xbf\xef\xb8\x8f",1554},
{"\xf0\x9f\x91\xad",1561},
{"\xf0\x9f\x91\xad\xef\xb8\x8f",1561},
{"\xf0\x9f\x91\xad\xf0\x9f\x8f\xbb",1556},
{"\xf0\x9f\x91\xad\xf0\x9f\x8f\xbb\xef\xb8\x8f",1556},
{"\xf0\x9f\x91\xad\xf0\x9f\x8f\xbc",1557},
{"\xf0\x9f\x91\xad\xf0\x9f\x8f\xbc\xef\xb8\x8f",1557},
{"\xf0\x9f\x91\xad\xf0\x9f\x8f\xbd",1558},
{"\xf0\x9f\x91\xad\xf0\x9f\x8f\xbd\xef\xb8\x8f",1558},
{"\xf0\x9f\x91\xad\xf0\x9f\x8f\xbe",1559},
{"\xf0\x9f\x91\xad\xf0\x9f\x8f\xbe\xef\xb8\x8f",1559},
{"\xf0\x9f\x91\xad\xf0\x9f\x8f\xbf",1560},
{"\xf0\x9f\x91\xad\xf0\x9f\x8f\xbf\xef\xb8\x8f",1560},
{"\xf0\x9f\x91\xae",1579},
{"\xf0\x9f\x91\xae\xe2\x80\x8d\xe2\x99\x80",1577},
{"\xf0\x9f\x91\xae\xe2\x80\x8d\xe2\x99\x80\xef\xb8\x8f",1577},
{"\xf0\x9f\x91\xae\xe2\x80\x8d\xe2\x99\x82",1578},
{"\xf0\x9f\x91\xae\xe2\x80\x8d\xe2\x99\x82\xef\xb8\x8f",1578},
{"\xf0\x9f\x91\xae\xef\xb8\x8f",1579},
{"\xf0\x9f\x91\xae\xf0\x9f\x8f\xbb",1564},
{"\xf0\x9f\x91\xae\xf0\x9f\x8f\xbb\xe2\x80\x8d\xe2\x99\x80",1562},
{"\xf0\x9f\x91\xae\xf0\x9f\x8f\xbb\xe2\x80\x8d\xe2\x99\x80\xef\xb8\x8f",1562},
{"\xf0\x9f\x91\xae\xf0\x9f\x8f\xbb\xe2\x80\x8d\xe2\x99\x82",1563},
{"\xf0\x9f\x91\xae\xf0\x9f\x8f\xbb\xe2\x80\x8d\xe2\x99\x82\xef\xb8\x8f",1563},
{"\xf0\x9f\x91\xae\xf0\x9f\x8f\xbb\xef\xb8\x8f",1564},
{"\xf0\x9f\x91\xae\xf0\x9f\x8f\xbc",1567},
{"\xf0\x9f\x91\xae\xf0\x9f\x8f\xbc\xe2\x80\x8d\xe2\x99\x80",1565},
{"\xf0\x9f\x91\xae\xf0\x9f\x8f\xbc\xe2\x80\x8d\xe2\x99\x80\xef\xb8\x8f",1565},
{"\xf0\x9f\x91\xae\xf0\x9f\x8f\xbc\xe2\x80\x8d\xe2\x99\x82",1566},
{"\xf0\x9f\x91\xae\xf0\x9f\x8f\xbc\xe2\x80\x8d\xe2\x99\x82\xef\xb8\x8f",1566},
{"\xf0\x9f\x91\xae\xf0\x9f\x8f\xbc\xef\xb8\x8f",1567},
{"\xf0\x9f\x91\xae\xf0\x9f\x8f\xbd",1570},
{"\xf0\x9f\x91\xae\xf0\x9f\x8f\xbd\xe2\x80\x8d\xe2\x99\x80",1568},
{"\xf0\x9f\x91\xae\xf0\x9f\x8f\xbd\xe2\x80\x8d\xe2\x99\x80\xef\xb8\x8f",1568},
{"\xf0\x9f\x91\xae\xf0\x9f\x8f\xbd\xe2\x80\x8d\xe2\x99\x82",1569},
{"\xf0\x9f\x91\xae\xf0\x9f\x8f\xbd\xe2\x80\x8d\xe2\x99\x82\xef\xb8\x8f",1569},
{"\xf0\x9f\x91\xae\xf0\x9f\x8f\xbd\xef\xb8\x8f",1570},
{"\xf0\x9f\x91\xae\xf0\x9f\x8f\xbe",1573},
{"\xf0\x9f\x91\xae\xf0\x9f\x8f\xbe\xe2\x80\x8d\xe2\x99\x80",1571},
{"\xf0\x9f\x91\xae\xf0\x9f\x8f\xbe\xe2\x80\x8d\xe2\x99\x80\xef\xb8\x8f",1571},
{"\xf0\x9f\x91\xae\xf0\x9f\x8f\xbe\xe2\x80\x8d\xe2\x99\x82",1572},
{"\xf0\x9f\x91\xae\xf0\x9f\x8f\xbe\xe2\x80\x8d\xe2\x99\x82\xef\xb8\x8f",1572},
{"\xf0\x9f\x91\xae\xf0\x9f\x8f\xbe\xef\xb8\x8f",1573},
{"\xf0\x9f\x91\xae\xf0\x9f\x8f\xbf",1576},
{"\xf0\x9f\x91\xae\xf0\x9f\x8f\xbf\xe2\x80\x8d\xe2\x99\x80",1574},
{"\xf0\x9f\x91\xae\xf0\x9f\x8f\xbf\xe2\x80\x8d\xe2\x99\x80\xef\xb8\x8f",1574},
{"\xf0\x9f\x91\xae\xf0\x9f\x8f\xbf\xe2\x80\x8d\xe2\x99\x82",1575},
{"\xf0\x9f\x91\xae\xf0\x9f\x8f\xbf\xe2\x80\x8d\xe2\x99\x82\xef\xb8\x8f",1575},
{"\xf0\x9f\x91\xae\xf0\x9f\x8f\xbf\xef\xb8\x8f",1576},
{"\xf0\x9f\x91\xaf",1597},
{"\xf0\x9f\x91\xaf\xe2\x80\x8d\xe2\x99\x80",1595},
{"\xf0\x9f\x91\xaf\xe2\x80\x8d\xe2\x99\x80\xef\xb8\x8f",1595},
{"\xf0\x9f\x91\xaf\xe2\x80\x8d\xe2\x99\x82",1596},
{"\xf0\x9f\x91\xaf\xe2\x80\x8d\xe2\x99\x82\xef\xb8\x8f",1596},
{"\xf0\x9f\x91\xaf\xef\xb8\x8f",1597},
{"\xf0\x9f\x91\xaf\xf0\x9f\x8f\xbb",1582},
{"\xf0\x9f\x91\xaf\xf0\x9f\x8f\xbb\xe2\x80\x8d\xe2\x99\x80",1580},
{"\xf0\x9f\x91\xaf\xf0\x9f\x8f\xbb\xe2\x80\x8d\xe2\x99\x80\xef\xb8\x8f",1580},
{"\xf0\x9f\x91\xaf\xf0\x9f\x8f\xbb\xe2\x80\x8d\xe2\x99\x82",1581},
{"\xf0\x9f\x91\xaf\xf0\x9f\x8f\xbb\xe2\x80\x8d\xe2\x99\x82\xef\xb8\x8f",1581},
{"\xf0\x9f\x91\xaf\xf0\x9f\x8f\xbb\xef\xb8\x8f",1582},
{"\xf0\x9f\x91\xaf\xf0\x9f\x8f\xbc",1585},
{"\xf0\x9f\x91\xaf\xf0\x9f\x8f\xbc\xe2\x80\x8d\xe2\x99\x80",1583},
{"\xf0\x9f\x91\xaf\xf0\x9f\x8f\xbc\xe2\x80\x8d\xe2\x99\x80\xef\xb8\x8f",1583},
{"\xf0\x9f\x91\xaf\xf0\x9f\x8f\xbc\xe2\x80\x8d\xe2\x99\x82",1584},
{"\xf0\x9f\x91\xaf\xf0\x9f\x8f\xbc\xe2\x80\x8d\xe2\x99\x82\xef\xb8\x8f",1584},
{"\xf0\x9f\x91\xaf\xf0\x9f\x8f\xbc\xef\xb8\x8f",1585},
{"\xf0\x9f\x91\xaf\xf0\x9f\x8f\xbd",1588},
{"\xf0\x9f\x91\xaf\xf0\x9f\x8f\xbd\xe2\x80\x8d\xe2\x99\x80",1586},
{"\xf0\x9f\x91\xaf\xf0\x9f\x8f\xbd\xe2\x80\x8d\xe2\x99\x80\xef\xb8\x8f",1586},
{"\xf0\x9f\x91\xaf\xf0\x9f\x8f\xbd\xe2\x80\x8d\xe2\x99\x82",1587},
{"\xf0\x9f\x91\xaf\xf0\x9f\x8f\xbd\xe2\x80\x8d\xe2\x99\x82\xef\xb8\x8f",1587},
{"\xf0\x9f\x91\xaf\xf0\x9f\x8f\xbd\xef\xb8\x8f",1588},
{"\xf0\x9f\x91\xaf\xf0\x9f\x8f\xbe",1591},
{"\xf0\x9f\x91\xaf\xf0\x9f\x8f\xbe\xe2\x80\x8d\xe2\x99\x80",1589},
{"\xf0\x9f\x91\xaf\xf0\x9f\x8f\xbe\xe2\x80\x8d\xe2\x99\x80\xef\xb8\x8f",1589},
{"\xf0\x9f\x91\xaf\xf0\x9f\x8f\xbe\xe2\x80\x8d\xe2\x99\x82",1590},
{"\xf0\x9f\x91\xaf\xf0\x9f\x8f\xbe\xe2\x80\x8d\xe2\x99\x82\xef\xb8\x8f",1590},
{"\xf0\x9f\x91\xaf\xf0\x9f\x8f\xbe\xef\xb8\x8f",1591},
{"\xf0\x9f\x91\xaf\xf0\x9f\x8f\xbf",1594},
{"\xf0\x9f\x91\xaf\xf0\x9f\x8f\xbf\xe2\x80\x8d\xe2\x99\x80",1592},
{"\xf0\x9f\x91\xaf\xf0\x9f\x8f\xbf\xe2\x80\x8d\xe2\x99\x80\xef\xb8\x8f",1592},
{"\xf0\x9f\x91\xaf\xf0\x9f\x8f\xbf\xe2\x80\x8d\xe2\x99\x82",1593},
{"\xf0\x9f\x91\xaf\xf0\x9f\x8f\xbf\xe2\x80\x8d\xe2\x99\x82\xef\xb8\x8f",1593},
{"\xf0\x9f\x91\xaf\xf0\x9f\x8f\xbf\xef\xb8\x8f",1594},
{"\xf0\x9f\x91\xb0",1615},
{"\xf0\x9f\x91\xb0\xe2\x80\x8d\xe2\x99\x80",1613},
{"\xf0\x9f\x91\xb0\xe2\x80\x8d\xe2\x99\x80\xef\xb8\x8f",1613},
{"\xf0\x9f\x91\xb0\xe2\x80\x8d\xe2\x99\x82",1614},
{"\xf0\x9f\x91\xb0\xe2\x80\x8d\xe2\x99\x82\xef\xb8\x8f",1614},
{"\xf0\x9f\x91\xb0\xef\xb8\x8f",1615},
{"\xf0\x9f\x91\xb0\xf0\x9f\x8f\xbb",1600},
{"\xf0\x9f\x91\xb0\xf0\x9f\x8f\xbb\xe2\x80\x8d\xe2\x99\x80",1598},
{"\xf0\x9f\x91\xb0\xf0\x9f\x8f\xbb\xe2\x80\x8d\xe2\x99\x80\xef\xb8\x8f",1598},
{"\xf0\x9f\x91\xb0\xf0\x9f\x8f\xbb\xe2\x80\x8d\xe2\x99\x82",1599},
{"\xf0\x9f\x91\xb0\xf0\x9f\x8f\xbb\xe2\x80\x8d\xe2\x99\x82\xef\xb8\x8f",1599},
{"\xf0\x9f\x91\xb0\xf0\x9f\x8f\xbb\xef\xb8\x8f",1600},
{"\xf0\x9f\x91\xb0\xf0\x9f\x8f\xbc",1603},
{"\xf0\x9f\x91\xb0\xf0\x9f\x8f\xbc\xe2\x80\x8d\xe2\x99\x80",1601},
{"\xf0\x9f\x91\xb0\xf0\x9f\x8f\xbc\xe2\x80\x8d\xe2\x99\x80\xef\xb8\x8f",1601},
{"\xf0\x9f\x91\xb0\xf0\x9f\x8f\xbc\xe2\x80\x8d\xe2\x99\x82",1602},
{"\xf0\x9f\x91\xb0\xf0\x9f\x8f\xbc\xe2\x80\x8d\xe2\x99\x82\xef\xb8\x8f",1602},
{"\xf0\x9f\x91\xb0\xf0\x9f\x8f\xbc\xef\xb8\x8f",1603},
{"\xf0\x9f\x91\xb0\xf0\x9f\x8f\xbd",1606},
{"\xf0\x9f\x91\xb0\xf0\x9f\x8f\xbd\xe2\x80\x8d\xe2\x99\x80",1604},
{"\xf0\x9f\x91\xb0\xf0\x9f\x8f\xbd\xe2\x80\x8d\xe2\x99\x80\xef\xb8\x8f",1604},
{"\xf0\x9f\x91\xb0\xf0\x9f\x8f\xbd\xe2\x80\x8d\xe2\x99\x82",1605},
{"\xf0\x9f\x91\xb0\xf0\x9f\x8f\xbd\xe2\x80\x8d\xe2\x99\x82\xef\xb8\x8f",1605},
{"\xf0\x9f\x91\xb0\xf0\x9f\x8f\xbd\xef\xb8\x8f",1606},
{"\xf0\x9f\x91\xb0\xf0\x9f\x8f\xbe",1609},
{"\xf0\x9f\x91\xb0\xf0\x9f\x8f\xbe\xe2\x80\x8d\xe2\x99\x80",1607},
{"\xf0\x9f\x91\xb0\xf0\x9f\x8f\xbe\xe2\x80\x8d\xe2\x99\x80\xef\xb8\x8f",1607},
{"\xf0\x9f\x91\xb0\xf0\x9f\x8f\xbe\xe2\x80\x8d\xe2\x99\x82",1608},
{"\xf0\x9f\x91\xb0\xf0\x9f\x8f\xbe\xe2\x80\x8d\xe2\x99\x82\xef\xb8\x8f",1608},
{"\xf0\x9f\x91\xb0\xf0\x9f\x8f\xbe\xef\xb8\x8f",1609},
{"\xf0\x9f\x91\xb0\xf0\x9f\x8f\xbf",1612},
{"\xf0\x9f\x91\xb0\xf0\x9f\x8f\xbf\xe2\x80\x8d\xe2\x99\x80",1610},
{"\xf0\x9f\x91\xb0\xf0\x9f\x8f\xbf\xe2\x80\x8d\xe2\x99\x80\xef\xb8\x8f",1610},
{"\xf0\x9f\x91\xb0\xf0\x9f\x8f\xbf\xe2\x80\x8d\xe2\x99\x82",1611},
{"\xf0\x9f\x91\xb0\xf0\x9f\x8f\xbf\xe2\x80\x8d\xe2\x99\x82\xef\xb8\x8f",1611},
{"\xf0\x9f\x91\xb0\xf0\x9f\x8f\xbf\xef\xb8\x8f",1612},
{"\xf0\x9f\x91\xb1",1633},
{"\xf0\x9f\x91\xb1\xe2\x80\x8d\xe2\x99\x80",1631},
{"\xf0\x9f\x91\xb1\xe2\x80\x8d\xe2\x99\x80\xef\xb8\x8f",1631},
{"\xf0\x9f\x91\xb1\xe2\x80\x8d\xe2\x99\x82",1632},
{"\xf0\x9f\x91\xb1\xe2\x80\x8d\xe2\x99\x82\xef\xb8\x8f",1632},
{"\xf0\x9f\x91\xb1\xef\xb8\x8f",1633},
{"\xf0\x9f\x91\xb1\xf0\x9f\x8f\xbb",1618},
{"\xf0\x9f\x91\xb1\xf0\x9f\x8f\xbb\xe2\x80\x8d\xe2\x99\x80",1616},
{"\xf0\x9f\x91\xb1\xf0\x9f\x8f\xbb\xe2\x80\x8d\xe2\x99\x80\xef\xb8\x8f",1616},
{"\xf0\x9f\x91\xb1\xf0\x9f\x8f\xbb\xe2\x80\x8d\xe2\x99\x82",1617},
{"\xf0\x9f\x91\xb1\xf0\x9f\x8f\xbb\xe2\x80\x8d\xe2\x99\x82\xef\xb8\x8f",1617},
{"\xf0\x9f\x91\xb1\xf0\x9f\x8f\xbb\xef\xb8\x8f",1618},
{"\xf0\x9f\x91\xb1\xf0\x9f\x8f\xbc",1621},
{"\xf0\x9f\x91\xb1\xf0\x9f\x8f\xbc\xe2\x80\x8d\xe2\x99\x80",1619},
{"\xf0\x9f\x91\xb1\xf0\x9f\x8f\xbc\xe2\x80\x8d\xe2\x99\x80\xef\xb8\x8f",1619},
{"\xf0\x9f\x91\xb1\xf0\x9f\x8f\xbc\xe2\x80\x8d\xe2\x99\x82",1620},
{"\xf0\x9f\x91\xb1\xf0\x9f\x8f\xbc\xe2\x80\x8d\xe2\x99\x82\xef\xb8\x8f",1620},
{"\xf0\x9f\x91\xb1\xf0\x9f\x8f\xbc\xef\xb8\x8f",1621},
{"\xf0\x9f\x91\xb1\xf0\x9f\x8f\xbd",1624},
{"\xf0\x9f\x91\xb1\xf0\x9f\x8f\xbd\xe2\x80\x8d\xe2\x99\x80",1622},
{"\xf0\x9f\x91\xb1\xf0\x9f\x8f\xbd\xe2\x80\x8d\xe2\x99\x80\xef\xb8\x8f",1622},
{"\xf0\x9f\x91\xb1\xf0\x9f\x8f\xbd\xe2\x80\x8d\xe2\x99\x82",1623},
{"\xf0\x9f\x91\xb1\xf0\x9f\x8f\xbd\xe2\x80\x8d\xe2\x99\x82\xef\xb8\x8f",1623},
{"\xf0\x9f\x91\xb1\xf0\x9f\x8f\xbd\xef\xb8\x8f",1624},
{"\xf0\x9f\x91\xb1\xf0\x9f\x8f\xbe",1627},
{"\xf0\x9f\x91\xb1\xf0\x9f\x8f\xbe\xe2\x80\x8d\xe2\x99\x80",1625},
{"\xf0\x9f\x91\xb1\xf0\x9f\x8f\xbe\xe2\x80\x8d\xe2\x99\x80\xef\xb8\x8f",1625},
{"\xf0\x9f\x91\xb1\xf0\x9f\x8f\xbe\xe2\x80\x8d\xe2\x99\x82",1626},
{"\xf0\x9f\x91\xb1\xf0\x9f\x8f\xbe\xe2\x80\x8d\xe2\x99\x82\xef\xb8\x8f",1626},
{"\xf0\x9f\x91\xb1\xf0\x9f\x8f\xbe\xef\xb8\x8f",1627},
{"\xf0\x9f\x91\xb1\xf0\x9f\x8f\xbf",1630},
{"\xf0\x9f\x91\xb1\xf0\x9f\x8f\xbf\xe2\x80\x8d\xe2\x99\x80",1628},
{"\xf0\x9f\x91\xb1\xf0\x9f\x8f\xbf\xe2\x80\x8d\xe2\x99\x80\xef\xb8\x8f",1628},
{"\xf0\x9f\x91\xb1\xf0\x9f\x8f\xbf\xe2\x80\x8d\xe2\x99\x82",1629},
{"\xf0\x9f\x91\xb1\xf0\x9f\x8f\xbf\xe2\x80\x8d\xe2\x99\x82\xef\xb8\x8f",1629},
{"\xf0\x9f\x91\xb1\xf0\x9f\x8f\xbf\xef\xb8\x8f",1630},
{"\xf0\x9f\x91\xb2",1639},
{"\xf0\x9f\x91\xb2\xef\xb8\x8f",1639},
{"\xf0\x9f\x91\xb2\xf0\x9f\x8f\xbb",1634},
{"\xf0\x9f\x91\xb2\xf0\x9f\x8f\xbb\xef\xb8\x8f",1634},
{"\xf0\x9f\x91\xb2\xf0\x9f\x8f\xbc",1635},
{"\xf0\x9f\x91\xb2\xf0\x9f\x8f\xbc\xef\xb8\x8f",1635},
{"\xf0\x9f\x91\xb2\xf0\x9f\x8f\xbd",1636},
{"\xf0\x9f\x91\xb2\xf0\x9f\x8f\xbd\xef\xb8\x8f",1636},
{"\xf0\x9f\x91\xb2\xf0\x9f\x8f\xbe",1637},
{"\xf0\x9f\x91\xb2\xf0\x9f\x8f\xbe\xef\xb8\x8f",1637},
{"\xf0\x9f\x91\xb2\xf0\x9f\x8f\xbf",1638},
{"\xf0\x9f\x91\xb2\xf0\x9f\x8f\xbf\xef\xb8\x8f",1638},
{"\xf0\x9f\x91\xb3",1657},
{"\xf0\x9f\x91\xb3\xe2\x80\x8d\xe2\x99\x80",1655},
{"\xf0\x9f\x91\xb3\xe2\x80\x8d\xe2\x99\x80\xef\xb8\x8f",1655},
{"\xf0\x9f\x91\xb3\xe2\x80\x8d\xe2\x99\x82",1656},
{"\xf0\x9f\x91\xb3\xe2\x80\x8d\xe2\x99\x82\xef\xb8\x8f",1656},
{"\xf0\x9f\x91\xb3\xef\xb8\x8f",1657},
{"\xf0\x9f\x91\xb3\xf0\x9f\x8f\xbb",1642},
{"\xf0\x9f\x91\xb3\xf0\x9f\x8f\xbb\xe2\x80\x8d\xe2\x99\x80",1640},
{"\xf0\x9f\x91\xb3\xf0\x9f\x8f\xbb\xe2\x80\x8d\xe2\x99\x80\xef\xb8\x8f",1640},
{"\xf0\x9f\x91\xb3\xf0\x9f\x8f\xbb\xe2\x80\x8d\xe2\x99\x82",1641},
{"\xf0\x9f\x91\xb3\xf0\x9f\x8f\xbb\xe2\x80\x8d\xe2\x99\x82\xef\xb8\x8f",1641},
{"\xf0\x9f\x91\xb3\xf0\x9f\x8f\xbb\xef\xb8\x8f",1642},
{"\xf0\x9f\x91\xb3\xf0\x9f\x8f\xbc",1645},
{"\xf0\x9f\x91\xb3\xf0\x9f\x8f\xbc\xe2\x80\x8d\xe2\x99\x80",1643},
{"\xf0\x9f\x91\xb3\xf0\x9f\x8f\xbc\xe2\x80\x8d\xe2\x99\x80\xef\xb8\x8f",1643},
{"\xf0\x9f\x91\xb3\xf0\x9f\x8f\xbc\xe2\x80\x8d\xe2\x99\x82",1644},
{"\xf0\x9f\x91\xb3\xf0\x9f\x8f\xbc\xe2\x80\x8d\xe2\x99\x82\xef\xb8\x8f",1644},
{"\xf0\x9f\x91\xb3\xf0\x9f\x8f\xbc\xef\xb8\x8f",1645},
{"\xf0\x9f\x91\xb3\xf0\x9f\x8f\xbd",1648},
{"\xf0\x9f\x91\xb3\xf0\x9f\x8f\xbd\xe2\x80\x8d\xe2\x99\x80",1646},
{"\xf0\x9f\x91\xb3\xf0\x9f\x8f\xbd\xe2\x80\x8d\xe2\x99\x80\xef\xb8\x8f",1646},
{"\xf0\x9f\x91\xb3\xf0\x9f\x8f\xbd\xe2\x80\x8d\xe2\x99\x82",1647},
{"\xf0\x9f\x91\xb3\xf0\x9f\x8f\xbd\xe2\x80\x8d\xe2\x99\x82\xef\xb8\x8f",1647},
{"\xf0\x9f\x91\xb3\xf0\x9f\x8f\xbd\xef\xb8\x8f",1648},
{"\xf0\x9f\x91\xb3\xf0\x9f\x8f\xbe",1651},
{"\xf0\x9f\x91\xb3\xf0\x9f\x8f\xbe\xe2\x80\x8d\xe2\x99\x80",1649},
{"\xf0\x9f\x91\xb3\xf0\x9f\x8f\xbe\xe2\x80\x8d\xe2\x99\x80\xef\xb8\x8f",1649},
{"\xf0\x9f\x91\xb3\xf0\x9f\x8f\xbe\xe2\x80\x8d\xe2\x99\x82",1650},
{"\xf0\x9f\x91\xb3\xf0\x9f\x8f\xbe\xe2\x80\x8d\xe2\x99\x82\xef\xb8\x8f",1650},
{"\xf0\x9f\x91\xb3\xf0\x9f\x8f\xbe\xef\xb8\x8f",1651},
{"\xf0\x9f\x91\xb3\xf0\x9f\x8f\xbf",1654},
{"\xf0\x9f\x91\xb3\xf0\x9f\x8f\xbf\xe2\x80\x8d\xe2\x99\x80",1652},
{"\xf0\x9f\x91\xb3\xf0\x9f\x8f\xbf\xe2\x80\x8d\xe2\x99\x80\xef\xb8\x8f",1652},
{"\xf0\x9f\x91\xb3\xf0\x9f\x8f\xbf\xe2\x80\x8d\xe2\x99\x82",1653},
{"\xf0\x9f\x91\xb3\xf0\x9f\x8f\xbf\xe2\x80\x8d\xe2\x99\x82\xef\xb8\x8f",1653},
{"\xf0\x9f\x91\xb3\xf0\x9f\x8f\xbf\xef\xb8\x8f",1654},
{"\xf0\x9f\x91\xb4",1663},
{"\xf0\x9f\x91\xb4\xef\xb8\x8f",1663},
{"\xf0\x9f\x91\xb4\xf0\x9f\x8f\xbb",1658},
{"\xf0\x9f\x91\xb4\xf0\x9f\x8f\xbb\xef\xb8\x8f",1658},
{"\xf0\x9f\x91\xb4\xf0\x9f\x8f\xbc",1659},
{"\xf0\x9f\x91\xb4\xf0\x9f\x8f\xbc\xef\xb8\x8f",1659},
{"\xf0\x9f\x91\xb4\xf0\x9f\x8f\xbd",1660},
{"\xf0\x9f\x91\xb4\xf0\x9f\x8f\xbd\xef\xb8\x8f",1660},
{"\xf0\x9f\x91\xb4\xf0\x9f\x8f\xbe",1661},
{"\xf0\x9f\x91\xb4\xf0\x9f\x8f\xbe\xef\xb8\x8f",1661},
{"\xf0\x9f\x91\xb4\xf0\x9f\x8f\xbf",1662},
{"\xf0\x9f\x91\xb4\xf0\x9f\x8f\xbf\xef\xb8\x8f",1662},
{"\xf0\x9f\x91\xb5",1669},
{"\xf0\x9f\x91\xb5\xef\xb8\x8f",1669},
{"\xf0\x9f\x91\xb5\xf0\x9f\x8f\xbb",1664},
{"\xf0\x9f\x91\xb5\xf0\x9f\x8f\xbb\xef\xb8\x8f",1664},
{"\xf0\x9f\x91\xb5\xf0\x9f\x8f\xbc",1665},
{"\xf0\x9f\x91\xb5\xf0\x9f\x8f\xbc\xef\xb8\x8f",1665},
{"\xf0\x9f\x91\xb5\xf0\x9f\x8f\xbd",1666},
{"\xf0\x9f\x91\xb5\xf0\x9f\x8f\xbd\xef\xb8\x8f",1666},
{"\xf0\x9f\x91\xb5\xf0\x9f\x8f\xbe",1667},
{"\xf0\x9f\x91\xb5\xf0\x9f\x8f\xbe\xef\xb8\x8f",1667},
{"\xf0\x9f\x91\xb5\xf0\x9f\x8f\xbf",1668},
{"\xf0\x9f\x91\xb5\xf0\x9f\x8f\xbf\xef\xb8\x8f",1668},
{"\xf0\x9f\x91\xb6",1675},
{"\xf0\x9f\x91\xb6\xef\xb8\x8f",1675},
{"\xf0\x9f\x91\xb6\xf0\x9f\x8f\xbb",1670},
{"\xf0\x9f\x91\xb6\xf0\x9f\x8f\xbb\xef\xb8\x8f",1670},
{"\xf0\x9f\x91\xb6\xf0\x9f\x8f\xbc",1671},
{"\xf0\x9f\x91\xb6\xf0\x9f\x8f\xbc\xef\xb8\x8f",1671},
{"\xf0\x9f\x91\xb6\xf0\x9f\x8f\xbd",1672},
{"\xf0\x9f\x91\xb6\xf0\x9f\x8f\xbd\xef\xb8\x8f",1672},
{"\xf0\x9f\x91\xb6\xf0\x9f\x8f\xbe",1673},
{"\xf0\x9f\x91\xb6\xf0\x9f\x8f\xbe\xef\xb8\x8f",1673},
{"\xf0\x9f\x91\xb6\xf0\x9f\x8f\xbf",1674},
{"\xf0\x9f\x91\xb6\xf0\x9f\x8f\xbf\xef\xb8\x8f",1674},
{"\xf0\x9f\x91\xb7",1693},
{"\xf0\x9f\x91\xb7\xe2\x80\x8d\xe2\x99\x80",1691},
{"\xf0\x9f\x91\xb7\xe2\x80\x8d\xe2\x99\x80\xef\xb8\x8f",1691},
{"\xf0\x9f\x91\xb7\xe2\x80\x8d\xe2\x99\x82",1692},
{"\xf0\x9f\x91\xb7\xe2\x80\x8d\xe2\x99\x82\xef\xb8\x8f",1692},
{"\xf0\x9f\x91\xb7\xef\xb8\x8f",1693},
{"\xf0\x9f\x91\xb7\xf0\x9f\x8f\xbb",1678},
{"\xf0\x9f\x91\xb7\xf0\x9f\x8f\xbb\xe2\x80\x8d\xe2\x99\x80",1676},
{"\xf0\x9f\x91\xb7\xf0\x9f\x8f\xbb\xe2\x80\x8d\xe2\x99\x80\xef\xb8\x8f",1676},
{"\xf0\x9f\x91\xb7\xf0\x9f\x8f\xbb\xe2\x80\x8d\xe2\x99\x82",1677},
{"\xf0\x9f\x91\xb7\xf0\x9f\x8f\xbb\xe2\x80\x8d\xe2\x99\x82\xef\xb8\x8f",1677},
{"\xf0\x9f\x91\xb7\xf0\x9f\x8f\xbb\xef\xb8\x8f",1678},
{"\xf0\x9f\x91\xb7\xf0\x9f\x8f\xbc",1681},
{"\xf0\x9f\x91\xb7\xf0\x9f\x8f\xbc\xe2\x80\x8d\xe2\x99\x80",1679},
{"\xf0\x9f\x91\xb7\xf0\x9f\x8f\xbc\xe2\x80\x8d\xe2\x99\x80\xef\xb8\x8f",1679},
{"\xf0\x9f\x91\xb7\xf0\x9f\x8f\xbc\xe2\x80\x8d\xe2\x99\x82",1680},
{"\xf0\x9f\x91\xb7\xf0\x9f\x8f\xbc\xe2\x80\x8d\xe2\x99\x82\xef\xb8\x8f",1680},
{"\xf0\x9f\x91\xb7\xf0\x9f\x8f\xbc\xef\xb8\x8f",1681},
{"\xf0\x9f\x91\xb7\xf0\x9f\x8f\xbd",1684},
{"\xf0\x9f\x91\xb7\xf0\x9f\x8f\xbd\xe2\x80\x8d\xe2\x99\x80",1682},
{"\xf0\x9f\x91\xb7\xf0\x9f\x8f\xbd\xe2\x80\x8d\xe2\x99\x80\xef\xb8\x8f",1682},
{"\xf0\x9f\x91\xb7\xf0\x9f\x8f\xbd\xe2\x80\x8d\xe2\x99\x82",1683},
{"\xf0\x9f\x91\xb7\xf0\x9f\x8f\xbd\xe2\x80\x8d\xe2\x99\x82\xef\xb8\x8f",1683},
{"\xf0\x9f\x91\xb7\xf0\x9f\x8f\xbd\xef\xb8\x8f",1684},
{"\xf0\x9f\x91\xb7\xf0\x9f\x8f\xbe",1687},
{"\xf0\x9f\x91\xb7\xf0\x9f\x8f\xbe\xe2\x80\x8d\xe2\x99\x80",1685},
{"\xf0\x9f\x91\xb7\xf0\x9f\x8f\xbe\xe2\x80\x8d\xe2\x99\x80\xef\xb8\x8f",1685},
{"\xf0\x9f\x91\xb7\xf0\x9f\x8f\xbe\xe2\x80\x8d\xe2\x99\x82",1686},
{"\xf0\x9f\x91\xb7\xf0\x9f\x8f\xbe\xe2\x80\x8d\xe2\x99\x82\xef\xb8\x8f",1686},
{"\xf0\x9f\x91\xb7\xf0\x9f\x8f\xbe\xef\xb8\x8f",1687},
{"\xf0\x9f\x91\xb7\xf0\x9f\x8f\xbf",1690},
{"\xf0\x9f\x91\xb7\xf0\x9f\x8f\xbf\xe2\x80\x8d\xe2\x99\x80",1688},
{"\xf0\x9f\x91\xb7\xf0\x9f\x8f\xbf\xe2\x80\x8d\xe2\x99\x80\xef\xb8\x8f",1688},
{"\xf0\x9f\x91\xb7\xf0\x9f\x8f\xbf\xe2\x80\x8d\xe2\x99\x82",1689},
{"\xf0\x9f\x91\xb7\xf0\x9f\x8f\xbf\xe2\x80\x8d\xe2\x99\x82\xef\xb8\x8f",1689},
{"\xf0\x9f\x91\xb7\xf0\x9f\x8f\xbf\xef\xb8\x8f",1690},
{"\xf0\x9f\x91\xb8",1699},
{"\xf0\x9f\x91\xb8\xef\xb8\x8f",1699},
{"\xf0\x9f\x91\xb8\xf0\x9f\x8f\xbb",1694},
{"\xf0\x9f\x91\xb8\xf0\x9f\x8f\xbb\xef\xb8\x8f",1694},
{"\xf0\x9f\x91\xb8\xf0\x9f\x8f\xbc",1695},
{"\xf0\x9f\x91\xb8\xf0\x9f\x8f\xbc\xef\xb8\x8f",1695},
{"\xf0\x9f\x91\xb8\xf0\x9f\x8f\xbd",1696},
{"\xf0\x9f\x91\xb8\xf0\x9f\x8f\xbd\xef\xb8\x8f",1696},
{"\xf0\x9f\x91\xb8\xf0\x9f\x8f\xbe",1697},
{"\xf0\x9f\x91\xb8\xf0\x9f\x8f\xbe\xef\xb8\x8f",1697},
{"\xf0\x9f\x91\xb8\xf0\x9f\x8f\xbf",1698},
{"\xf0\x9f\x91\xb8\xf0\x9f\x8f\xbf\xef\xb8\x8f",1698},
{"\xf0\x9f\x91\xb9",1700},
{"\xf0\x9f\x91\xb9\xef\xb8\x8f",1700},
{"\xf0\x9f\x91\xba",1701},
{"\xf0\x9f\x91\xba\xef\xb8\x8f",1701},
{"\xf0\x9f\x91\xbb",1702},
{"\xf0\x9f\x91\xbb\xef\xb8\x8f",1702},
{"\xf0\x9f\x91\xbc",1708},
{"\xf0\x9f\x91\xbc\xef\xb8\x8f",1708},
{"\xf0\x9f\x91\xbc\xf0\x9f\x8f\xbb",1703},
{"\xf0\x9f\x91\xbc\xf0\x9f\x8f\xbb\xef\xb8\x8f",1703},
{"\xf0\x9f\x91\xbc\xf0\x9f\x8f\xbc",1704},
{"\xf0\x9f\x91\xbc\xf0\x9f\x8f\xbc\xef\xb8\x8f",1704},
{"\xf0\x9f\x91\xbc\xf0\x9f\x8f\xbd",1705},
{"\xf0\x9f\x91\xbc\xf0\x9f\x8f\xbd\xef\xb8\x8f",1705},
{"\xf0\x9f\x91\xbc\xf0\x9f\x8f\xbe",1706},
{"\xf0\x9f\x91\xbc\xf0\x9f\x8f\xbe\xef\xb8\x8f",1706},
{"\xf0\x9f\x91\xbc\xf0\x9f\x8f\xbf",1707},
{"\xf0\x9f\x91\xbc\xf0\x9f\x8f\xbf\xef\xb8\x8f",1707},
{"\xf0\x9f\x91\xbd",1709},
{"\xf0\x9f\x91\xbd\xef\xb8\x8f",1709},
{"\xf0\x9f\x91\xbe",1710},
{"\xf0\x9f\x91\xbe\xef\xb8\x8f",1710},
{"\xf0\x9f\x91\xbf",1711},
{"\xf0\x9f\x91\xbf\xef\xb8\x8f",1711},
{"\xf0\x9f\x92\x80",1712},
{"\xf0\x9f\x92\x80\xef\xb8\x8f",1712},
{"\xf0\x9f\x92\x81",1730},
{"\xf0\x9f\x92\x81\xe2\x80\x8d\xe2\x99\x80",1728},
{"\xf0\x9f\x92\x81\xe2\x80\x8d\xe2\x99\x80\xef\xb8\x8f",1728},
{"\xf0\x9f\x92\x81\xe2\x80\x8d\xe2\x99\x82",1729},
{"\xf0\x9f\x92\x81\xe2\x80\x8d\xe2\x99\x82\xef\xb8\x8f",1729},
{"\xf0\x9f\x92\x81\xef\xb8\x8f",1730},
{"\xf0\x9f\x92\x81\xf0\x9f\x8f\xbb",1715},
{"\xf0\x9f\x92\x81\xf0\x9f\x8f\xbb\xe2\x80\x8d\xe2\x99\x80",1713},
{"\xf0\x9f\x92\x81\xf0\x9f\x8f\xbb\xe2\x80\x8d\xe2\x99\x80\xef\xb8\x8f",1713},
{"\xf0\x9f\x92\x81\xf0\x9f\x8f\xbb\xe2\x80\x8d\xe2\x99\x82",1714},
{"\xf0\x9f\x92\x81\xf0\x9f\x8f\xbb\xe2\x80\x8d\xe2\x99\x82\xef\xb8\x8f",1714},
{"\xf0\x9f\x92\x81\xf0\x9f\x8f\xbb\xef\xb8\x8f",1715},
{"\xf0\x9f\x92\x81\xf0\x9f\x8f\xbc",1718},
{"\xf0\x9f\x92\x81\xf0\x9f\x8f\xbc\xe2\x80\x8d\xe2\x99\x80",1716},
{"\xf0\x9f\x92\x81\xf0\x9f\x8f\xbc\xe2\x80\x8d\xe2\x99\x80\xef\xb8\x8f",1716},
{"\xf0\x9f\x92\x81\xf0\x9f\x8f\xbc\xe2\x80\x8d\xe2\x99\x82",1717},
{"\xf0\x9f\x92\x81\xf0\x9f\x8f\xbc\xe2\x80\x8d\xe2\x99\x82\xef\xb8\x8f",1717},
{"\xf0\x9f\x92\x81\xf0\x9f\x8f\xbc\xef\xb8\x8f",1718},
{"\xf0\x9f\x92\x81\xf0\x9f\x8f\xbd",1721},
{"\xf0\x9f\x92\x81\xf0\x9f\x8f\xbd\xe2\x80\x8d\xe2\x99\x80",1719},
{"\xf0\x9f\x92\x81\xf0\x9f\x8f\xbd\xe2\x80\x8d\xe2\x99\x80\xef\xb8\x8f",1719},
{"\xf0\x9f\x92\x81\xf0\x9f\x8f\xbd\xe2\x80\x8d\xe2\x99\x82",1720},
{"\xf0\x9f\x92\x81\xf0\x9f\x8f\xbd\xe2\x80\x8d\xe2\x99\x82\xef\xb8\x8f",1720},
{"\xf0\x9f\x92\x81\xf0\x9f\x8f\xbd\xef\xb8\x8f",1721},
{"\xf0\x9f\x92\x81\xf0\x9f\x8f\xbe",1724},
{"\xf0\x9f\x92\x81\xf0\x9f\x8f\xbe\xe2\x80\x8d\xe2\x99\x80",1722},
{"\xf0\x9f\x92\x81\xf0\x9f\x8f\xbe\xe2\x80\x8d\xe2\x99\x80\xef\xb8\x8f",1722},
{"\xf0\x9f\x92\x81\xf0\x9f\x8f\xbe\xe2\x80\x8d\xe2\x99\x82",1723},
{"\xf0\x9f\x92\x81\xf0\x9f\x8f\xbe\xe2\x80\x8d\xe2\x99\x82\xef\xb8\x8f",1723},
{"\xf0\x9f\x92\x81\xf0\x9f\x8f\xbe\xef\xb8\x8f",1724},
{"\xf0\x9f\x92\x81\xf0\x9f\x8f\xbf",1727},
{"\xf0\x9f\x92\x81\xf0\x9f\x8f\xbf\xe2\x80\x8d\xe2\x99\x80",1725},
{"\xf0\x9f\x92\x81\xf0\x9f\x8f\xbf\xe2\x80\x8d\xe2\x99\x80\xef\xb8\x8f",1725},
{"\xf0\x9f\x92\x81\xf0\x9f\x8f\xbf\xe2\x80\x8d\xe2\x99\x82",1726},
{"\xf0\x9f\x92\x81\xf0\x9f\x8f\xbf\xe2\x80\x8d\xe2\x99\x82\xef\xb8\x8f",1726},
{"\xf0\x9f\x92\x81\xf0\x9f\x8f\xbf\xef\xb8\x8f",1727},
{"\xf0\x9f\x92\x82",1748},
{"\xf0\x9f\x92\x82\xe2\x80\x8d\xe2\x99\x80",1746},
{"\xf0\x9f\x92\x82\xe2\x80\x8d\xe2\x99\x80\xef\xb8\x8f",1746},
{"\xf0\x9f\x92\x82\xe2\x80\x8d\xe2\x99\x82",1747},
{"\xf0\x9f\x92\x82\xe2\x80\x8d\xe2\x99\x82\xef\xb8\x8f",1747},
{"\xf0\x9f\x92\x82\xef\xb8\x8f",1748},
{"\xf0\x9f\x92\x82\xf0\x9f\x8f\xbb",1733},
{"\xf0\x9f\x92\x82\xf0\x9f\x8f\xbb\xe2\x80\x8d\xe2\x99\x80",1731},
{"\xf0\x9f\x92\x82\xf0\x9f\x8f\xbb\xe2\x80\x8d\xe2\x99\x80\xef\xb8\x8f",1731},
{"\xf0\x9f\x92\x82\xf0\x9f\x8f\xbb\xe2\x80\x8d\xe2\x99\x82",1732},
{"\xf0\x9f\x92\x82\xf0\x9f\x8f\xbb\xe2\x80\x8d\xe2\x99\x82\xef\xb8\x8f",1732},
{"\xf0\x9f\x92\x82\xf0\x9f\x8f\xbb\xef\xb8\x8f",1733},
{"\xf0\x9f\x92\x82\xf0\x9f\x8f\xbc",1736},
{"\xf0\x9f\x92\x82\xf0\x9f\x8f\xbc\xe2\x80\x8d\xe2\x99\x80",1734},
{"\xf0\x9f\x92\x82\xf0\x9f\x8f\xbc\xe2\x80\x8d\xe2\x99\x80\xef\xb8\x8f",1734},
{"\xf0\x9f\x92\x82\xf0\x9f\x8f\xbc\xe2\x80\x8d\xe2\x99\x82",1735},
{"\xf0\x9f\x92\x82\xf0\x9f\x8f\xbc\xe2\x80\x8d\xe2\x99\x82\xef\xb8\x8f",1735},
{"\xf0\x9f\x92\x82\xf0\x9f\x8f\xbc\xef\xb8\x8f",1736},
{"\xf0\x9f\x92\x82\xf0\x9f\x8f\xbd",1739},
{"\xf0\x9f\x92\x82\xf0\x9f\x8f\xbd\xe2\x80\x8d\xe2\x99\x80",1737},
{"\xf0\x9f\x92\x82\xf0\x9f\x8f\xbd\xe2\x80\x8d\xe2\x99\x80\xef\xb8\x8f",1737},
{"\xf0\x9f\x92\x82\xf0\x9f\x8f\xbd\xe2\x80\x8d\xe2\x99\x82",1738},
{"\xf0\x9f\x92\x82\xf0\x9f\x8f\xbd\xe2\x80\x8d\xe2\x99\x82\xef\xb8\x8f",1738},
{"\xf0\x9f\x92\x82\xf0\x9f\x8f\xbd\xef\xb8\x8f",1739},
{"\xf0\x9f\x92\x82\xf0\x9f\x8f\xbe",1742},
{"\xf0\x9f\x92\x82\xf0\x9f\x8f\xbe\xe2\x80\x8d\xe2\x99\x80",1740},
{"\xf0\x9f\x92\x82\xf0\x9f\x8f\xbe\xe2\x80\x8d\xe2\x99\x80\xef\xb8\x8f",1740},
{"\xf0\x9f\x92\x82\xf0\x9f\x8f\xbe\xe2\x80\x8d\xe2\x99\x82",1741},
{"\xf0\x9f\x92\x82\xf0\x9f\x8f\xbe\xe2\x80\x8d\xe2\x99\x82\xef\xb8\x8f",1741},
{"\xf0\x9f\x92\x82\xf0\x9f\x8f\xbe\xef\xb8\x8f",1742},
{"\xf0\x9f\x92\x82\xf0\x9f\x8f\xbf",1745},
{"\xf0\x9f\x92\x82\xf0\x9f\x8f\xbf\xe2\x80\x8d\xe2\x99\x80",1743},
{"\xf0\x9f\x92\x82\xf0\x9f\x8f\xbf\xe2\x80\x8d\xe2\x99\x80\xef\xb8\x8f",1743},
{"\xf0\x9f\x92\x82\xf0\x9f\x8f\xbf\xe2\x80\x8d\xe2\x99\x82",1744},
{"\xf0\x9f\x92\x82\xf0\x9f\x8f\xbf\xe2\x80\x8d\xe2\x99\x82\xef\xb8\x8f",1744},
{"\xf0\x9f\x92\x82\xf0\x9f\x8f\xbf\xef\xb8\x8f",1745},
{"\xf0\x9f\x92\x83",1754},
{"\xf0\x9f\x92\x83\xef\xb8\x8f",1754},
{"\xf0\x9f\x92\x83\xf0\x9f\x8f\xbb",1749},
{"\xf0\x9f\x92\x83\xf0\x9f\x8f\xbb\xef\xb8\x8f",1749},
{"\xf0\x9f\x92\x83\xf0\x9f\x8f\xbc",1750},
{"\xf0\x9f\x92\x83\xf0\x9f\x8f\xbc\xef\xb8\x8f",1750},
{"\xf0\x9f\x92\x83\xf0\x9f\x8f\xbd",1751},
{"\xf0\x9f\x92\x83\xf0\x9f\x8f\xbd\xef\xb8\x8f",1751},
{"\xf0\x9f\x92\x83\xf0\x9f\x8f\xbe",1752},
{"\xf0\x9f\x92\x83\xf0\x9f\x8f\xbe\xef\xb8\x8f",1752},
{"\xf0\x9f\x92\x83\xf0\x9f\x8f\xbf",1753},
{"\xf0\x9f\x92\x83\xf0\x9f\x8f\xbf\xef\xb8\x8f",1753},
{"\xf0\x9f\x92\x84",1755},
{"\xf0\x9f\x92\x84\xef\xb8\x8f",1755},
{"\xf0\x9f\x92\x85",1761},
{"\xf0\x9f\x92\x85\xef\xb8\x8f",1761},
{"\xf0\x9f\x92\x85\xf0\x9f\x8f\xbb",1756},
{"\xf0\x9f\x92\x85\xf0\x9f\x8f\xbb\xef\xb8\x8f",1756},
{"\xf0\x9f\x92\x85\xf0\x9f\x8f\xbc",1757},
{"\xf0\x9f\x92\x85\xf0\x9f\x8f\xbc\xef\xb8\x8f",1757},
{"\xf0\x9f\x92\x85\xf0\x9f\x8f\xbd",1758},
{"\xf0\x9f\x92\x85\xf0\x9f\x8f\xbd\xef\xb8\x8f",1758},
{"\xf0\x9f\x92\x85\xf0\x9f\x8f\xbe",1759},
{"\xf0\x9f\x92\x85\xf0\x9f\x8f\xbe\xef\xb8\x8f",1759},
{"\xf0\x9f\x92\x85\xf0\x9f\x8f\xbf",1760},
{"\xf0\x9f\x92\x85\xf0\x9f\x8f\xbf\xef\xb8\x8f",1760},
{"\xf0\x9f\x92\x86",1779},
{"\xf0\x9f\x92\x86\xe2\x80\x8d\xe2\x99\x80",1777},
{"\xf0\x9f\x92\x86\xe2\x80\x8d\xe2\x99\x80\xef\xb8\x8f",1777},
{"\xf0\x9f\x92\x86\xe2\x80\x8d\xe2\x99\x82",1778},
{"\xf0\x9f\x92\x86\xe2\x80\x8d\xe2\x99\x82\xef\xb8\x8f",1778},
{"\xf0\x9f\x92\x86\xef\xb8\x8f",1779},
{"\xf0\x9f\x92\x86\xf0\x9f\x8f\xbb",1764},
{"\xf0\x9f\x92\x86\xf0\x9f\x8f\xbb\xe2\x80\x8d\xe2\x99\x80",1762},
{"\xf0\x9f\x92\x86\xf0\x9f\x8f\xbb\xe2\x80\x8d\xe2\x99\x80\xef\xb8\x8f",1762},
{"\xf0\x9f\x92\x86\xf0\x9f\x8f\xbb\xe2\x80\x8d\xe2\x99\x82",1763},
{"\xf0\x9f\x92\x86\xf0\x9f\x8f\xbb\xe2\x80\x8d\xe2\x99\x82\xef\xb8\x8f",1763},
{"\xf0\x9f\x92\x86\xf0\x9f\x8f\xbb\xef\xb8\x8f",1764},
{"\xf0\x9f\x92\x86\xf0\x9f\x8f\xbc",1767},
{"\xf0\x9f\x92\x86\xf0\x9f\x8f\xbc\xe2\x80\x8d\xe2\x99\x80",1765},
{"\xf0\x9f\x92\x86\xf0\x9f\x8f\xbc\xe2\x80\x8d\xe2\x99\x80\xef\xb8\x8f",1765},
{"\xf0\x9f\x92\x86\xf0\x9f\x8f\xbc\xe2\x80\x8d\xe2\x99\x82",1766},
{"\xf0\x9f\x92\x86\xf0\x9f\x8f\xbc\xe2\x80\x8d\xe2\x99\x82\xef\xb8\x8f",1766},
{"\xf0\x9f\x92\x86\xf0\x9f\x8f\xbc\xef\xb8\x8f",1767},
{"\xf0\x9f\x92\x86\xf0\x9f\x8f\xbd",1770},
{"\xf0\x9f\x92\x86\xf0\x9f\x8f\xbd\xe2\x80\x8d\xe2\x99\x80",1768},
{"\xf0\x9f\x92\x86\xf0\x9f\x8f\xbd\xe2\x80\x8d\xe2\x99\x80\xef\xb8\x8f",1768},
{"\xf0\x9f\x92\x86\xf0\x9f\x8f\xbd\xe2\x80\x8d\xe2\x99\x82",1769},
{"\xf0\x9f\x92\x86\xf0\x9f\x8f\xbd\xe2\x80\x8d\xe2\x99\x82\xef\xb8\x8f",1769},
{"\xf0\x9f\x92\x86\xf0\x9f\x8f\xbd\xef\xb8\x8f",1770},
{"\xf0\x9f\x92\x86\xf0\x9f\x8f\xbe",1773},
{"\xf0\x9f\x92\x86\xf0\x9f\x8f\xbe\xe2\x80\x8d\xe2\x99\x80",1771},
{"\xf0\x9f\x92\x86\xf0\x9f\x8f\xbe\xe2\x80\x8d\xe2\x99\x80\xef\xb8\x8f",1771},
{"\xf0\x9f\x92\x86\xf0\x9f\x8f\xbe\xe2\x80\x8d\xe2\x99\x82",1772},
{"\xf0\x9f\x92\x86\xf0\x9f\x8f\xbe\xe2\x80\x8d\xe2\x99\x82\xef\xb8\x8f",1772},
{"\xf0\x9f\x92\x86\xf0\x9f\x8f\xbe\xef\xb8\x8f",1773},
{"\xf0\x9f\x92\x86\xf0\x9f\x8f\xbf",1776},
{"\xf0\x9f\x92\x86\xf0\x9f\x8f\xbf\xe2\x80\x8d\xe2\x99\x80",1774},
{"\xf0\x9f\x92\x86\xf0\x9f\x8f\xbf\xe2\x80\x8d\xe2\x99\x80\xef\xb8\x8f",1774},
{"\xf0\x9f\x92\x86\xf0\x9f\x8f\xbf\xe2\x80\x8d\xe2\x99\x82",1775},
{"\xf0\x9f\x92\x86\xf0\x9f\x8f\xbf\xe2\x80\x8d\xe2\x99\x82\xef\xb8\x8f",1775},
{"\xf0\x9f\x92\x86\xf0\x9f\x8f\xbf\xef\xb8\x8f",1776},
{"\xf0\x9f\x92\x87",1797},
{"\xf0\x9f\x92\x87\xe2\x80\x8d\xe2\x99\x80",1795},
{"\xf0\x9f\x92\x87\xe2\x80\x8d\xe2\x99\x80\xef\xb8\x8f",1795},
{"\xf0\x9f\x92\x87\xe2\x80\x8d\xe2\x99\x82",1796},
{"\xf0\x9f\x92\x87\xe2\x80\x8d\xe2\x99\x82\xef\xb8\x8f",1796},
{"\xf0\x9f\x92\x87\xef\xb8\x8f",1797},
{"\xf0\x9f\x92\x87\xf0\x9f\x8f\xbb",1782},
{"\xf0\x9f\x92\x87\xf0\x9f\x8f\xbb\xe2\x80\x8d\xe2\x99\x80",1780},
{"\xf0\x9f\x92\x87\xf0\x9f\x8f\xbb\xe2\x80\x8d\xe2\x99\x80\xef\xb8\x8f",1780},
{"\xf0\x9f\x92\x87\xf0\x9f\x8f\xbb\xe2\x80\x8d\xe2\x99\x82",1781},
{"\xf0\x9f\x92\x87\xf0\x9f\x8f\xbb\xe2\x80\x8d\xe2\x99\x82\xef\xb8\x8f",1781},
{"\xf0\x9f\x92\x87\xf0\x9f\x8f\xbb\xef\xb8\x8f",1782},
{"\xf0\x9f\x92\x87\xf0\x9f\x8f\xbc",1785},
{"\xf0\x9f\x92\x87\xf0\x9f\x8f\xbc\xe2\x80\x8d\xe2\x99\x80",1783},
{"\xf0\x9f\x92\x87\xf0\x9f\x8f\xbc\xe2\x80\x8d\xe2\x99\x80\xef\xb8\x8f",1783},
{"\xf0\x9f\x92\x87\xf0\x9f\x8f\xbc\xe2\x80\x8d\xe2\x99\x82",1784},
{"\xf0\x9f\x92\x87\xf0\x9f\x8f\xbc\xe2\x80\x8d\xe2\x99\x82\xef\xb8\x8f",1784},
{"\xf0\x9f\x92\x87\xf0\x9f\x8f\xbc\xef\xb8\x8f",1785},
{"\xf0\x9f\x92\x87\xf0\x9f\x8f\xbd",1788},
{"\xf0\x9f\x92\x87\xf0\x9f\x8f\xbd\xe2\x80\x8d\xe2\x99\x80",1786},
{"\xf0\x9f\x92\x87\xf0\x9f\x8f\xbd\xe2\x80\x8d\xe2\x99\x80\xef\xb8\x8f",1786},
{"\xf0\x9f\x92\x87\xf0\x9f\x8f\xbd\xe2\x80\x8d\xe2\x99\x82",1787},
{"\xf0\x9f\x92\x87\xf0\x9f\x8f\xbd\xe2\x80\x8d\xe2\x99\x82\xef\xb8\x8f",1787},
{"\xf0\x9f\x92\x87\xf0\x9f\x8f\xbd\xef\xb8\x8f",1788},
{"\xf0\x9f\x92\x87\xf0\x9f\x8f\xbe",1791},
{"\xf0\x9f\x92\x87\xf0\x9f\x8f\xbe\xe2\x80\x8d\xe2\x99\x80",1789},
{"\xf0\x9f\x92\x87\xf0\x9f\x8f\xbe\xe2\x80\x8d\xe2\x99\x80\xef\xb8\x8f",1789},
{"\xf0\x9f\x92\x87\xf0\x9f\x8f\xbe\xe2\x80\x8d\xe2\x99\x82",1790},
{"\xf0\x9f\x92\x87\xf0\x9f\x8f\xbe\xe2\x80\x8d\xe2\x99\x82\xef\xb8\x8f",1790},
{"\xf0\x9f\x92\x87\xf0\x9f\x8f\xbe\xef\xb8\x8f",1791},
{"\xf0\x9f\x92\x87\xf0\x9f\x8f\xbf",1794},
{"\xf0\x9f\x92\x87\xf0\x9f\x8f\xbf\xe2\x80\x8d\xe2\x99\x80",1792},
{"\xf0\x9f\x92\x87\xf0\x9f\x8f\xbf\xe2\x80\x8d\xe2\x99\x80\xef\xb8\x8f",1792},
{"\xf0\x9f\x92\x87\xf0\x9f\x8f\xbf\xe2\x80\x8d\xe2\x99\x82",1793},
{"\xf0\x9f\x92\x87\xf0\x9f\x8f\xbf\xe2\x80\x8d\xe2\x99\x82\xef\xb8\x8f",1793},
{"\xf0\x9f\x92\x87\xf0\x9f\x8f\xbf\xef\xb8\x8f",1794},
{"\xf0\x9f\x92\x88",1798},
{"\xf0\x9f\x92\x88\xef\xb8\x8f",1798},
{"\xf0\x9f\x92\x89",1799},
{"\xf0\x9f\x92\x89\xef\xb8\x8f",1799},
{"\xf0\x9f\x92\x8a",1800},
{"\xf0\x9f\x92\x8a\xef\xb8\x8f",1800},
{"\xf0\x9f\x92\x8b",1801},
{"\xf0\x9f\x92\x8b\xef\xb8\x8f",1801},
{"\xf0\x9f\x92\x8c",1802},
{"\xf0\x9f\x92\x8c\xef\xb8\x8f",1802},
{"\xf0\x9f\x92\x8d",1803},
{"\xf0\x9f\x92\x8d\xef\xb8\x8f",1803},
{"\xf0\x9f\x92\x8e",1804},
{"\xf0\x9f\x92\x8e\xef\xb8\x8f",1804},
{"\xf0\x9f\x92\x8f",1810},
{"\xf0\x9f\x92\x8f\xef\xb8\x8f",1810},
{"\xf0\x9f\x92\x8f\xf0\x9f\x8f\xbb",1805},
{"\xf0\x9f\x92\x8f\xf0\x9f\x8f\xbb\xef\xb8\x8f",1805},
{"\xf0\x9f\x92\x8f\xf0\x9f\x8f\xbc",1806},
{"\xf0\x9f\x92\x8f\xf0\x9f\x8f\xbc\xef\xb8\x8f",1806},
{"\xf0\x9f\x92\x8f\xf0\x9f\x8f\xbd",1807},
{"\xf0\x9f\x92\x8f\xf0\x9f\x8f\xbd\xef\xb8\x8f",1807},
{"\xf0\x9f\x92\x8f\xf0\x9f\x8f\xbe",1808},
{"\xf0\x9f\x92\x8f\xf0\x9f\x8f\xbe\xef\xb8\x8f",1808},
{"\xf0\x9f\x92\x8f\xf0\x9f\x8f\xbf",1809},
{"\xf0\x9f\x92\x8f\xf0\x9f\x8f\xbf\xef\xb8\x8f",1809},
{"\xf0\x9f\x92\x90",1811},
{"\xf0\x9f\x92\x90\xef\xb8\x8f",1811},
{"\xf0\x9f\x92\x91",1817},
{"\xf0\x9f\x92\x91\xef\xb8\x8f",1817},
{"\xf0\x9f\x92\x91\xf0\x9f\x8f\xbb",1812},
{"\xf0\x9f\x92\x91\xf0\x9f\x8f\xbb\xef\xb8\x8f",1812},
{"\xf0\x9f\x92\x91\xf0\x9f\x8f\xbc",1813},
{"\xf0\x9f\x92\x91\xf0\x9f\x8f\xbc\xef\xb8\x8f",1813},
{"\xf0\x9f\x92\x91\xf0\x9f\x8f\xbd",1814},
{"\xf0\x9f\x92\x91\xf0\x9f\x8f\xbd\xef\xb8\x8f",1814},
{"\xf0\x9f\x92\x91\xf0\x9f\x8f\xbe",1815},
{"\xf0\x9f\x92\x91\xf0\x9f\x8f\xbe\xef\xb8\x8f",1815},
{"\xf0\x9f\x92\x91\xf0\x9f\x8f\xbf",1816},
{"\xf0\x9f\x92\x91\xf0\x9f\x8f\xbf\xef\xb8\x8f",1816},
{"\xf0\x9f\x92\x92",1818},
{"\xf0\x9f\x92\x92\xef\xb8\x8f",1818},
{"\xf0\x9f\x92\x93",1819},
{"\xf0\x9f\x92\x93\xef\xb8\x8f",1819},
{"\xf0\x9f\x92\x94",1820},
{"\xf0\x9f\x92\x94\xef\xb8\x8f",1820},
{"\xf0\x9f\x92\x95",1821},
{"\xf0\x9f\x92\x95\xef\xb8\x8f",1821},
{"\xf0\x9f\x92\x96",1822},
{"\xf0\x9f\x92\x96\xef\xb8\x8f",1822},
{"\xf0\x9f\x92\x97",1823},
{"\xf0\x9f\x92\x97\xef\xb8\x8f",1823},
{"\xf0\x9f\x92\x98",1824},
{"\xf0\x9f\x92\x98\xef\xb8\x8f",1824},
{"\xf0\x9f\x92\x99",1825},
{"\xf0\x9f\x92\x99\xef\xb8\x8f",1825},
{"\xf0\x9f\x92\x9a",1826},
{"\xf0\x9f\x92\x9a\xef\xb8\x8f",1826},
{"\xf0\x9f\x92\x9b",1827},
{"\xf0\x9f\x92\x9b\xef\xb8\x8f",1827},
{"\xf0\x9f\x92\x9c",1828},
{"\xf0\x9f\x92\x9c\xef\xb8\x8f",1828},
{"\xf0\x9f\x92\x9d",1829},
{"\xf0\x9f\x92\x9d\xef\xb8\x8f",1829},
{"\xf0\x9f\x92\x9e",1830},
{"\xf0\x9f\x92\x9e\xef\xb8\x8f",1830},
{"\xf0\x9f\x92\x9f",1831},
{"\xf0\x9f\x92\x9f\xef\xb8\x8f",1831},
{"\xf0\x9f\x92\xa0",1832},
{"\xf0\x9f\x92\xa0\xef\xb8\x8f",1832},
{"\xf0\x9f\x92\xa1",1833},
{"\xf0\x9f\x92\xa1\xef\xb8\x8f",1833},
{"\xf0\x9f\x92\xa2",1834},
{"\xf0\x9f\x92\xa2\xef\xb8\x8f",1834},
{"\xf0\x9f\x92\xa3",1835},
{"\xf0\x9f\x92\xa3\xef\xb8\x8f",1835},
{"\xf0\x9f\x92\xa4",1836},
{"\xf0\x9f\x92\xa4\xef\xb8\x8f",1836},
{"\xf0\x9f\x92\xa5",1837},
{"\xf0\x9f\x92\xa5\xef\xb8\x8f",1837},
{"\xf0\x9f\x92\xa6",1838},
{"\xf0\x9f\x92\xa6\xef\xb8\x8f",1838},
{"\xf0\x9f\x92\xa7",1839},
{"\xf0\x9f\x92\xa7\xef\xb8\x8f",1839},
{"\xf0\x9f\x92\xa8",1840},
{"\xf0\x9f\x92\xa8\xef\xb8\x8f",1840},
{"\xf0\x9f\x92\xa9",1841},
{"\xf0\x9f\x92\xa9\xef\xb8\x8f",1841},
{"\xf0\x9f\x92\xaa",1847},
{"\xf0\x9f\x92\xaa\xef\xb8\x8f",1847},
{"\xf0\x9f\x92\xaa\xf0\x9f\x8f\xbb",1842},
{"\xf0\x9f\x92\xaa\xf0\x9f\x8f\xbb\xef\xb8\x8f",1842},
{"\xf0\x9f\x92\xaa\xf0\x9f\x8f\xbc",1843},
{"\xf0\x9f\x92\xaa\xf0\x9f\x8f\xbc\xef\xb8\x8f",1843},
{"\xf0\x9f\x92\xaa\xf0\x9f\x8f\xbd",1844},
{"\xf0\x9f\x92\xaa\xf0\x9f\x8f\xbd\xef\xb8\x8f",1844},
{"\xf0\x9f\x92\xaa\xf0\x9f\x8f\xbe",1845},
{"\xf0\x9f\x92\xaa\xf0\x9f\x8f\xbe\xef\xb8\x8f",1845},
{"\xf0\x9f\x92\xaa\xf0\x9f\x8f\xbf",1846},
{"\xf0\x9f\x92\xaa\xf0\x9f\x8f\xbf\xef\xb8\x8f",1846},
{"\xf0\x9f\x92\xab",1848},
{"\xf0\x9f\x92\xab\xef\xb8\x8f",1848},
{"\xf0\x9f\x92\xac",1849},
{"\xf0\x9f\x92\xac\xef\xb8\x8f",1849},
{"\xf0\x9f\x92\xad",1850},
{"\xf0\x9f\x92\xad\xef\xb8\x8f",1850},
{"\xf0\x9f\x92\xae",1851},
{"\xf0\x9f\x92\xae\xef\xb8\x8f",1851},
{"\xf0\x9f\x92\xaf",1852},
{"\xf0\x9f\x92\xaf\xef\xb8\x8f",1852},
{"\xf0\x9f\x92\xb0",1853},
{"\xf0\x9f\x92\xb0\xef\xb8\x8f",1853},
{"\xf0\x9f\x92\xb1",1854},
{"\xf0\x9f\x92\xb1\xef\xb8\x8f",1854},
{"\xf0\x9f\x92\xb2",1855},
{"\xf0\x9f\x92\xb2\xef\xb8\x8f",1855},
{"\xf0\x9f\x92\xb3",1856},
{"\xf0\x9f\x92\xb3\xef\xb8\x8f",1856},
{"\xf0\x9f\x92\xb4",1857},
{"\xf0\x9f\x92\xb4\xef\xb8\x8f",1857},
{"\xf0\x9f\x92\xb5",1858},
{"\xf0\x9f\x92\xb5\xef\xb8\x8f",1858},
{"\xf0\x9f\x92\xb6",1859},
{"\xf0\x9f\x92\xb6\xef\xb8\x8f",1859},
{"\xf0\x9f\x92\xb7",1860},
{"\xf0\x9f\x92\xb7\xef\xb8\x8f",1860},
{"\xf0\x9f\x92\xb8",1861},
{"\xf0\x9f\x92\xb8\xef\xb8\x8f",1861},
{"\xf0\x9f\x92\xb9",1862},
{"\xf0\x9f\x92\xb9\xef\xb8\x8f",1862},
{"\xf0\x9f\x92\xba",1863},
{"\xf0\x9f\x92\xba\xef\xb8\x8f",1863},
{"\xf0\x9f\x92\xbb",1864},
{"\xf0\x9f\x92\xbb\xef\xb8\x8f",1864},
{"\xf0\x9f\x92\xbc",1865},
{"\xf0\x9f\x92\xbc\xef\xb8\x8f",1865},
{"\xf0\x9f\x92\xbd",1866},
{"\xf0\x9f\x92\xbd\xef\xb8\x8f",1866},
{"\xf0\x9f\x92\xbe",1867},
{"\xf0\x9f\x92\xbe\xef\xb8\x8f",1867},
{"\xf0\x9f\x92\xbf",1868},
{"\xf0\x9f\x92\xbf\xef\xb8\x8f",1868},
{"\xf0\x9f\x93\x80",1869},
{"\xf0\x9f\x93\x80\xef\xb8\x8f",1869},
{"\xf0\x9f\x93\x81",1870},
{"\xf0\x9f\x93\x81\xef\xb8\x8f",1870},
{"\xf0\x9f\x93\x82",1871},
{"\xf0\x9f\x93\x82\xef\xb8\x8f",1871},
{"\xf0\x9f\x93\x83",1872},
{"\xf0\x9f\x93\x83\xef\xb8\x8f",1872},
{"\xf0\x9f\x93\x84",1873},
{"\xf0\x9f\x93\x84\xef\xb8\x8f",1873},
{"\xf0\x9f\x93\x85",1874},
{"\xf0\x9f\x93\x85\xef\xb8\x8f",1874},
{"\xf0\x9f\x93\x86",1875},
{"\xf0\x9f\x93\x86\xef\xb8\x8f",1875},
{"\xf0\x9f\x93\x87",1876},
{"\xf0\x9f\x93\x87\xef\xb8\x8f",1876},
{"\xf0\x9f\x93\x88",1877},
{"\xf0\x9f\x93\x88\xef\xb8\x8f",1877},
{"\xf0\x9f\x93\x89",1878},
{"\xf0\x9f\x93\x89\xef\xb8\x8f",1878},
{"\xf0\x9f\x93\x8a",1879},
{"\xf0\x9f\x93\x8a\xef\xb8\x8f",1879},
{"\xf0\x9f\x93\x8b",1880},
{"\xf0\x9f\x93\x8b\xef\xb8\x8f",1880},
{"\xf0\x9f\x93\x8c",1881},
{"\xf0\x9f\x93\x8c\xef\xb8\x8f",1881},
{"\xf0\x9f\x93\x8d",1882},
{"\xf0\x9f\x93\x8d\xef\xb8\x8f",1882},
{"\xf0\x9f\x93\x8e",1883},
{"\xf0\x9f\x93\x8e\xef\xb8\x8f",1883},
{"\xf0\x9f\x93\x8f",1884},
{"\xf0\x9f\x93\x8f\xef\xb8\x8f",1884},
{"\xf0\x9f\x93\x90",1885},
{"\xf0\x9f\x93\x90\xef\xb8\x8f",1885},
{"\xf0\x9f\x93\x91",1886},
{"\xf0\x9f\x93\x91\xef\xb8\x8f",1886},
{"\xf0\x9f\x93\x92",1887},
{"\xf0\x9f\x93\x92\xef\xb8\x8f",1887},
{"\xf0\x9f\x93\x93",1888},
{"\xf0\x9f\x93\x93\xef\xb8\x8f",1888},
{"\xf0\x9f\x93\x94",1889},
{"\xf0\x9f\x93\x94\xef\xb8\x8f",1889},
{"\xf0\x9f\x93\x95",1890},
{"\xf0\x9f\x93\x95\xef\xb8\x8f",1890},
{"\xf0\x9f\x93\x96",1891},
{"\xf0\x9f\x93\x96\xef\xb8\x8f",1891},
{"\xf0\x9f\x93\x97",1892},
{"\xf0\x9f\x93\x97\xef\xb8\x8f",1892},
{"\xf0\x9f\x93\x98",1893},
{"\xf0\x9f\x93\x98\xef\xb8\x8f",1893},
{"\xf0\x9f\x93\x99",1894},
{"\xf0\x9f\x93\x99\xef\xb8\x8f",1894},
{"\xf0\x9f\x93\x9a",1895},
{"\xf0\x9f\x93\x9a\xef\xb8\x8f",1895},
{"\xf0\x9f\x93\x9b",1896},
{"\xf0\x9f\x93\x9b\xef\xb8\x8f",1896},
{"\xf0\x9f\x93\x9c",1897},
{"\xf0\x9f\x93\x9c\xef\xb8\x8f",1897},
{"\xf0\x9f\x93\x9d",1898},
{"\xf0\x9f\x93\x9d\xef\xb8\x8f",1898},
{"\xf0\x9f\x93\x9e",1899},
{"\xf0\x9f\x93\x9e\xef\xb8\x8f",1899},
{"\xf0\x9f\x93\x9f",1900},
{"\xf0\x9f\x93\x9f\xef\xb8\x8f",1900},
{"\xf0\x9f\x93\xa0",1901},
{"\xf0\x9f\x93\xa0\xef\xb8\x8f",1901},
{"\xf0\x9f\x93\xa1",1902},
{"\xf0\x9f\x93\xa1\xef\xb8\x8f",1902},
{"\xf0\x9f\x93\xa2",1903},
{"\xf0\x9f\x93\xa2\xef\xb8\x8f",1903},
{"\xf0\x9f\x93\xa3",1904},
{"\xf0\x9f\x93\xa3\xef\xb8\x8f",1904},
{"\xf0\x9f\x93\xa4",1905},
{"\xf0\x9f\x93\xa4\xef\xb8\x8f",1905},
{"\xf0\x9f\x93\xa5",1906},
{"\xf0\x9f\x93\xa5\xef\xb8\x8f",1906},
{"\xf0\x9f\x93\xa6",1907},
{"\xf0\x9f\x93\xa6\xef\xb8\x8f",1907},
{"\xf0\x9f\x93\xa7",1908},
{"\xf0\x9f\x93\xa7\xef\xb8\x8f",1908},
{"\xf0\x9f\x93\xa8",1909},
{"\xf0\x9f\x93\xa8\xef\xb8\x8f",1909},
{"\xf0\x9f\x93\xa9",1910},
{"\xf0\x9f\x93\xa9\xef\xb8\x8f",1910},
{"\xf0\x9f\x93\xaa",1911},
{"\xf0\x9f\x93\xaa\xef\xb8\x8f",1911},
{"\xf0\x9f\x93\xab",1912},
{"\xf0\x9f\x93\xab\xef\xb8\x8f",1912},
{"\xf0\x9f\x93\xac",1913},
{"\xf0\x9f\x93\xac\xef\xb8\x8f",1913},
{"\xf0\x9f\x93\xad",1914},
{"\xf0\x9f\x93\xad\xef\xb8\x8f",1914},
{"\xf0\x9f\x93\xae",1915},
{"\xf0\x9f\x93\xae\xef\xb8\x8f",1915},
{"\xf0\x9f\x93\xaf",1916},
{"\xf0\x9f\x93\xaf\xef\xb8\x8f",1916},
{"\xf0\x9f\x93\xb0",1917},
{"\xf0\x9f\x93\xb0\xef\xb8\x8f",1917},
{"\xf0\x9f\x93\xb1",1918},
{"\xf0\x9f\x93\xb1\xef\xb8\x8f",1918},
{"\xf0\x9f\x93\xb2",1919},
{"\xf0\x9f\x93\xb2\xef\xb8\x8f",1919},
{"\xf0\x9f\x93\xb3",1920},
{"\xf0\x9f\x93\xb3\xef\xb8\x8f",1920},
{"\xf0\x9f\x93\xb4",1921},
{"\xf0\x9f\x93\xb4\xef\xb8\x8f",1921},
{"\xf0\x9f\x93\xb5",1922},
{"\xf0\x9f\x93\xb5\xef\xb8\x8f",1922},
{"\xf0\x9f\x93\xb6",1923},
{"\xf0\x9f\x93\xb6\xef\xb8\x8f",1923},
{"\xf0\x9f\x93\xb7",1924},
{"\xf0\x9f\x93\xb7\xef\xb8\x8f",1924},
{"\xf0\x9f\x93\xb8",1925},
{"\xf0\x9f\x93\xb8\xef\xb8\x8f",1925},
{"\xf0\x9f\x93\xb9",1926},
{"\xf0\x9f\x93\xb9\xef\xb8\x8f",1926},
{"\xf0\x9f\x93\xba",1927},
{"\xf0\x9f\x93\xba\xef\xb8\x8f",1927},
{"\xf0\x9f\x93\xbb",1928},
{"\xf0\x9f\x93\xbb\xef\xb8\x8f",1928},
{"\xf0\x9f\x93\xbc",1929},
{"\xf0\x9f\x93\xbc\xef\xb8\x8f",1929},
{"\xf0\x9f\x93\xbd",1930},
{"\xf0\x9f\x93\xbd\xef\xb8\x8f",1930},
{"\xf0\x9f\x93\xbf",1931},
{"\xf0\x9f\x93\xbf\xef\xb8\x8f",1931},
{"\xf0\x9f\x94\x80",1932},
{"\xf0\x9f\x94\x80\xef\xb8\x8f",1932},
{"\xf0\x9f\x94\x81",1933},
{"\xf0\x9f\x94\x81\xef\xb8\x8f",1933},
{"\xf0\x9f\x94\x82",1934},
{"\xf0\x9f\x94\x82\xef\xb8\x8f",1934},
{"\xf0\x9f\x94\x83",1935},
{"\xf0\x9f\x94\x83\xef\xb8\x8f",1935},
{"\xf0\x9f\x94\x84",1936},
{"\xf0\x9f\x94\x84\xef\xb8\x8f",1936},
{"\xf0\x9f\x94\x85",1937},
{"\xf0\x9f\x94\x85\xef\xb8\x8f",1937},
{"\xf0\x9f\x94\x86",1938},
{"\xf0\x9f\x94\x86\xef\xb8\x8f",1938},
{"\xf0\x9f\x94\x87",1939},
{"\xf0\x9f\x94\x87\xef\xb8\x8f",1939},
{"\xf0\x9f\x94\x88",1940},
{"\xf0\x9f\x94\x88\xef\xb8\x8f",1940},
{"\xf0\x9f\x94\x89",1941},
{"\xf0\x9f\x94\x89\xef\xb8\x8f",1941},
{"\xf0\x9f\x94\x8a",1942},
{"\xf0\x9f\x94\x8a\xef\xb8\x8f",1942},
{"\xf0\x9f\x94\x8b",1943},
{"\xf0\x9f\x94\x8b\xef\xb8\x8f",1943},
{"\xf0\x9f\x94\x8c",1944},
{"\xf0\x9f\x94\x8c\xef\xb8\x8f",1944},
{"\xf0\x9f\x94\x8d",1945},
{"\xf0\x9f\x94\x8d\xef\xb8\x8f",1945},
{"\xf0\x9f\x94\x8e",1946},
{"\xf0\x9f\x94\x8e\xef\xb8\x8f",1946},
{"\xf0\x9f\x94\x8f",1947},
{"\xf0\x9f\x94\x8f\xef\xb8\x8f",1947},
{"\xf0\x9f\x94\x90",1948},
{"\xf0\x9f\x94\x90\xef\xb8\x8f",1948},
{"\xf0\x9f\x94\x91",1949},
{"\xf0\x9f\x94\x91\xef\xb8\x8f",1949},
{"\xf0\x9f\x94\x92",1950},
{"\xf0\x9f\x94\x92\xef\xb8\x8f",1950},
{"\xf0\x9f\x94\x93",1951},
{"\xf0\x9f\x94\x93\xef\xb8\x8f",1951},
{"\xf0\x9f\x94\x94",1952},
{"\xf0\x9f\x94\x94\xef\xb8\x8f",1952},
{"\xf0\x9f\x94\x95",1953},
{"\xf0\x9f\x94\x95\xef\xb8\x8f",1953},
{"\xf0\x9f\x94\x96",1954},
{"\xf0\x9f\x94\x96\xef\xb8\x8f",1954},
{"\xf0\x9f\x94\x97",1955},
{"\xf0\x9f\x94\x97\xef\xb8\x8f",1955},
{"\xf0\x9f\x94\x98",1956},
{"\xf0\x9f\x94\x98\xef\xb8\x8f",1956},
{"\xf0\x9f\x94\x99",1957},
{"\xf0\x9f\x94\x99\xef\xb8\x8f",1957},
{"\xf0\x9f\x94\x9a",1958},
{"\xf0\x9f\x94\x9a\xef\xb8\x8f",1958},
{"\xf0\x9f\x94\x9b",1959},
{"\xf0\x9f\x94\x9b\xef\xb8\x8f",1959},
{"\xf0\x9f\x94\x9c",1960},
{"\xf0\x9f\x94\x9c\xef\xb8\x8f",1960},
{"\xf0\x9f\x94\x9d",1961},
{"\xf0\x9f\x94\x9d\xef\xb8\x8f",1961},
{"\xf0\x9f\x94\x9e",1962},
{"\xf0\x9f\x94\x9e\xef\xb8\x8f",1962},
{"\xf0\x9f\x94\x9f",1963},
{"\xf0\x9f\x94\x9f\xef\xb8\x8f",1963},
{"\xf0\x9f\x94\xa0",1964},
{"\xf0\x9f\x94\xa0\xef\xb8\x8f",1964},
{"\xf0\x9f\x94\xa1",1965},
{"\xf0\x9f\x94\xa1\xef\xb8\x8f",1965},
{"\xf0\x9f\x94\xa2",1966},
{"\xf0\x9f\x94\xa2\xef\xb8\x8f",1966},
{"\xf0\x9f\x94\xa3",1967},
{"\xf0\x9f\x94\xa3\xef\xb8\x8f",1967},
{"\xf0\x9f\x94\xa4",1968},
{"\xf0\x9f\x94\xa4\xef\xb8\x8f",1968},
{"\xf0\x9f\x94\xa5",1969},
{"\xf0\x9f\x94\xa5\xef\xb8\x8f",1969},
{"\xf0\x9f\x94\xa6",1970},
{"\xf0\x9f\x94\xa6\xef\xb8\x8f",1970},
{"\xf0\x9f\x94\xa7",1971},
{"\xf0\x9f\x94\xa7\xef\xb8\x8f",1971},
{"\xf0\x9f\x94\xa8",1972},
{"\xf0\x9f\x94\xa8\xef\xb8\x8f",1972},
{"\xf0\x9f\x94\xa9",1973},
{"\xf0\x9f\x94\xa9\xef\xb8\x8f",1973},
{"\xf0\x9f\x94\xaa",1974},
{"\xf0\x9f\x94\xaa\xef\xb8\x8f",1974},
{"\xf0\x9f\x94\xab",1975},
{"\xf0\x9f\x94\xab\xef\xb8\x8f",1975},
{"\xf0\x9f\x94\xac",1976},
{"\xf0\x9f\x94\xac\xef\xb8\x8f",1976},
{"\xf0\x9f\x94\xad",1977},
{"\xf0\x9f\x94\xad\xef\xb8\x8f",1977},
{"\xf0\x9f\x94\xae",1978},
{"\xf0\x9f\x94\xae\xef\xb8\x8f",1978},
{"\xf0\x9f\x94\xaf",1979},
{"\xf0\x9f\x94\xaf\xef\xb8\x8f",1979},
{"\xf0\x9f\x94\xb0",1980},
{"\xf0\x9f\x94\xb0\xef\xb8\x8f",1980},
{"\xf0\x9f\x94\xb1",1981},
{"\xf0\x9f\x94\xb1\xef\xb8\x8f",1981},
{"\xf0\x9f\x94\xb2",1982},
{"\xf0\x9f\x94\xb2\xef\xb8\x8f",1982},
{"\xf0\x9f\x94\xb3",1983},
{"\xf0\x9f\x94\xb3\xef\xb8\x8f",1983},
{"\xf0\x9f\x94\xb4",1984},
{"\xf0\x9f\x94\xb4\xef\xb8\x8f",1984},
{"\xf0\x9f\x94\xb5",1985},
{"\xf0\x9f\x94\xb5\xef\xb8\x8f",1985},
{"\xf0\x9f\x94\xb6",1986},
{"\xf0\x9f\x94\xb6\xef\xb8\x8f",1986},
{"\xf0\x9f\x94\xb7",1987},
{"\xf0\x9f\x94\xb7\xef\xb8\x8f",1987},
{"\xf0\x9f\x94\xb8",1988},
{"\xf0\x9f\x94\xb8\xef\xb8\x8f",1988},
{"\xf0\x9f\x94\xb9",1989},
{"\xf0\x9f\x94\xb9\xef\xb8\x8f",1989},
{"\xf0\x9f\x94\xba",1990},
{"\xf0\x9f\x94\xba\xef\xb8\x8f",1990},
{"\xf0\x9f\x94\xbb",1991},
{"\xf0\x9f\x94\xbb\xef\xb8\x8f",1991},
{"\xf0\x9f\x94\xbc",1992},
{"\xf0\x9f\x94\xbc\xef\xb8\x8f",1992},
{"\xf0\x9f\x94\xbd",1993},
{"\xf0\x9f\x94\xbd\xef\xb8\x8f",1993},
{"\xf0\x9f\x95\x89",1994},
{"\xf0\x9f\x95\x89\xef\xb8\x8f",1994},
{"\xf0\x9f\x95\x8a",1995},
{"\xf0\x9f\x95\x8a\xef\xb8\x8f",1995},
{"\xf0\x9f\x95\x8b",1996},
{"\xf0\x9f\x95\x8b\xef\xb8\x8f",1996},
{"\xf0\x9f\x95\x8c",1997},
{"\xf0\x9f\x95\x8c\xef\xb8\x8f",1997},
{"\xf0\x9f\x95\x8d",1998},
{"\xf0\x9f\x95\x8d\xef\xb8\x8f",1998},
{"\xf0\x9f\x95\x8e",1999},
{"\xf0\x9f\x95\x8e\xef\xb8\x8f",1999},
{"\xf0\x9f\x95\x90",2000},
{"\xf0\x9f\x95\x90\xef\xb8\x8f",2000},
{"\xf0\x9f\x95\x91",2001},
{"\xf0\x9f\x95\x91\xef\xb8\x8f",2001},
{"\xf0\x9f\x95\x92",2002},
{"\xf0\x9f\x95\x92\xef\xb8\x8f",2002},
{"\xf0\x9f\x95\x93",2003},
{"\xf0\x9f\x95\x93\xef\xb8\x8f",2003},
{"\xf0\x9f\x95\x94",2004},
{"\xf0\x9f\x95\x94\xef\xb8\x8f",2004},
{"\xf0\x9f\x95\x95",2005},
{"\xf0\x9f\x95\x95\xef\xb8\x8f",2005},
{"\xf0\x9f\x95\x96",2006},
{"\xf0\x9f\x95\x96\xef\xb8\x8f",2006},
{"\xf0\x9f\x95\x97",2007},
{"\xf0\x9f\x95\x97\xef\xb8\x8f",2007},
{"\xf0\x9f\x95\x98",2008},
{"\xf0\x9f\x95\x98\xef\xb8\x8f",2008},
{"\xf0\x9f\x95\x99",2009},
{"\xf0\x9f\x95\x99\xef\xb8\x8f",2009},
{"\xf0\x9f\x95\x9a",2010},
{"\xf0\x9f\x95\x9a\xef\xb8\x8f",2010},
{"\xf0\x9f\x95\x9b",2011},
{"\xf0\x9f\x95\x9b\xef\xb8\x8f",2011},
{"\xf0\x9f\x95\x9c",2012},
{"\xf0\x9f\x95\x9c\xef\xb8\x8f",2012},
{"\xf0\x9f\x95\x9d",2013},
{"\xf0\x9f\x95\x9d\xef\xb8\x8f",2013},
{"\xf0\x9f\x95\x9e",2014},
{"\xf0\x9f\x95\x9e\xef\xb8\x8f",2014},
{"\xf0\x9f\x95\x9f",2015},
{"\xf0\x9f\x95\x9f\xef\xb8\x8f",2015},
{"\xf0\x9f\x95\xa0",2016},
{"\xf0\x9f\x95\xa0\xef\xb8\x8f",2016},
{"\xf0\x9f\x95\xa1",2017},
{"\xf0\x9f\x95\xa1\xef\xb8\x8f",2017},
{"\xf0\x9f\x95\xa2",2018},
{"\xf0\x9f\x95\xa2\xef\xb8\x8f",2018},
{"\xf0\x9f\x95\xa3",2019},
{"\xf0\x9f\x95\xa3\xef\xb8\x8f",2019},
{"\xf0\x9f\x95\xa4",2020},
{"\xf0\x9f\x95\xa4\xef\xb8\x8f",2020},
{"\xf0\x9f\x95\xa5",2021},
{"\xf0\x9f\x95\xa5\xef\xb8\x8f",2021},
{"\xf0\x9f\x95\xa6",2022},
{"\xf0\x9f\x95\xa6\xef\xb8\x8f",2022},
{"\xf0\x9f\x95\xa7",2023},
{"\xf0\x9f\x95\xa7\xef\xb8\x8f",2023},
{"\xf0\x9f\x95\xaf",2024},
{"\xf0\x9f\x95\xaf\xef\xb8\x8f",2024},
{"\xf0\x9f\x95\xb0",2025},
{"\xf0\x9f\x95\xb0\xef\xb8\x8f",2025},
{"\xf0\x9f\x95\xb3",2026},
{"\xf0\x9f\x95\xb3\xef\xb8\x8f",2026},
{"\xf0\x9f\x95\xb4",2044},
{"\xf0\x9f\x95\xb4\xe2\x80\x8d\xe2\x99\x80",2042},
{"\xf0\x9f\x95\xb4\xe2\x80\x8d\xe2\x99\x82",2043},
{"\xf0\x9f\x95\xb4\xef\xb8\x8f",2044},
{"\xf0\x9f\x95\xb4\xef\xb8\x8f\xe2\x80\x8d\xe2\x99\x80\xef\xb8\x8f",2042},
{"\xf0\x9f\x95\xb4\xef\xb8\x8f\xe2\x80\x8d\xe2\x99\x82\xef\xb8\x8f",2043},
{"\xf0\x9f\x95\xb4\xf0\x9f\x8f\xbb",2029},
{"\xf0\x9f\x95\xb4\xf0\x9f\x8f\xbb\xe2\x80\x8d\xe2\x99\x80",2027},
{"\xf0\x9f\x95\xb4\xf0\x9f\x8f\xbb\xe2\x80\x8d\xe2\x99\x80\xef\xb8\x8f",2027},
{"\xf0\x9f\x95\xb4\xf0\x9f\x8f\xbb\xe2\x80\x8d\xe2\x99\x82",2028},
{"\xf0\x9f\x95\xb4\xf0\x9f\x8f\xbb\xe2\x80\x8d\xe2\x99\x82\xef\xb8\x8f",2028},
{"\xf0\x9f\x95\xb4\xf0\x9f\x8f\xbb\xef\xb8\x8f",2029},
{"\xf0\x9f\x95\xb4\xf0\x9f\x8f\xbc",2032},
{"\xf0\x9f\x95\xb4\xf0\x9f\x8f\xbc\xe2\x80\x8d\xe2\x99\x80",2030},
{"\xf0\x9f\x95\xb4\xf0\x9f\x8f\xbc\xe2\x80\x8d\xe2\x99\x80\xef\xb8\x8f",2030},
{"\xf0\x9f\x95\xb4\xf0\x9f\x8f\xbc\xe2\x80\x8d\xe2\x99\x82",2031},
{"\xf0\x9f\x95\xb4\xf0\x9f\x8f\xbc\xe2\x80\x8d\xe2\x99\x82\xef\xb8\x8f",2031},
{"\xf0\x9f\x95\xb4\xf0\x9f\x8f\xbc\xef\xb8\x8f",2032},
{"\xf0\x9f\x95\xb4\xf0\x9f\x8f\xbd",2035},
{"\xf0\x9f\x95\xb4\xf0\x9f\x8f\xbd\xe2\x80\x8d\xe2\x99\x80",2033},
{"\xf0\x9f\x95\xb4\xf0\x9f\x8f\xbd\xe2\x80\x8d\xe2\x99\x80\xef\xb8\x8f",2033},
{"\xf0\x9f\x95\xb4\xf0\x9f\x8f\xbd\xe2\x80\x8d\xe2\x99\x82",2034},
{"\xf0\x9f\x95\xb4\xf0\x9f\x8f\xbd\xe2\x80\x8d\xe2\x99\x82\xef\xb8\x8f",2034},
{"\xf0\x9f\x95\xb4\xf0\x9f\x8f\xbd\xef\xb8\x8f",2035},
{"\xf0\x9f\x95\xb4\xf0\x9f\x8f\xbe",2038},
{"\xf0\x9f\x95\xb4\xf0\x9f\x8f\xbe\xe2\x80\x8d\xe2\x99\x80",2036},
{"\xf0\x9f\x95\xb4\xf0\x9f\x8f\xbe\xe2\x80\x8d\xe2\x99\x80\xef\xb8\x8f",2036},
{"\xf0\x9f\x95\xb4\xf0\x9f\x8f\xbe\xe2\x80\x8d\xe2\x99\x82",2037},
{"\xf0\x9f\x95\xb4\xf0\x9f\x8f\xbe\xe2\x80\x8d\xe2\x99\x82\xef\xb8\x8f",2037},
{"\xf0\x9f\x95\xb4\xf0\x9f\x8f\xbe\xef\xb8\x8f",2038},
{"\xf0\x9f\x95\xb4\xf0\x9f\x8f\xbf",2041},
{"\xf0\x9f\x95\xb4\xf0\x9f\x8f\xbf\xe2\x80\x8d\xe2\x99\x80",2039},
{"\xf0\x9f\x95\xb4\xf0\x9f\x8f\xbf\xe2\x80\x8d\xe2\x99\x80\xef\xb8\x8f",2039},
{"\xf0\x9f\x95\xb4\xf0\x9f\x8f\xbf\xe2\x80\x8d\xe2\x99\x82",2040},
{"\xf0\x9f\x95\xb4\xf0\x9f\x8f\xbf\xe2\x80\x8d\xe2\x99\x82\xef\xb8\x8f",2040},
{"\xf0\x9f\x95\xb4\xf0\x9f\x8f\xbf\xef\xb8\x8f",2041},
{"\xf0\x9f\x95\xb5",2062},
{"\xf0\x9f\x95\xb5\xe2\x80\x8d\xe2\x99\x80",2060},
{"\xf0\x9f\x95\xb5\xe2\x80\x8d\xe2\x99\x82",2061},
{"\xf0\x9f\x95\xb5\xef\xb8\x8f",2062},
{"\xf0\x9f\x95\xb5\xef\xb8\x8f\xe2\x80\x8d\xe2\x99\x80\xef\xb8\x8f",2060},
{"\xf0\x9f\x95\xb5\xef\xb8\x8f\xe2\x80\x8d\xe2\x99\x82\xef\xb8\x8f",2061},
{"\xf0\x9f\x95\xb5\xf0\x9f\x8f\xbb",2047},
{"\xf0\x9f\x95\xb5\xf0\x9f\x8f\xbb\xe2\x80\x8d\xe2\x99\x80",2045},
{"\xf0\x9f\x95\xb5\xf0\x9f\x8f\xbb\xe2\x80\x8d\xe2\x99\x80\xef\xb8\x8f",2045},
{"\xf0\x9f\x95\xb5\xf0\x9f\x8f\xbb\xe2\x80\x8d\xe2\x99\x82",2046},
{"\xf0\x9f\x95\xb5\xf0\x9f\x8f\xbb\xe2\x80\x8d\xe2\x99\x82\xef\xb8\x8f",2046},
{"\xf0\x9f\x95\xb5\xf0\x9f\x8f\xbb\xef\xb8\x8f",2047},
{"\xf0\x9f\x95\xb5\xf0\x9f\x8f\xbc",2050},
{"\xf0\x9f\x95\xb5\xf0\x9f\x8f\xbc\xe2\x80\x8d\xe2\x99\x80",2048},
{"\xf0\x9f\x95\xb5\xf0\x9f\x8f\xbc\xe2\x80\x8d\xe2\x99\x80\xef\xb8\x8f",2048},
{"\xf0\x9f\x95\xb5\xf0\x9f\x8f\xbc\xe2\x80\x8d\xe2\x99\x82",2049},
{"\xf0\x9f\x95\xb5\xf0\x9f\x8f\xbc\xe2\x80\x8d\xe2\x99\x82\xef\xb8\x8f",2049},
{"\xf0\x9f\x95\xb5\xf0\x9f\x8f\xbc\xef\xb8\x8f",2050},
{"\xf0\x9f\x95\xb5\xf0\x9f\x8f\xbd",2053},
{"\xf0\x9f\x95\xb5\xf0\x9f\x8f\xbd\xe2\x80\x8d\xe2\x99\x80",2051},
{"\xf0\x9f\x95\xb5\xf0\x9f\x8f\xbd\xe2\x80\x8d\xe2\x99\x80\xef\xb8\x8f",2051},
{"\xf0\x9f\x95\xb5\xf0\x9f\x8f\xbd\xe2\x80\x8d\xe2\x99\x82",2052},
{"\xf0\x9f\x95\xb5\xf0\x9f\x8f\xbd\xe2\x80\x8d\xe2\x99\x82\xef\xb8\x8f",2052},
{"\xf0\x9f\x95\xb5\xf0\x9f\x8f\xbd\xef\xb8\x8f",2053},
{"\xf0\x9f\x95\xb5\xf0\x9f\x8f\xbe",2056},
{"\xf0\x9f\x95\xb5\xf0\x9f\x8f\xbe\xe2\x80\x8d\xe2\x99\x80",2054},
{"\xf0\x9f\x95\xb5\xf0\x9f\x8f\xbe\xe2\x80\x8d\xe2\x99\x80\xef\xb8\x8f",2054},
{"\xf0\x9f\x95\xb5\xf0\x9f\x8f\xbe\xe2\x80\x8d\xe2\x99\x82",2055},
{"\xf0\x9f\x95\xb5\xf0\x9f\x8f\xbe\xe2\x80\x8d\xe2\x99\x82\xef\xb8\x8f",2055},
{"\xf0\x9f\x95\xb5\xf0\x9f\x8f\xbe\xef\xb8\x8f",2056},
{"\xf0\x9f\x95\xb5\xf0\x9f\x8f\xbf",2059},
{"\xf0\x9f\x95\xb5\xf0\x9f\x8f\xbf\xe2\x80\x8d\xe2\x99\x80",2057},
{"\xf0\x9f\x95\xb5\xf0\x9f\x8f\xbf\xe2\x80\x8d\xe2\x99\x80\xef\xb8\x8f",2057},
{"\xf0\x9f\x95\xb5\xf0\x9f\x8f\xbf\xe2\x80\x8d\xe2\x99\x82",2058},
{"\xf0\x9f\x95\xb5\xf0\x9f\x8f\xbf\xe2\x80\x8d\xe2\x99\x82\xef\xb8\x8f",2058},
{"\xf0\x9f\x95\xb5\xf0\x9f\x8f\xbf\xef\xb8\x8f",2059},
{"\xf0\x9f\x95\xb6",2063},
{"\xf0\x9f\x95\xb6\xef\xb8\x8f",2063},
{"\xf0\x9f\x95\xb7",2064},
{"\xf0\x9f\x95\xb7\xef\xb8\x8f",2064},
{"\xf0\x9f\x95\xb8",2065},
{"\xf0\x9f\x95\xb8\xef\xb8\x8f",2065},
{"\xf0\x9f\x95\xb9",2066},
{"\xf0\x9f\x95\xb9\xef\xb8\x8f",2066},
{"\xf0\x9f\x95\xba",2072},
{"\xf0\x9f\x95\xba\xef\xb8\x8f",2072},
{"\xf0\x9f\x95\xba\xf0\x9f\x8f\xbb",2067},
{"\xf0\x9f\x95\xba\xf0\x9f\x8f\xbb\xef\xb8\x8f",2067},
{"\xf0\x9f\x95\xba\xf0\x9f\x8f\xbc",2068},
{"\xf0\x9f\x95\xba\xf0\x9f\x8f\xbc\xef\xb8\x8f",2068},
{"\xf0\x9f\x95\xba\xf0\x9f\x8f\xbd",2069},
{"\xf0\x9f\x95\xba\xf0\x9f\x8f\xbd\xef\xb8\x8f",2069},
{"\xf0\x9f\x95\xba\xf0\x9f\x8f\xbe",2070},
{"\xf0\x9f\x95\xba\xf0\x9f\x8f\xbe\xef\xb8\x8f",2070},
{"\xf0\x9f\x95\xba\xf0\x9f\x8f\xbf",2071},
{"\xf0\x9f\x95\xba\xf0\x9f\x8f\xbf\xef\xb8\x8f",2071},
{"\xf0\x9f\x96\x87",2073},
{"\xf0\x9f\x96\x87\xef\xb8\x8f",2073},
{"\xf0\x9f\x96\x8a",2074},
{"\xf0\x9f\x96\x8a\xef\xb8\x8f",2074},
{"\xf0\x9f\x96\x8b",2075},
{"\xf0\x9f\x96\x8b\xef\xb8\x8f",2075},
{"\xf0\x9f\x96\x8c",2076},
{"\xf0\x9f\x96\x8c\xef\xb8\x8f",2076},
{"\xf0\x9f\x96\x8d",2077},
{"\xf0\x9f\x96\x8d\xef\xb8\x8f",2077},
{"\xf0\x9f\x96\x90",2083},
{"\xf0\x9f\x96\x90\xef\xb8\x8f",2083},
{"\xf0\x9f\x96\x90\xf0\x9f\x8f\xbb",2078},
{"\xf0\x9f\x96\x90\xf0\x9f\x8f\xbb\xef\xb8\x8f",2078},
{"\xf0\x9f\x96\x90\xf0\x9f\x8f\xbc",2079},
{"\xf0\x9f\x96\x90\xf0\x9f\x8f\xbc\xef\xb8\x8f",2079},
{"\xf0\x9f\x96\x90\xf0\x9f\x8f\xbd",2080},
{"\xf0\x9f\x96\x90\xf0\x9f\x8f\xbd\xef\xb8\x8f",2080},
{"\xf0\x9f\x96\x90\xf0\x9f\x8f\xbe",2081},
{"\xf0\x9f\x96\x90\xf0\x9f\x8f\xbe\xef\xb8\x8f",2081},
{"\xf0\x9f\x96\x90\xf0\x9f\x8f\xbf",2082},
{"\xf0\x9f\x96\x90\xf0\x9f\x8f\xbf\xef\xb8\x8f",2082},
{"\xf0\x9f\x96\x95",2089},
{"\xf0\x9f\x96\x95\xef\xb8\x8f",2089},
{"\xf0\x9f\x96\x95\xf0\x9f\x8f\xbb",2084},
{"\xf0\x9f\x96\x95\xf0\x9f\x8f\xbb\xef\xb8\x8f",2084},
{"\xf0\x9f\x96\x95\xf0\x9f\x8f\xbc",2085},
{"\xf0\x9f\x96\x95\xf0\x9f\x8f\xbc\xef\xb8\x8f",2085},
{"\xf0\x9f\x96\x95\xf0\x9f\x8f\xbd",2086},
{"\xf0\x9f\x96\x95\xf0\x9f\x8f\xbd\xef\xb8\x8f",2086},
{"\xf0\x9f\x96\x95\xf0\x9f\x8f\xbe",2087},
{"\xf0\x9f\x96\x95\xf0\x9f\x8f\xbe\xef\xb8\x8f",2087},
{"\xf0\x9f\x96\x95\xf0\x9f\x8f\xbf",2088},
{"\xf0\x9f\x96\x95\xf0\x9f\x8f\xbf\xef\xb8\x8f",2088},
{"\xf0\x9f\x96\x96",2095},
{"\xf0\x9f\x96\x96\xef\xb8\x8f",2095},
{"\xf0\x9f\x96\x96\xf0\x9f\x8f\xbb",2090},
{"\xf0\x9f\x96\x96\xf0\x9f\x8f\xbb\xef\xb8\x8f",2090},
{"\xf0\x9f\x96\x96\xf0\x9f\x8f\xbc",2091},
{"\xf0\x9f\x96\x96\xf0\x9f\x8f\xbc\xef\xb8\x8f",2091},
{"\xf0\x9f\x96\x96\xf0\x9f\x8f\xbd",2092},
{"\xf0\x9f\x96\x96\xf0\x9f\x8f\xbd\xef\xb8\x8f",2092},
{"\xf0\x9f\x96\x96\xf0\x9f\x8f\xbe",2093},
{"\xf0\x9f\x96\x96\xf0\x9f\x8f\xbe\xef\xb8\x8f",2093},
{"\xf0\x9f\x96\x96\xf0\x9f\x8f\xbf",2094},
{"\xf0\x9f\x96\x96\xf0\x9f\x8f\xbf\xef\xb8\x8f",2094},
{"\xf0\x9f\x96\xa4",2096},
{"\xf0\x9f\x96\xa4\xef\xb8\x8f",2096},
{"\xf0\x9f\x96\xa5",2097},
{"\xf0\x9f\x96\xa5\xef\xb8\x8f",2097},
{"\xf0\x9f\x96\xa8",2098},
{"\xf0\x9f\x96\xa8\xef\xb8\x8f",2098},
{"\xf0\x9f\x96\xb1",2099},
{"\xf0\x9f\x96\xb1\xef\xb8\x8f",2099},
{"\xf0\x9f\x96\xb2",2100},
{"\xf0\x9f\x96\xb2\xef\xb8\x8f",2100},
{"\xf0\x9f\x96\xbc",2101},
{"\xf0\x9f\x96\xbc\xef\xb8\x8f",2101},
{"\xf0\x9f\x97\x82",2102},
{"\xf0\x9f\x97\x82\xef\xb8\x8f",2102},
{"\xf0\x9f\x97\x83",2103},
{"\xf0\x9f\x97\x83\xef\xb8\x8f",2103},
{"\xf0\x9f\x97\x84",2104},
{"\xf0\x9f\x97\x84\xef\xb8\x8f",2104},
{"\xf0\x9f\x97\x91",2105},
{"\xf0\x9f\x97\x91\xef\xb8\x8f",2105},
{"\xf0\x9f\x97\x92",2106},
{"\xf0\x9f\x97\x92\xef\xb8\x8f",2106},
{"\xf0\x9f\x97\x93",2107},
{"\xf0\x9f\x97\x93\xef\xb8\x8f",2107},
{"\xf0\x9f\x97\x9c",2108},
{"\xf0\x9f\x97\x9c\xef\xb8\x8f",2108},
{"\xf0\x9f\x97\x9d",2109},
{"\xf0\x9f\x97\x9d\xef\xb8\x8f",2109},
{"\xf0\x9f\x97\x9e",2110},
{"\xf0\x9f\x97\x9e\xef\xb8\x8f",2110},
{"\xf0\x9f\x97\xa1",2111},
{"\xf0\x9f\x97\xa1\xef\xb8\x8f",2111},
{"\xf0\x9f\x97\xa3",2112},
{"\xf0\x9f\x97\xa3\xef\xb8\x8f",2112},
{"\xf0\x9f\x97\xa8",2113},
{"\xf0\x9f\x97\xa8\xef\xb8\x8f",2113},
{"\xf0\x9f\x97\xaf",2114},
{"\xf0\x9f\x97\xaf\xef\xb8\x8f",2114},
{"\xf0\x9f\x97\xb3",2115},
{"\xf0\x9f\x97\xb3\xef\xb8\x8f",2115},
{"\xf0\x9f\x97\xba",2116},
{"\xf0\x9f\x97\xba\xef\xb8\x8f",2116},
{"\xf0\x9f\x97\xbb",2117},
{"\xf0\x9f\x97\xbb\xef\xb8\x8f",2117},
{"\xf0\x9f\x97\xbc",2118},
{"\xf0\x9f\x97\xbc\xef\xb8\x8f",2118},
{"\xf0\x9f\x97\xbd",2119},
{"\xf0\x9f\x97\xbd\xef\xb8\x8f",2119},
{"\xf0\x9f\x97\xbe",2120},
{"\xf0\x9f\x97\xbe\xef\xb8\x8f",2120},
{"\xf0\x9f\x97\xbf",2121},
{"\xf0\x9f\x97\xbf\xef\xb8\x8f",2121},
{"\xf0\x9f\x98\x80",2122},
{"\xf0\x9f\x98\x80\xef\xb8\x8f",2122},
{"\xf0\x9f\x98\x81",2123},
{"\xf0\x9f\x98\x81\xef\xb8\x8f",2123},
{"\xf0\x9f\x98\x82",2124},
{"\xf0\x9f\x98\x82\xef\xb8\x8f",2124},
{"\xf0\x9f\x98\x83",2125},
{"\xf0\x9f\x98\x83\xef\xb8\x8f",2125},
{"\xf0\x9f\x98\x84",2126},
{"\xf0\x9f\x98\x84\xef\xb8\x8f",2126},
{"\xf0\x9f\x98\x85",2127},
{"\xf0\x9f\x98\x85\xef\xb8\x8f",2127},
{"\xf0\x9f\x98\x86",2128},
{"\xf0\x9f\x98\x86\xef\xb8\x8f",2128},
{"\xf0\x9f\x98\x87",2129},
{"\xf0\x9f\x98\x87\xef\xb8\x8f",2129},
{"\xf0\x9f\x98\x88",2130},
{"\xf0\x9f\x98\x88\xef\xb8\x8f",2130},
{"\xf0\x9f\x98\x89",2131},
{"\xf0\x9f\x98\x89\xef\xb8\x8f",2131},
{"\xf0\x9f\x98\x8a",2132},
{"\xf0\x9f\x98\x8a\xef\xb8\x8f",2132},
{"\xf0\x9f\x98\x8b",2133},
{"\xf0\x9f\x98\x8b\xef\xb8\x8f",2133},
{"\xf0\x9f\x98\x8c",2134},
{"\xf0\x9f\x98\x8c\xef\xb8\x8f",2134},
{"\xf0\x9f\x98\x8d",2135},
{"\xf0\x9f\x98\x8d\xef\xb8\x8f",2135},
{"\xf0\x9f\x98\x8e",2136},
{"\xf0\x9f\x98\x8e\xef\xb8\x8f",2136},
{"\xf0\x9f\x98\x8f",2137},
{"\xf0\x9f\x98\x8f\xef\xb8\x8f",2137},
{"\xf0\x9f\x98\x90",2138},
{"\xf0\x9f\x98\x90\xef\xb8\x8f",2138},
{"\xf0\x9f\x98\x91",2139},
{"\xf0\x9f\x98\x91\xef\xb8\x8f",2139},
{"\xf0\x9f\x98\x92",2140},
{"\xf0\x9f\x98\x92\xef\xb8\x8f",2140},
{"\xf0\x9f\x98\x93",2141},
{"\xf0\x9f\x98\x93\xef\xb8\x8f",2141},
{"\xf0\x9f\x98\x94",2142},
{"\xf0\x9f\x98\x94\xef\xb8\x8f",2142},
{"\xf0\x9f\x98\x95",2143},
{"\xf0\x9f\x98\x95\xef\xb8\x8f",2143},
{"\xf0\x9f\x98\x96",2144},
{"\xf0\x9f\x98\x96\xef\xb8\x8f",2144},
{"\xf0\x9f\x98\x97",2145},
{"\xf0\x9f\x98\x97\xef\xb8\x8f",2145},
{"\xf0\x9f\x98\x98",2146},
{"\xf0\x9f\x98\x98\xef\xb8\x8f",2146},
{"\xf0\x9f\x98\x99",2147},
{"\xf0\x9f\x98\x99\xef\xb8\x8f",2147},
{"\xf0\x9f\x98\x9a",2148},
{"\xf0\x9f\x98\x9a\xef\xb8\x8f",2148},
{"\xf0\x9f\x98\x9b",2149},
{"\xf0\x9f\x98\x9b\xef\xb8\x8f",2149},
{"\xf0\x9f\x98\x9c",2150},
{"\xf0\x9f\x98\x9c\xef\xb8\x8f",2150},
{"\xf0\x9f\x98\x9d",2151},
{"\xf0\x9f\x98\x9d\xef\xb8\x8f",2151},
{"\xf0\x9f\x98\x9e",2152},
{"\xf0\x9f\x98\x9e\xef\xb8\x8f",2152},
{"\xf0\x9f\x98\x9f",2153},
{"\xf0\x9f\x98\x9f\xef\xb8\x8f",2153},
{"\xf0\x9f\x98\xa0",2154},
{"\xf0\x9f\x98\xa0\xef\xb8\x8f",2154},
{"\xf0\x9f\x98\xa1",2155},
{"\xf0\x9f\x98\xa1\xef\xb8\x8f",2155},
{"\xf0\x9f\x98\xa2",2156},
{"\xf0\x9f\x98\xa2\xef\xb8\x8f",2156},
{"\xf0\x9f\x98\xa3",2157},
{"\xf0\x9f\x98\xa3\xef\xb8\x8f",2157},
{"\xf0\x9f\x98\xa4",2158},
{"\xf0\x9f\x98\xa4\xef\xb8\x8f",2158},
{"\xf0\x9f\x98\xa5",2159},
{"\xf0\x9f\x98\xa5\xef\xb8\x8f",2159},
{"\xf0\x9f\x98\xa6",2160},
{"\xf0\x9f\x98\xa6\xef\xb8\x8f",2160},
{"\xf0\x9f\x98\xa7",2161},
{"\xf0\x9f\x98\xa7\xef\xb8\x8f",2161},
{"\xf0\x9f\x98\xa8",2162},
{"\xf0\x9f\x98\xa8\xef\xb8\x8f",2162},
{"\xf0\x9f\x98\xa9",2163},
{"\xf0\x9f\x98\xa9\xef\xb8\x8f",2163},
{"\xf0\x9f\x98\xaa",2164},
{"\xf0\x9f\x98\xaa\xef\xb8\x8f",2164},
{"\xf0\x9f\x98\xab",2165},
{"\xf0\x9f\x98\xab\xef\xb8\x8f",2165},
{"\xf0\x9f\x98\xac",2166},
{"\xf0\x9f\x98\xac\xef\xb8\x8f",2166},
{"\xf0\x9f\x98\xad",2167},
{"\xf0\x9f\x98\xad\xef\xb8\x8f",2167},
{"\xf0\x9f\x98\xae",2169},
{"\xf0\x9f\x98\xae\xe2\x80\x8d\xf0\x9f\x92\xa8",2168},
{"\xf0\x9f\x98\xae\xef\xb8\x8f",2169},
{"\xf0\x9f\x98\xaf",2170},
{"\xf0\x9f\x98\xaf\xef\xb8\x8f",2170},
{"\xf0\x9f\x98\xb0",2171},
{"\xf0\x9f\x98\xb0\xef\xb8\x8f",2171},
{"\xf0\x9f\x98\xb1",2172},
{"\xf0\x9f\x98\xb1\xef\xb8\x8f",2172},
{"\xf0\x9f\x98\xb2",2173},
{"\xf0\x9f\x98\xb2\xef\xb8\x8f",2173},
{"\xf0\x9f\x98\xb3",2174},
{"\xf0\x9f\x98\xb3\xef\xb8\x8f",2174},
{"\xf0\x9f\x98\xb4",2175},
{"\xf0\x9f\x98\xb4\xef\xb8\x8f",2175},
{"\xf0\x9f\x98\xb5",2177},
{"\xf0\x9f\x98\xb5\xe2\x80\x8d\xf0\x9f\x92\xab",2176},
{"\xf0\x9f\x98\xb5\xef\xb8\x8f",2177},
{"\xf0\x9f\x98\xb6",2179},
{"\xf0\x9f\x98\xb6\xe2\x80\x8d\xf0\x9f\x8c\xab",2178},
{"\xf0\x9f\x98\xb6\xe2\x80\x8d\xf0\x9f\x8c\xab\xef\xb8\x8f",2178},
{"\xf0\x9f\x98\xb6\xef\xb8\x8f",2179},
{"\xf0\x9f\x98\xb7",2180},
{"\xf0\x9f\x98\xb7\xef\xb8\x8f",2180},
{"\xf0\x9f\x98\xb8",2181},
{"\xf0\x9f\x98\xb8\xef\xb8\x8f",2181},
{"\xf0\x9f\x98\xb9",2182},
{"\xf0\x9f\x98\xb9\xef\xb8\x8f",2182},
{"\xf0\x9f\x98\xba",2183},
{"\xf0\x9f\x98\xba\xef\xb8\x8f",2183},
{"\xf0\x9f\x98\xbb",2184},
{"\xf0\x9f\x98\xbb\xef\xb8\x8f",2184},
{"\xf0\x9f\x98\xbc",2185},
{"\xf0\x9f\x98\xbc\xef\xb8\x8f",2185},
{"\xf0\x9f\x98\xbd",2186},
{"\xf0\x9f\x98\xbd\xef\xb8\x8f",2186},
{"\xf0\x9f\x98\xbe",2187},
{"\xf0\x9f\x98\xbe\xef\xb8\x8f",2187},
{"\xf0\x9f\x98\xbf",2188},
{"\xf0\x9f\x98\xbf\xef\xb8\x8f",2188},
{"\xf0\x9f\x99\x80",2189},
{"\xf0\x9f\x99\x80\xef\xb8\x8f",2189},
{"\xf0\x9f\x99\x81",2190},
{"\xf0\x9f\x99\x81\xef\xb8\x8f",2190},
{"\xf0\x9f\x99\x82",2193},
{"\xf0\x9f\x99\x82\xe2\x80\x8d\xe2\x86\x94",2191},
{"\xf0\x9f\x99\x82\xe2\x80\x8d\xe2\x86\x94\xef\xb8\x8f",2191},
{"\xf0\x9f\x99\x82\xe2\x80\x8d\xe2\x86\x95",2192},
{"\xf0\x9f\x99\x82\xe2\x80\x8d\xe2\x86\x95\xef\xb8\x8f",2192},
{"\xf0\x9f\x99\x82\xef\xb8\x8f",2193},
{"\xf0\x9f\x99\x83",2194},
{"\xf0\x9f\x99\x83\xef\xb8\x8f",2194},
{"\xf0\x9f\x99\x84",2195},
{"\xf0\x9f\x99\x84\xef\xb8\x8f",2195},
{"\xf0\x9f\x99\x85",2213},
{"\xf0\x9f\x99\x85\xe2\x80\x8d\xe2\x99\x80",2211},
{"\xf0\x9f\x99\x85\xe2\x80\x8d\xe2\x99\x80\xef\xb8\x8f",2211},
{"\xf0\x9f\x99\x85\xe2\x80\x8d\xe2\x99\x82",2212},
{"\xf0\x9f\x99\x85\xe2\x80\x8d\xe2\x99\x82\xef\xb8\x8f",2212},
{"\xf0\x9f\x99\x85\xef\xb8\x8f",2213},
{"\xf0\x9f\x99\x85\xf0\x9f\x8f\xbb",2198},
{"\xf0\x9f\x99\x85\xf0\x9f\x8f\xbb\xe2\x80\x8d\xe2\x99\x80",2196},
{"\xf0\x9f\x99\x85\xf0\x9f\x8f\xbb\xe2\x80\x8d\xe2\x99\x80\xef\xb8\x8f",2196},
{"\xf0\x9f\x99\x85\xf0\x9f\x8f\xbb\xe2\x80\x8d\xe2\x99\x82",2197},
{"\xf0\x9f\x99\x85\xf0\x9f\x8f\xbb\xe2\x80\x8d\xe2\x99\x82\xef\xb8\x8f",2197},
{"\xf0\x9f\x99\x85\xf0\x9f\x8f\xbb\xef\xb8\x8f",2198},
{"\xf0\x9f\x99\x85\xf0\x9f\x8f\xbc",2201},
{"\xf0\x9f\x99\x85\xf0\x9f\x8f\xbc\xe2\x80\x8d\xe2\x99\x80",2199},
{"\xf0\x9f\x99\x85\xf0\x9f\x8f\xbc\xe2\x80\x8d\xe2\x99\x80\xef\xb8\x8f",2199},
{"\xf0\x9f\x99\x85\xf0\x9f\x8f\xbc\xe2\x80\x8d\xe2\x99\x82",2200},
{"\xf0\x9f\x99\x85\xf0\x9f\x8f\xbc\xe2\x80\x8d\xe2\x99\x82\xef\xb8\x8f",2200},
{"\xf0\x9f\x99\x85\xf0\x9f\x8f\xbc\xef\xb8\x8f",2201},
{"\xf0\x9f\x99\x85\xf0\x9f\x8f\xbd",2204},
{"\xf0\x9f\x99\x85\xf0\x9f\x8f\xbd\xe2\x80\x8d\xe2\x99\x80",2202},
{"\xf0\x9f\x99\x85\xf0\x9f\x8f\xbd\xe2\x80\x8d\xe2\x99\x80\xef\xb8\x8f",2202},
{"\xf0\x9f\x99\x85\xf0\x9f\x8f\xbd\xe2\x80\x8d\xe2\x99\x82",2203},
{"\xf0\x9f\x99\x85\xf0\x9f\x8f\xbd\xe2\x80\x8d\xe2\x99\x82\xef\xb8\x8f",2203},
{"\xf0\x9f\x99\x85\xf0\x9f\x8f\xbd\xef\xb8\x8f",2204},
{"\xf0\x9f\x99\x85\xf0\x9f\x8f\xbe",2207},
{"\xf0\x9f\x99\x85\xf0\x9f\x8f\xbe\xe2\x80\x8d\xe2\x99\x80",2205},
{"\xf0\x9f\x99\x85\xf0\x9f\x8f\xbe\xe2\x80\x8d\xe2\x99\x80\xef\xb8\x8f",2205},
{"\xf0\x9f\x99\x85\xf0\x9f\x8f\xbe\xe2\x80\x8d\xe2\x99\x82",2206},
{"\xf0\x9f\x99\x85\xf0\x9f\x8f\xbe\xe2\x80\x8d\xe2\x99\x82\xef\xb8\x8f",2206},
{"\xf0\x9f\x99\x85\xf0\x9f\x8f\xbe\xef\xb8\x8f",2207},
{"\xf0\x9f\x99\x85\xf0\x9f\x8f\xbf",2210},
{"\xf0\x9f\x99\x85\xf0\x9f\x8f\xbf\xe2\x80\x8d\xe2\x99\x80",2208},
{"\xf0\x9f\x99\x85\xf0\x9f\x8f\xbf\xe2\x80\x8d\xe2\x99\x80\xef\xb8\x8f",2208},
{"\xf0\x9f\x99\x85\xf0\x9f\x8f\xbf\xe2\x80\x8d\xe2\x99\x82",2209},
{"\xf0\x9f\x99\x85\xf0\x9f\x8f\xbf\xe2\x80\x8d\xe2\x99\x82\xef\xb8\x8f",2209},
{"\xf0\x9f\x99\x85\xf0\x9f\x8f\xbf\xef\xb8\x8f",2210},
{"\xf0\x9f\x99\x86",2231},
{"\xf0\x9f\x99\x86\xe2\x80\x8d\xe2\x99\x80",2229},
{"\xf0\x9f\x99\x86\xe2\x80\x8d\xe2\x99\x80\xef\xb8\x8f",2229},
{"\xf0\x9f\x99\x86\xe2\x80\x8d\xe2\x99\x82",2230},
{"\xf0\x9f\x99\x86\xe2\x80\x8d\xe2\x99\x82\xef\xb8\x8f",2230},
{"\xf0\x9f\x99\x86\xef\xb8\x8f",2231},
{"\xf0\x9f\x99\x86\xf0\x9f\x8f\xbb",2216},
{"\xf0\x9f\x99\x86\xf0\x9f\x8f\xbb\xe2\x80\x8d\xe2\x99\x80",2214},
{"\xf0\x9f\x99\x86\xf0\x9f\x8f\xbb\xe2\x80\x8d\xe2\x99\x80\xef\xb8\x8f",2214},
{"\xf0\x9f\x99\x86\xf0\x9f\x8f\xbb\xe2\x80\x8d\xe2\x99\x82",2215},
{"\xf0\x9f\x99\x86\xf0\x9f\x8f\xbb\xe2\x80\x8d\xe2\x99\x82\xef\xb8\x8f",2215},
{"\xf0\x9f\x99\x86\xf0\x9f\x8f\xbb\xef\xb8\x8f",2216},
{"\xf0\x9f\x99\x86\xf0\x9f\x8f\xbc",2219},
{"\xf0\x9f\x99\x86\xf0\x9f\x8f\xbc\xe2\x80\x8d\xe2\x99\x80",2217},
{"\xf0\x9f\x99\x86\xf0\x9f\x8f\xbc\xe2\x80\x8d\xe2\x99\x80\xef\xb8\x8f",2217},
{"\xf0\x9f\x99\x86\xf0\x9f\x8f\xbc\xe2\x80\x8d\xe2\x99\x82",2218},
{"\xf0\x9f\x99\x86\xf0\x9f\x8f\xbc\xe2\x80\x8d\xe2\x99\x82\xef\xb8\x8f",2218},
{"\xf0\x9f\x99\x86\xf0\x9f\x8f\xbc\xef\xb8\x8f",2219},
{"\xf0\x9f\x99\x86\xf0\x9f\x8f\xbd",2222},
{"\xf0\x9f\x99\x86\xf0\x9f\x8f\xbd\xe2\x80\x8d\xe2\x99\x80",2220},
{"\xf0\x9f\x99\x86\xf0\x9f\x8f\xbd\xe2\x80\x8d\xe2\x99\x80\xef\xb8\x8f",2220},
{"\xf0\x9f\x99\x86\xf0\x9f\x8f\xbd\xe2\x80\x8d\xe2\x99\x82",2221},
{"\xf0\x9f\x99\x86\xf0\x9f\x8f\xbd\xe2\x80\x8d\xe2\x99\x82\xef\xb8\x8f",2221},
{"\xf0\x9f\x99\x86\xf0\x9f\x8f\xbd\xef\xb8\x8f",2222},
{"\xf0\x9f\x99\x86\xf0\x9f\x8f\xbe",2225},
{"\xf0\x9f\x99\x86\xf0\x9f\x8f\xbe\xe2\x80\x8d\xe2\x99\x80",2223},
{"\xf0\x9f\x99\x86\xf0\x9f\x8f\xbe\xe2\x80\x8d\xe2\x99\x80\xef\xb8\x8f",2223},
{"\xf0\x9f\x99\x86\xf0\x9f\x8f\xbe\xe2\x80\x8d\xe2\x99\x82",2224},
{"\xf0\x9f\x99\x86\xf0\x9f\x8f\xbe\xe2\x80\x8d\xe2\x99\x82\xef\xb8\x8f",2224},
{"\xf0\x9f\x99\x86\xf0\x9f\x8f\xbe\xef\xb8\x8f",2225},
{"\xf0\x9f\x99\x86\xf0\x9f\x8f\xbf",2228},
{"\xf0\x9f\x99\x86\xf0\x9f\x8f\xbf\xe2\x80\x8d\xe2\x99\x80",2226},
{"\xf0\x9f\x99\x86\xf0\x9f\x8f\xbf\xe2\x80\x8d\xe2\x99\x80\xef\xb8\x8f",2226},
{"\xf0\x9f\x99\x86\xf0\x9f\x8f\xbf\xe2\x80\x8d\xe2\x99\x82",2227},
{"\xf0\x9f\x99\x86\xf0\x9f\x8f\xbf\xe2\x80\x8d\xe2\x99\x82\xef\xb8\x8f",2227},
{"\xf0\x9f\x99\x86\xf0\x9f\x8f\xbf\xef\xb8\x8f",2228},
{"\xf0\x9f\x99\x87",2249},
{"\xf0\x9f\x99\x87\xe2\x80\x8d\xe2\x99\x80",2247},
{"\xf0\x9f\x99\x87\xe2\x80\x8d\xe2\x99\x80\xef\xb8\x8f",2247},
{"\xf0\x9f\x99\x87\xe2\x80\x8d\xe2\x99\x82",2248},
{"\xf0\x9f\x99\x87\xe2\x80\x8d\xe2\x99\x82\xef\xb8\x8f",2248},
{"\xf0\x9f\x99\x87\xef\xb8\x8f",2249},
{"\xf0\x9f\x99\x87\xf0\x9f\x8f\xbb",2234},
{"\xf0\x9f\x99\x87\xf0\x9f\x8f\xbb\xe2\x80\x8d\xe2\x99\x80",2232},
{"\xf0\x9f\x99\x87\xf0\x9f\x8f\xbb\xe2\x80\x8d\xe2\x99\x80\xef\xb8\x8f",2232},
{"\xf0\x9f\x99\x87\xf0\x9f\x8f\xbb\xe2\x80\x8d\xe2\x99\x82",2233},
{"\xf0\x9f\x99\x87\xf0\x9f\x8f\xbb\xe2\x80\x8d\xe2\x99\x82\xef\xb8\x8f",2233},
{"\xf0\x9f\x99\x87\xf0\x9f\x8f\xbb\xef\xb8\x8f",2234},
{"\xf0\x9f\x99\x87\xf0\x9f\x8f\xbc",2237},
{"\xf0\x9f\x99\x87\xf0\x9f\x8f\xbc\xe2\x80\x8d\xe2\x99\x80",2235},
{"\xf0\x9f\x99\x87\xf0\x9f\x8f\xbc\xe2\x80\x8d\xe2\x99\x80\xef\xb8\x8f",2235},
{"\xf0\x9f\x99\x87\xf0\x9f\x8f\xbc\xe2\x80\x8d\xe2\x99\x82",2236},
{"\xf0\x9f\x99\x87\xf0\x9f\x8f\xbc\xe2\x80\x8d\xe2\x99\x82\xef\xb8\x8f",2236},
{"\xf0\x9f\x99\x87\xf0\x9f\x8f\xbc\xef\xb8\x8f",2237},
{"\xf0\x9f\x99\x87\xf0\x9f\x8f\xbd",2240},
{"\xf0\x9f\x99\x87\xf0\x9f\x8f\xbd\xe2\x80\x8d\xe2\x99\x80",2238},
{"\xf0\x9f\x99\x87\xf0\x9f\x8f\xbd\xe2\x80\x8d\xe2\x99\x80\xef\xb8\x8f",2238},
{"\xf0\x9f\x99\x87\xf0\x9f\x8f\xbd\xe2\x80\x8d\xe2\x99\x82",2239},
{"\xf0\x9f\x99\x87\xf0\x9f\x8f\xbd\xe2\x80\x8d\xe2\x99\x82\xef\xb8\x8f",2239},
{"\xf0\x9f\x99\x87\xf0\x9f\x8f\xbd\xef\xb8\x8f",2240},
{"\xf0\x9f\x99\x87\xf0\x9f\x8f\xbe",2243},
{"\xf0\x9f\x99\x87\xf0\x9f\x8f\xbe\xe2\x80\x8d\xe2\x99\x80",2241},
{"\xf0\x9f\x99\x87\xf0\x9f\x8f\xbe\xe2\x80\x8d\xe2\x99\x80\xef\xb8\x8f",2241},
{"\xf0\x9f\x99\x87\xf0\x9f\x8f\xbe\xe2\x80\x8d\xe2\x99\x82",2242},
{"\xf0\x9f\x99\x87\xf0\x9f\x8f\xbe\xe2\x80\x8d\xe2\x99\x82\xef\xb8\x8f",2242},
{"\xf0\x9f\x99\x87\xf0\x9f\x8f\xbe\xef\xb8\x8f",2243},
{"\xf0\x9f\x99\x87\xf0\x9f\x8f\xbf",2246},
{"\xf0\x9f\x99\x87\xf0\x9f\x8f\xbf\xe2\x80\x8d\xe2\x99\x80",2244},
{"\xf0\x9f\x99\x87\xf0\x9f\x8f\xbf\xe2\x80\x8d\xe2\x99\x80\xef\xb8\x8f",2244},
{"\xf0\x9f\x99\x87\xf0\x9f\x8f\xbf\xe2\x80\x8d\xe2\x99\x82",2245},
{"\xf0\x9f\x99\x87\xf0\x9f\x8f\xbf\xe2\x80\x8d\xe2\x99\x82\xef\xb8\x8f",2245},
{"\xf0\x9f\x99\x87\xf0\x9f\x8f\xbf\xef\xb8\x8f",2246},
{"\xf0\x9f\x99\x88",2250},
{"\xf0\x9f\x99\x88\xef\xb8\x8f",2250},
{"\xf0\x9f\x99\x89",2251},
{"\xf0\x9f\x99\x89\xef\xb8\x8f",2251},
{"\xf0\x9f\x99\x8a",2252},
{"\xf0\x9f\x99\x8a\xef\xb8\x8f",2252},
{"\xf0\x9f\x99\x8b",2270},
{"\xf0\x9f\x99\x8b\xe2\x80\x8d\xe2\x99\x80",2268},
{"\xf0\x9f\x99\x8b\xe2\x80\x8d\xe2\x99\x80\xef\xb8\x8f",2268},
{"\xf0\x9f\x99\x8b\xe2\x80\x8d\xe2\x99\x82",2269},
{"\xf0\x9f\x99\x8b\xe2\x80\x8d\xe2\x99\x82\xef\xb8\x8f",2269},
{"\xf0\x9f\x99\x8b\xef\xb8\x8f",2270},
{"\xf0\x9f\x99\x8b\xf0\x9f\x8f\xbb",2255},
{"\xf0\x9f\x99\x8b\xf0\x9f\x8f\xbb\xe2\x80\x8d\xe2\x99\x80",2253},
{"\xf0\x9f\x99\x8b\xf0\x9f\x8f\xbb\xe2\x80\x8d\xe2\x99\x80\xef\xb8\x8f",2253},
{"\xf0\x9f\x99\x8b\xf0\x9f\x8f\xbb\xe2\x80\x8d\xe2\x99\x82",2254},
{"\xf0\x9f\x99\x8b\xf0\x9f\x8f\xbb\xe2\x80\x8d\xe2\x99\x82\xef\xb8\x8f",2254},
{"\xf0\x9f\x99\x8b\xf0\x9f\x8f\xbb\xef\xb8\x8f",2255},
{"\xf0\x9f\x99\x8b\xf0\x9f\x8f\xbc",2258},
{"\xf0\x9f\x99\x8b\xf0\x9f\x8f\xbc\xe2\x80\x8d\xe2\x99\x80",2256},
{"\xf0\x9f\x99\x8b\xf0\x9f\x8f\xbc\xe2\x80\x8d\xe2\x99\x80\xef\xb8\x8f",2256},
{"\xf0\x9f\x99\x8b\xf0\x9f\x8f\xbc\xe2\x80\x8d\xe2\x99\x82",2257},
{"\xf0\x9f\x99\x8b\xf0\x9f\x8f\xbc\xe2\x80\x8d\xe2\x99\x82\xef\xb8\x8f",2257},
{"\xf0\x9f\x99\x8b\xf0\x9f\x8f\xbc\xef\xb8\x8f",2258},
{"\xf0\x9f\x99\x8b\xf0\x9f\x8f\xbd",2261},
{"\xf0\x9f\x99\x8b\xf0\x9f\x8f\xbd\xe2\x80\x8d\xe2\x99\x80",2259},
{"\xf0\x9f\x99\x8b\xf0\x9f\x8f\xbd\xe2\x80\x8d\xe2\x99\x80\xef\xb8\x8f",2259},
{"\xf0\x9f\x99\x8b\xf0\x9f\x8f\xbd\xe2\x80\x8d\xe2\x99\x82",2260},
{"\xf0\x9f\x99\x8b\xf0\x9f\x8f\xbd\xe2\x80\x8d\xe2\x99\x82\xef\xb8\x8f",2260},
{"\xf0\x9f\x99\x8b\xf0\x9f\x8f\xbd\xef\xb8\x8f",2261},
{"\xf0\x9f\x99\x8b\xf0\x9f\x8f\xbe",2264},
{"\xf0\x9f\x99\x8b\xf0\x9f\x8f\xbe\xe2\x80\x8d\xe2\x99\x80",2262},
{"\xf0\x9f\x99\x8b\xf0\x9f\x8f\xbe\xe2\x80\x8d\xe2\x99\x80\xef\xb8\x8f",2262},
{"\xf0\x9f\x99\x8b\xf0\x9f\x8f\xbe\xe2\x80\x8d\xe2\x99\x82",2263},
{"\xf0\x9f\x99\x8b\xf0\x9f\x8f\xbe\xe2\x80\x8d\xe2\x99\x82\xef\xb8\x8f",2263},
{"\xf0\x9f\x99\x8b\xf0\x9f\x8f\xbe\xef\xb8\x8f",2264},
{"\xf0\x9f\x99\x8b\xf0\x9f\x8f\xbf",2267},
{"\xf0\x9f\x99\x8b\xf0\x9f\x8f\xbf\xe2\x80\x8d\xe2\x99\x80",2265},
{"\xf0\x9f\x99\x8b\xf0\x9f\x8f\xbf\xe2\x80\x8d\xe2\x99\x80\xef\xb8\x8f",2265},
{"\xf0\x9f\x99\x8b\xf0\x9f\x8f\xbf\xe2\x80\x8d\xe2\x99\x82",2266},
{"\xf0\x9f\x99\x8b\xf0\x9f\x8f\xbf\xe2\x80\x8d\xe2\x99\x82\xef\xb8\x8f",2266},
{"\xf0\x9f\x99\x8b\xf0\x9f\x8f\xbf\xef\xb8\x8f",2267},
{"\xf0\x9f\x99\x8c",2276},
{"\xf0\x9f\x99\x8c\xef\xb8\x8f",2276},
{"\xf0\x9f\x99\x8c\xf0\x9f\x8f\xbb",2271},
{"\xf0\x9f\x99\x8c\xf0\x9f\x8f\xbb\xef\xb8\x8f",2271},
{"\xf0\x9f\x99\x8c\xf0\x9f\x8f\xbc",2272},
{"\xf0\x9f\x99\x8c\xf0\x9f\x8f\xbc\xef\xb8\x8f",2272},
{"\xf0\x9f\x99\x8c\xf0\x9f\x8f\xbd",2273},
{"\xf0\x9f\x99\x8c\xf0\x9f\x8f\xbd\xef\xb8\x8f",2273},
{"\xf0\x9f\x99\x8c\xf0\x9f\x8f\xbe",2274},
{"\xf0\x9f\x99\x8c\xf0\x9f\x8f\xbe\xef\xb8\x8f",2274},
{"\xf0\x9f\x99\x8c\xf0\x9f\x8f\xbf",2275},
{"\xf0\x9f\x99\x8c\xf0\x9f\x8f\xbf\xef\xb8\x8f",2275},
{"\xf0\x9f\x99\x8d",2294},
{"\xf0\x9f\x99\x8d\xe2\x80\x8d\xe2\x99\x80",2292},
{"\xf0\x9f\x99\x8d\xe2\x80\x8d\xe2\x99\x80\xef\xb8\x8f",2292},
{"\xf0\x9f\x99\x8d\xe2\x80\x8d\xe2\x99\x82",2293},
{"\xf0\x9f\x99\x8d\xe2\x80\x8d\xe2\x99\x82\xef\xb8\x8f",2293},
{"\xf0\x9f\x99\x8d\xef\xb8\x8f",2294},
{"\xf0\x9f\x99\x8d\xf0\x9f\x8f\xbb",2279},
{"\xf0\x9f\x99\x8d\xf0\x9f\x8f\xbb\xe2\x80\x8d\xe2\x99\x80",2277},
{"\xf0\x9f\x99\x8d\xf0\x9f\x8f\xbb\xe2\x80\x8d\xe2\x99\x80\xef\xb8\x8f",2277},
{"\xf0\x9f\x99\x8d\xf0\x9f\x8f\xbb\xe2\x80\x8d\xe2\x99\x82",2278},
{"\xf0\x9f\x99\x8d\xf0\x9f\x8f\xbb\xe2\x80\x8d\xe2\x99\x82\xef\xb8\x8f",2278},
{"\xf0\x9f\x99\x8d\xf0\x9f\x8f\xbb\xef\xb8\x8f",2279},
{"\xf0\x9f\x99\x8d\xf0\x9f\x8f\xbc",2282},
{"\xf0\x9f\x99\x8d\xf0\x9f\x8f\xbc\xe2\x80\x8d\xe2\x99\x80",2280},
{"\xf0\x9f\x99\x8d\xf0\x9f\x8f\xbc\xe2\x80\x8d\xe2\x99\x80\xef\xb8\x8f",2280},
{"\xf0\x9f\x99\x8d\xf0\x9f\x8f\xbc\xe2\x80\x8d\xe2\x99\x82",2281},
{"\xf0\x9f\x99\x8d\xf0\x9f\x8f\xbc\xe2\x80\x8d\xe2\x99\x82\xef\xb8\x8f",2281},
{"\xf0\x9f\x99\x8d\xf0\x9f\x8f\xbc\xef\xb8\x8f",2282},
{"\xf0\x9f\x99\x8d\xf0\x9f\x8f\xbd",2285},
{"\xf0\x9f\x99\x8d\xf0\x9f\x8f\xbd\xe2\x80\x8d\xe2\x99\x80",2283},
{"\xf0\x9f\x99\x8d\xf0\x9f\x8f\xbd\xe2\x80\x8d\xe2\x99\x80\xef\xb8\x8f",2283},
{"\xf0\x9f\x99\x8d\xf0\x9f\x8f\xbd\xe2\x80\x8d\xe2\x99\x82",2284},
{"\xf0\x9f\x99\x8d\xf0\x9f\x8f\xbd\xe2\x80\x8d\xe2\x99\x82\xef\xb8\x8f",2284},
{"\xf0\x9f\x99\x8d\xf0\x9f\x8f\xbd\xef\xb8\x8f",2285},
{"\xf0\x9f\x99\x8d\xf0\x9f\x8f\xbe",2288},
{"\xf0\x9f\x99\x8d\xf0\x9f\x8f\xbe\xe2\x80\x8d\xe2\x99\x80",2286},
{"\xf0\x9f\x99\x8d\xf0\x9f\x8f\xbe\xe2\x80\x8d\xe2\x99\x80\xef\xb8\x8f",2286},
{"\xf0\x9f\x99\x8d\xf0\x9f\x8f\xbe\xe2\x80\x8d\xe2\x99\x82",2287},
{"\xf0\x9f\x99\x8d\xf0\x9f\x8f\xbe\xe2\x80\x8d\xe2\x99\x82\xef\xb8\x8f",2287},
{"\xf0\x9f\x99\x8d\xf0\x9f\x8f\xbe\xef\xb8\x8f",2288},
{"\xf0\x9f\x99\x8d\xf0\x9f\x8f\xbf",2291},
{"\xf0\x9f\x99\x8d\xf0\x9f\x8f\xbf\xe2\x80\x8d\xe2\x99\x80",2289},
{"\xf0\x9f\x99\x8d\xf0\x9f\x8f\xbf\xe2\x80\x8d\xe2\x99\x80\xef\xb8\x8f",2289},
{"\xf0\x9f\x99\x8d\xf0\x9f\x8f\xbf\xe2\x80\x8d\xe2\x99\x82",2290},
{"\xf0\x9f\x99\x8d\xf0\x9f\x8f\xbf\xe2\x80\x8d\xe2\x99\x82\xef\xb8\x8f",2290},
{"\xf0\x9f\x99\x8d\xf0\x9f\x8f\xbf\xef\xb8\x8f",2291},
{"\xf0\x9f\x99\x8e",2312},
{"\xf0\x9f\x99\x8e\xe2\x80\x8d\xe2\x99\x80",2310},
{"\xf0\x9f\x99\x8e\xe2\x80\x8d\xe2\x99\x80\xef\xb8\x8f",2310},
{"\xf0\x9f\x99\x8e\xe2\x80\x8d\xe2\x99\x82",2311},
{"\xf0\x9f\x99\x8e\xe2\x80\x8d\xe2\x99\x82\xef\xb8\x8f",2311},
{"\xf0\x9f\x99\x8e\xef\xb8\x8f",2312},
{"\xf0\x9f\x99\x8e\xf0\x9f\x8f\xbb",2297},
{"\xf0\x9f\x99\x8e\xf0\x9f\x8f\xbb\xe2\x80\x8d\xe2\x99\x80",2295},
{"\xf0\x9f\x99\x8e\xf0\x9f\x8f\xbb\xe2\x80\x8d\xe2\x99\x80\xef\xb8\x8f",2295},
{"\xf0\x9f\x99\x8e\xf0\x9f\x8f\xbb\xe2\x80\x8d\xe2\x99\x82",2296},
{"\xf0\x9f\x99\x8e\xf0\x9f\x8f\xbb\xe2\x80\x8d\xe2\x99\x82\xef\xb8\x8f",2296},
{"\xf0\x9f\x99\x8e\xf0\x9f\x8f\xbb\xef\xb8\x8f",2297},
{"\xf0\x9f\x99\x8e\xf0\x9f\x8f\xbc",2300},
{"\xf0\x9f\x99\x8e\xf0\x9f\x8f\xbc\xe2\x80\x8d\xe2\x99\x80",2298},
{"\xf0\x9f\x99\x8e\xf0\x9f\x8f\xbc\xe2\x80\x8d\xe2\x99\x80\xef\xb8\x8f",2298},
{"\xf0\x9f\x99\x8e\xf0\x9f\x8f\xbc\xe2\x80\x8d\xe2\x99\x82",2299},
{"\xf0\x9f\x99\x8e\xf0\x9f\x8f\xbc\xe2\x80\x8d\xe2\x99\x82\xef\xb8\x8f",2299},
{"\xf0\x9f\x99\x8e\xf0\x9f\x8f\xbc\xef\xb8\x8f",2300},
{"\xf0\x9f\x99\x8e\xf0\x9f\x8f\xbd",2303},
{"\xf0\x9f\x99\x8e\xf0\x9f\x8f\xbd\xe2\x80\x8d\xe2\x99\x80",2301},
{"\xf0\x9f\x99\x8e\xf0\x9f\x8f\xbd\xe2\x80\x8d\xe2\x99\x80\xef\xb8\x8f",2301},
{"\xf0\x9f\x99\x8e\xf0\x9f\x8f\xbd\xe2\x80\x8d\xe2\x99\x82",2302},
{"\xf0\x9f\x99\x8e\xf0\x9f\x8f\xbd\xe2\x80\x8d\xe2\x99\x82\xef\xb8\x8f",2302},
{"\xf0\x9f\x99\x8e\xf0\x9f\x8f\xbd\xef\xb8\x8f",2303},
{"\xf0\x9f\x99\x8e\xf0\x9f\x8f\xbe",2306},
{"\xf0\x9f\x99\x8e\xf0\x9f\x8f\xbe\xe2\x80\x8d\xe2\x99\x80",2304},
{"\xf0\x9f\x99\x8e\xf0\x9f\x8f\xbe\xe2\x80\x8d\xe2\x99\x80\xef\xb8\x8f",2304},
{"\xf0\x9f\x99\x8e\xf0\x9f\x8f\xbe\xe2\x80\x8d\xe2\x99\x82",2305},
{"\xf0\x9f\x99\x8e\xf0\x9f\x8f\xbe\xe2\x80\x8d\xe2\x99\x82\xef\xb8\x8f",2305},
{"\xf0\x9f\x99\x8e\xf0\x9f\x8f\xbe\xef\xb8\x8f",2306},
{"\xf0\x9f\x99\x8e\xf0\x9f\x8f\xbf",2309},
{"\xf0\x9f\x99\x8e\xf0\x9f\x8f\xbf\xe2\x80\x8d\xe2\x99\x80",2307},
{"\xf0\x9f\x99\x8e\xf0\x9f\x8f\xbf\xe2\x80\x8d\xe2\x99\x80\xef\xb8\x8f",2307},
{"\xf0\x9f\x99\x8e\xf0\x9f\x8f\xbf\xe2\x80\x8d\xe2\x99\x82",2308},
{"\xf0\x9f\x99\x8e\xf0\x9f\x8f\xbf\xe2\x80\x8d\xe2\x99\x82\xef\xb8\x8f",2308},
{"\xf0\x9f\x99\x8e\xf0\x9f\x8f\xbf\xef\xb8\x8f",2309},
{"\xf0\x9f\x99\x8f",2318},
{"\xf0\x9f\x99\x8f\xef\xb8\x8f",2318},
{"\xf0\x9f\x99\x8f\xf0\x9f\x8f\xbb",2313},
{"\xf0\x9f\x99\x8f\xf0\x9f\x8f\xbb\xef\xb8\x8f",2313},
{"\xf0\x9f\x99\x8f\xf0\x9f\x8f\xbc",2314},
{"\xf0\x9f\x99\x8f\xf0\x9f\x8f\xbc\xef\xb8\x8f",2314},
{"\xf0\x9f\x99\x8f\xf0\x9f\x8f\xbd",2315},
{"\xf0\x9f\x99\x8f\xf0\x9f\x8f\xbd\xef\xb8\x8f",2315},
{"\xf0\x9f\x99\x8f\xf0\x9f\x8f\xbe",2316},
{"\xf0\x9f\x99\x8f\xf0\x9f\x8f\xbe\xef\xb8\x8f",2316},
{"\xf0\x9f\x99\x8f\xf0\x9f\x8f\xbf",2317},
{"\xf0\x9f\x99\x8f\xf0\x9f\x8f\xbf\xef\xb8\x8f",2317},
{"\xf0\x9f\x9a\x80",2319},
{"\xf0\x9f\x9a\x80\xef\xb8\x8f",2319},
{"\xf0\x9f\x9a\x81",2320},
{"\xf0\x9f\x9a\x81\xef\xb8\x8f",2320},
{"\xf0\x9f\x9a\x82",2321},
{"\xf0\x9f\x9a\x82\xef\xb8\x8f",2321},
{"\xf0\x9f\x9a\x83",2322},
{"\xf0\x9f\x9a\x83\xef\xb8\x8f",2322},
{"\xf0\x9f\x9a\x84",2323},
{"\xf0\x9f\x9a\x84\xef\xb8\x8f",2323},
{"\xf0\x9f\x9a\x85",2324},
{"\xf0\x9f\x9a\x85\xef\xb8\x8f",2324},
{"\xf0\x9f\x9a\x86",2325},
{"\xf0\x9f\x9a\x86\xef\xb8\x8f",2325},
{"\xf0\x9f\x9a\x87",2326},
{"\xf0\x9f\x9a\x87\xef\xb8\x8f",2326},
{"\xf0\x9f\x9a\x88",2327},
{"\xf0\x9f\x9a\x88\xef\xb8\x8f",2327},
{"\xf0\x9f\x9a\x89",2328},
{"\xf0\x9f\x9a\x89\xef\xb8\x8f",2328},
{"\xf0\x9f\x9a\x8a",2329},
{"\xf0\x9f\x9a\x8a\xef\xb8\x8f",2329},
{"\xf0\x9f\x9a\x8b",2330},
{"\xf0\x9f\x9a\x8b\xef\xb8\x8f",2330},
{"\xf0\x9f\x9a\x8c",2331},
{"\xf0\x9f\x9a\x8c\xef\xb8\x8f",2331},
{"\xf0\x9f\x9a\x8d",2332},
{"\xf0\x9f\x9a\x8d\xef\xb8\x8f",2332},
{"\xf0\x9f\x9a\x8e",2333},
{"\xf0\x9f\x9a\x8e\xef\xb8\x8f",2333},
{"\xf0\x9f\x9a\x8f",2334},
{"\xf0\x9f\x9a\x8f\xef\xb8\x8f",2334},
{"\xf0\x9f\x9a\x90",2335},
{"\xf0\x9f\x9a\x90\xef\xb8\x8f",2335},
{"\xf0\x9f\x9a\x91",2336},
{"\xf0\x9f\x9a\x91\xef\xb8\x8f",2336},
{"\xf0\x9f\x9a\x92",2337},
{"\xf0\x9f\x9a\x92\xef\xb8\x8f",2337},
{"\xf0\x9f\x9a\x93",2338},
{"\xf0\x9f\x9a\x93\xef\xb8\x8f",2338},
{"\xf0\x9f\x9a\x94",2339},
{"\xf0\x9f\x9a\x94\xef\xb8\x8f",2339},
{"\xf0\x9f\x9a\x95",2340},
{"\xf0\x9f\x9a\x95\xef\xb8\x8f",2340},
{"\xf0\x9f\x9a\x96",2341},
{"\xf0\x9f\x9a\x96\xef\xb8\x8f",2341},
{"\xf0\x9f\x9a\x97",2342},
{"\xf0\x9f\x9a\x97\xef\xb8\x8f",2342},
{"\xf0\x9f\x9a\x98",2343},
{"\xf0\x9f\x9a\x98\xef\xb8\x8f",2343},
{"\xf0\x9f\x9a\x99",2344},
{"\xf0\x9f\x9a\x99\xef\xb8\x8f",2344},
{"\xf0\x9f\x9a\x9a",2345},
{"\xf0\x9f\x9a\x9a\xef\xb8\x8f",2345},
{"\xf0\x9f\x9a\x9b",2346},
{"\xf0\x9f\x9a\x9b\xef\xb8\x8f",2346},
{"\xf0\x9f\x9a\x9c",2347},
{"\xf0\x9f\x9a\x9c\xef\xb8\x8f",2347},
{"\xf0\x9f\x9a\x9d",2348},
{"\xf0\x9f\x9a\x9d\xef\xb8\x8f",2348},
{"\xf0\x9f\x9a\x9e",2349},
{"\xf0\x9f\x9a\x9e\xef\xb8\x8f",2349},
{"\xf0\x9f\x9a\x9f",2350},
{"\xf0\x9f\x9a\x9f\xef\xb8\x8f",2350},
{"\xf0\x9f\x9a\xa0",2351},
{"\xf0\x9f\x9a\xa0\xef\xb8\x8f",2351},
{"\xf0\x9f\x9a\xa1",2352},
{"\xf0\x9f\x9a\xa1\xef\xb8\x8f",2352},
{"\xf0\x9f\x9a\xa2",2353},
{"\xf0\x9f\x9a\xa2\xef\xb8\x8f",2353},
{"\xf0\x9f\x9a\xa3",2371},
{"\xf0\x9f\x9a\xa3\xe2\x80\x8d\xe2\x99\x80",2369},
{"\xf0\x9f\x9a\xa3\xe2\x80\x8d\xe2\x99\x80\xef\xb8\x8f",2369},
{"\xf0\x9f\x9a\xa3\xe2\x80\x8d\xe2\x99\x82",2370},
{"\xf0\x9f\x9a\xa3\xe2\x80\x8d\xe2\x99\x82\xef\xb8\x8f",2370},
{"\xf0\x9f\x9a\xa3\xef\xb8\x8f",2371},
{"\xf0\x9f\x9a\xa3\xf0\x9f\x8f\xbb",2356},
{"\xf0\x9f\x9a\xa3\xf0\x9f\x8f\xbb\xe2\x80\x8d\xe2\x99\x80",2354},
{"\xf0\x9f\x9a\xa3\xf0\x9f\x8f\xbb\xe2\x80\x8d\xe2\x99\x80\xef\xb8\x8f",2354},
{"\xf0\x9f\x9a\xa3\xf0\x9f\x8f\xbb\xe2\x80\x8d\xe2\x99\x82",2355},
{"\xf0\x9f\x9a\xa3\xf0\x9f\x8f\xbb\xe2\x80\x8d\xe2\x99\x82\xef\xb8\x8f",2355},
{"\xf0\x9f\x9a\xa3\xf0\x9f\x8f\xbb\xef\xb8\x8f",2356},
{"\xf0\x9f\x9a\xa3\xf0\x9f\x8f\xbc",2359},
{"\xf0\x9f\x9a\xa3\xf0\x9f\x8f\xbc\xe2\x80\x8d\xe2\x99\x80",2357},
{"\xf0\x9f\x9a\xa3\xf0\x9f\x8f\xbc\xe2\x80\x8d\xe2\x99\x80\xef\xb8\x8f",2357},
{"\xf0\x9f\x9a\xa3\xf0\x9f\x8f\xbc\xe2\x80\x8d\xe2\x99\x82",2358},
{"\xf0\x9f\x9a\xa3\xf0\x9f\x8f\xbc\xe2\x80\x8d\xe2\x99\x82\xef\xb8\x8f",2358},
{"\xf0\x9f\x9a\xa3\xf0\x9f\x8f\xbc\xef\xb8\x8f",2359},
{"\xf0\x9f\x9a\xa3\xf0\x9f\x8f\xbd",2362},
{"\xf0\x9f\x9a\xa3\xf0\x9f\x8f\xbd\xe2\x80\x8d\xe2\x99\x80",2360},
{"\xf0\x9f\x9a\xa3\xf0\x9f\x8f\xbd\xe2\x80\x8d\xe2\x99\x80\xef\xb8\x8f",2360},
{"\xf0\x9f\x9a\xa3\xf0\x9f\x8f\xbd\xe2\x80\x8d\xe2\x99\x82",2361},
{"\xf0\x9f\x9a\xa3\xf0\x9f\x8f\xbd\xe2\x80\x8d\xe2\x99\x82\xef\xb8\x8f",2361},
{"\xf0\x9f\x9a\xa3\xf0\x9f\x8f\xbd\xef\xb8\x8f",2362},
{"\xf0\x9f\x9a\xa3\xf0\x9f\x8f\xbe",2365},
{"\xf0\x9f\x9a\xa3\xf0\x9f\x8f\xbe\xe2\x80\x8d\xe2\x99\x80",2363},
{"\xf0\x9f\x9a\xa3\xf0\x9f\x8f\xbe\xe2\x80\x8d\xe2\x99\x80\xef\xb8\x8f",2363},
{"\xf0\x9f\x9a\xa3\xf0\x9f\x8f\xbe\xe2\x80\x8d\xe2\x99\x82",2364},
{"\xf0\x9f\x9a\xa3\xf0\x9f\x8f\xbe\xe2\x80\x8d\xe2\x99\x82\xef\xb8\x8f",2364},
{"\xf0\x9f\x9a\xa3\xf0\x9f\x8f\xbe\xef\xb8\x8f",2365},
{"\xf0\x9f\x9a\xa3\xf0\x9f\x8f\xbf",2368},
{"\xf0\x9f\x9a\xa3\xf0\x9f\x8f\xbf\xe2\x80\x8d\xe2\x99\x80",2366},
{"\xf0\x9f\x9a\xa3\xf0\x9f\x8f\xbf\xe2\x80\x8d\xe2\x99\x80\xef\xb8\x8f",2366},
{"\xf0\x9f\x9a\xa3\xf0\x9f\x8f\xbf\xe2\x80\x8d\xe2\x99\x82",2367},
{"\xf0\x9f\x9a\xa3\xf0\x9f\x8f\xbf\xe2\x80\x8d\xe2\x99\x82\xef\xb8\x8f",2367},
{"\xf0\x9f\x9a\xa3\xf0\x9f\x8f\xbf\xef\xb8\x8f",2368},
{"\xf0\x9f\x9a\xa4",2372},
{"\xf0\x9f\x9a\xa4\xef\xb8\x8f",2372},
{"\xf0\x9f\x9a\xa5",2373},
{"\xf0\x9f\x9a\xa5\xef\xb8\x8f",2373},
{"\xf0\x9f\x9a\xa6",2374},
{"\xf0\x9f\x9a\xa6\xef\xb8\x8f",2374},
{"\xf0\x9f\x9a\xa7",2375},
{"\xf0\x9f\x9a\xa7\xef\xb8\x8f",2375},
{"\xf0\x9f\x9a\xa8",2376},
{"\xf0\x9f\x9a\xa8\xef\xb8\x8f",2376},
{"\xf0\x9f\x9a\xa9",2377},
{"\xf0\x9f\x9a\xa9\xef\xb8\x8f",2377},
{"\xf0\x9f\x9a\xaa",2378},
{"\xf0\x9f\x9a\xaa\xef\xb8\x8f",2378},
{"\xf0\x9f\x9a\xab",2379},
{"\xf0\x9f\x9a\xab\xef\xb8\x8f",2379},
{"\xf0\x9f\x9a\xac",2380},
{"\xf0\x9f\x9a\xac\xef\xb8\x8f",2380},
{"\xf0\x9f\x9a\xad",2381},
{"\xf0\x9f\x9a\xad\xef\xb8\x8f",2381},
{"\xf0\x9f\x9a\xae",2382},
{"\xf0\x9f\x9a\xae\xef\xb8\x8f",2382},
{"\xf0\x9f\x9a\xaf",2383},
{"\xf0\x9f\x9a\xaf\xef\xb8\x8f",2383},
{"\xf0\x9f\x9a\xb0",2384},
{"\xf0\x9f\x9a\xb0\xef\xb8\x8f",2384},
{"\xf0\x9f\x9a\xb1",2385},
{"\xf0\x9f\x9a\xb1\xef\xb8\x8f",2385},
{"\xf0\x9f\x9a\xb2",2386},
{"\xf0\x9f\x9a\xb2\xef\xb8\x8f",2386},
{"\xf0\x9f\x9a\xb3",2387},
{"\xf0\x9f\x9a\xb3\xef\xb8\x8f",2387},
{"\xf0\x9f\x9a\xb4",2405},
{"\xf0\x9f\x9a\xb4\xe2\x80\x8d\xe2\x99\x80",2403},
{"\xf0\x9f\x9a\xb4\xe2\x80\x8d\xe2\x99\x80\xef\xb8\x8f",2403},
{"\xf0\x9f\x9a\xb4\xe2\x80\x8d\xe2\x99\x82",2404},
{"\xf0\x9f\x9a\xb4\xe2\x80\x8d\xe2\x99\x82\xef\xb8\x8f",2404},
{"\xf0\x9f\x9a\xb4\xef\xb8\x8f",2405},
{"\xf0\x9f\x9a\xb4\xf0\x9f\x8f\xbb",2390},
{"\xf0\x9f\x9a\xb4\xf0\x9f\x8f\xbb\xe2\x80\x8d\xe2\x99\x80",2388},
{"\xf0\x9f\x9a\xb4\xf0\x9f\x8f\xbb\xe2\x80\x8d\xe2\x99\x80\xef\xb8\x8f",2388},
{"\xf0\x9f\x9a\xb4\xf0\x9f\x8f\xbb\xe2\x80\x8d\xe2\x99\x82",2389},
{"\xf0\x9f\x9a\xb4\xf0\x9f\x8f\xbb\xe2\x80\x8d\xe2\x99\x82\xef\xb8\x8f",2389},
{"\xf0\x9f\x9a\xb4\xf0\x9f\x8f\xbb\xef\xb8\x8f",2390},
{"\xf0\x9f\x9a\xb4\xf0\x9f\x8f\xbc",2393},
{"\xf0\x9f\x9a\xb4\xf0\x9f\x8f\xbc\xe2\x80\x8d\xe2\x99\x80",2391},
{"\xf0\x9f\x9a\xb4\xf0\x9f\x8f\xbc\xe2\x80\x8d\xe2\x99\x80\xef\xb8\x8f",2391},
{"\xf0\x9f\x9a\xb4\xf0\x9f\x8f\xbc\xe2\x80\x8d\xe2\x99\x82",2392},
{"\xf0\x9f\x9a\xb4\xf0\x9f\x8f\xbc\xe2\x80\x8d\xe2\x99\x82\xef\xb8\x8f",2392},
{"\xf0\x9f\x9a\xb4\xf0\x9f\x8f\xbc\xef\xb8\x8f",2393},
{"\xf0\x9f\x9a\xb4\xf0\x9f\x8f\xbd",2396},
{"\xf0\x9f\x9a\xb4\xf0\x9f\x8f\xbd\xe2\x80\x8d\xe2\x99\x80",2394},
{"\xf0\x9f\x9a\xb4\xf0\x9f\x8f\xbd\xe2\x80\x8d\xe2\x99\x80\xef\xb8\x8f",2394},
{"\xf0\x9f\x9a\xb4\xf0\x9f\x8f\xbd\xe2\x80\x8d\xe2\x99\x82",2395},
{"\xf0\x9f\x9a\xb4\xf0\x9f\x8f\xbd\xe2\x80\x8d\xe2\x99\x82\xef\xb8\x8f",2395},
{"\xf0\x9f\x9a\xb4\xf0\x9f\x8f\xbd\xef\xb8\x8f",2396},
{"\xf0\x9f\x9a\xb4\xf0\x9f\x8f\xbe",2399},
{"\xf0\x9f\x9a\xb4\xf0\x9f\x8f\xbe\xe2\x80\x8d\xe2\x99\x80",2397},
{"\xf0\x9f\x9a\xb4\xf0\x9f\x8f\xbe\xe2\x80\x8d\xe2\x99\x80\xef\xb8\x8f",2397},
{"\xf0\x9f\x9a\xb4\xf0\x9f\x8f\xbe\xe2\x80\x8d\xe2\x99\x82",2398},
{"\xf0\x9f\x9a\xb4\xf0\x9f\x8f\xbe\xe2\x80\x8d\xe2\x99\x82\xef\xb8\x8f",2398},
{"\xf0\x9f\x9a\xb4\xf0\x9f\x8f\xbe\xef\xb8\x8f",2399},
{"\xf0\x9f\x9a\xb4\xf0\x9f\x8f\xbf",2402},
{"\xf0\x9f\x9a\xb4\xf0\x9f\x8f\xbf\xe2\x80\x8d\xe2\x99\x80",2400},
{"\xf0\x9f\x9a\xb4\xf0\x9f\x8f\xbf\xe2\x80\x8d\xe2\x99\x80\xef\xb8\x8f",2400},
{"\xf0\x9f\x9a\xb4\xf0\x9f\x8f\xbf\xe2\x80\x8d\xe2\x99\x82",2401},
{"\xf0\x9f\x9a\xb4\xf0\x9f\x8f\xbf\xe2\x80\x8d\xe2\x99\x82\xef\xb8\x8f",2401},
{"\xf0\x9f\x9a\xb4\xf0\x9f\x8f\xbf\xef\xb8\x8f",2402},
{"\xf0\x9f\x9a\xb5",2423},
{"\xf0\x9f\x9a\xb5\xe2\x80\x8d\xe2\x99\x80",2421},
{"\xf0\x9f\x9a\xb5\xe2\x80\x8d\xe2\x99\x80\xef\xb8\x8f",2421},
{"\xf0\x9f\x9a\xb5\xe2\x80\x8d\xe2\x99\x82",2422},
{"\xf0\x9f\x9a\xb5\xe2\x80\x8d\xe2\x99\x82\xef\xb8\x8f",2422},
{"\xf0\x9f\x9a\xb5\xef\xb8\x8f",2423},
{"\xf0\x9f\x9a\xb5\xf0\x9f\x8f\xbb",2408},
{"\xf0\x9f\x9a\xb5\xf0\x9f\x8f\xbb\xe2\x80\x8d\xe2\x99\x80",2406},
{"\xf0\x9f\x9a\xb5\xf0\x9f\x8f\xbb\xe2\x80\x8d\xe2\x99\x80\xef\xb8\x8f",2406},
{"\xf0\x9f\x9a\xb5\xf0\x9f\x8f\xbb\xe2\x80\x8d\xe2\x99\x82",2407},
{"\xf0\x9f\x9a\xb5\xf0\x9f\x8f\xbb\xe2\x80\x8d\xe2\x99\x82\xef\xb8\x8f",2407},
{"\xf0\x9f\x9a\xb5\xf0\x9f\x8f\xbb\xef\xb8\x8f",2408},
{"\xf0\x9f\x9a\xb5\xf0\x9f\x8f\xbc",2411},
{"\xf0\x9f\x9a\xb5\xf0\x9f\x8f\xbc\xe2\x80\x8d\xe2\x99\x80",2409},
{"\xf0\x9f\x9a\xb5\xf0\x9f\x8f\xbc\xe2\x80\x8d\xe2\x99\x80\xef\xb8\x8f",2409},
{"\xf0\x9f\x9a\xb5\xf0\x9f\x8f\xbc\xe2\x80\x8d\xe2\x99\x82",2410},
{"\xf0\x9f\x9a\xb5\xf0\x9f\x8f\xbc\xe2\x80\x8d\xe2\x99\x82\xef\xb8\x8f",2410},
{"\xf0\x9f\x9a\xb5\xf0\x9f\x8f\xbc\xef\xb8\x8f",2411},
{"\xf0\x9f\x9a\xb5\xf0\x9f\x8f\xbd",2414},
{"\xf0\x9f\x9a\xb5\xf0\x9f\x8f\xbd\xe2\x80\x8d\xe2\x99\x80",2412},
{"\xf0\x9f\x9a\xb5\xf0\x9f\x8f\xbd\xe2\x80\x8d\xe2\x99\x80\xef\xb8\x8f",2412},
{"\xf0\x9f\x9a\xb5\xf0\x9f\x8f\xbd\xe2\x80\x8d\xe2\x99\x82",2413},
{"\xf0\x9f\x9a\xb5\xf0\x9f\x8f\xbd\xe2\x80\x8d\xe2\x99\x82\xef\xb8\x8f",2413},
{"\xf0\x9f\x9a\xb5\xf0\x9f\x8f\xbd\xef\xb8\x8f",2414},
{"\xf0\x9f\x9a\xb5\xf0\x9f\x8f\xbe",2417},
{"\xf0\x9f\x9a\xb5\xf0\x9f\x8f\xbe\xe2\x80\x8d\xe2\x99\x80",2415},
{"\xf0\x9f\x9a\xb5\xf0\x9f\x8f\xbe\xe2\x80\x8d\xe2\x99\x80\xef\xb8\x8f",2415},
{"\xf0\x9f\x9a\xb5\xf0\x9f\x8f\xbe\xe2\x80\x8d\xe2\x99\x82",2416},
{"\xf0\x9f\x9a\xb5\xf0\x9f\x8f\xbe\xe2\x80\x8d\xe2\x99\x82\xef\xb8\x8f",2416},
{"\xf0\x9f\x9a\xb5\xf0\x9f\x8f\xbe\xef\xb8\x8f",2417},
{"\xf0\x9f\x9a\xb5\xf0\x9f\x8f\xbf",2420},
{"\xf0\x9f\x9a\xb5\xf0\x9f\x8f\xbf\xe2\x80\x8d\xe2\x99\x80",2418},
{"\xf0\x9f\x9a\xb5\xf0\x9f\x8f\xbf\xe2\x80\x8d\xe2\x99\x80\xef\xb8\x8f",2418},
{"\xf0\x9f\x9a\xb5\xf0\x9f\x8f\xbf\xe2\x80\x8d\xe2\x99\x82",2419},
{"\xf0\x9f\x9a\xb5\xf0\x9f\x8f\xbf\xe2\x80\x8d\xe2\x99\x82\xef\xb8\x8f",2419},
{"\xf0\x9f\x9a\xb5\xf0\x9f\x8f\xbf\xef\xb8\x8f",2420},
{"\xf0\x9f\x9a\xb6",2459},
{"\xf0\x9f\x9a\xb6\xe2\x80\x8d\xe2\x99\x80",2455},
{"\xf0\x9f\x9a\xb6\xe2\x80\x8d\xe2\x99\x80\xe2\x80\x8d\xe2\x9e\xa1",2454},
{"\xf0\x9f\x9a\xb6\xe2\x80\x8d\xe2\x99\x80\xef\xb8\x8f",2455},
{"\xf0\x9f\x9a\xb6\xe2\x80\x8d\xe2\x99\x80\xef\xb8\x8f\xe2\x80\x8d\xe2\x9e\xa1\xef\xb8\x8f",2454},
{"\xf0\x9f\x9a\xb6\xe2\x80\x8d\xe2\x99\x82",2457},
{"\xf0\x9f\x9a\xb6\xe2\x80\x8d\xe2\x99\x82\xe2\x80\x8d\xe2\x9e\xa1",2456},
{"\xf0\x9f\x9a\xb6\xe2\x80\x8d\xe2\x99\x82\xef\xb8\x8f",2457},
{"\xf0\x9f\x9a\xb6\xe2\x80\x8d\xe2\x99\x82\xef\xb8\x8f\xe2\x80\x8d\xe2\x9e\xa1\xef\xb8\x8f",2456},
{"\xf0\x9f\x9a\xb6\xe2\x80\x8d\xe2\x9e\xa1",2458},
{"\xf0\x9f\x9a\xb6\xe2\x80\x8d\xe2\x9e\xa1\xef\xb8\x8f",2458},
{"\xf0\x9f\x9a\xb6\xef\xb8\x8f",2459},
{"\xf0\x9f\x9a\xb6\xf0\x9f\x8f\xbb",2429},
{"\xf0\x9f\x9a\xb6\xf0\x9f\x8f\xbb\xe2\x80\x8d\xe2\x99\x80",2425},
{"\xf0\x9f\x9a\xb6\xf0\x9f\x8f\xbb\xe2\x80\x8d\xe2\x99\x80\xe2\x80\x8d\xe2\x9e\xa1",2424},
{"\xf0\x9f\x9a\xb6\xf0\x9f\x8f\xbb\xe2\x80\x8d\xe2\x99\x80\xef\xb8\x8f",2425},
{"\xf0\x9f\x9a\xb6\xf0\x9f\x8f\xbb\xe2\x80\x8d\xe2\x99\x80\xef\xb8\x8f\xe2\x80\x8d\xe2\x9e\xa1\xef\xb8\x8f",2424},
{"\xf0\x9f\x9a\xb6\xf0\x9f\x8f\xbb\xe2\x80\x8d\xe2\x99\x82",2427},
{"\xf0\x9f\x9a\xb6\xf0\x9f\x8f\xbb\xe2\x80\x8d\xe2\x99\x82\xe2\x80\x8d\xe2\x9e\xa1",2426},
{"\xf0\x9f\x9a\xb6\xf0\x9f\x8f\xbb\xe2\x80\x8d\xe2\x99\x82\xef\xb8\x8f",2427},
{"\xf0\x9f\x9a\xb6\xf0\x9f\x8f\xbb\xe2\x80\x8d\xe2\x99\x82\xef\xb8\x8f\xe2\x80\x8d\xe2\x9e\xa1\xef\xb8\x8f",2426},
{"\xf0\x9f\x9a\xb6\xf0\x9f\x8f\xbb\xe2\x80\x8d\xe2\x9e\xa1",2428},
{"\xf0\x9f\x9a\xb6\xf0\x9f\x8f\xbb\xe2\x80\x8d\xe2\x9e\xa1\xef\xb8\x8f",2428},
{"\xf0\x9f\x9a\xb6\xf0\x9f\x8f\xbb\xef\xb8\x8f",2429},
{"\xf0\x9f\x9a\xb6\xf0\x9f\x8f\xbc",2435},
{"\xf0\x9f\x9a\xb6\xf0\x9f\x8f\xbc\xe2\x80\x8d\xe2\x99\x80",2431},
{"\xf0\x9f\x9a\xb6\xf0\x9f\x8f\xbc\xe2\x80\x8d\xe2\x99\x80\xe2\x80\x8d\xe2\x9e\xa1",2430},
{"\xf0\x9f\x9a\xb6\xf0\x9f\x8f\xbc\xe2\x80\x8d\xe2\x99\x80\xef\xb8\x8f",2431},
{"\xf0\x9f\x9a\xb6\xf0\x9f\x8f\xbc\xe2\x80\x8d\xe2\x99\x80\xef\xb8\x8f\xe2\x80\x8d\xe2\x9e\xa1\xef\xb8\x8f",2430},
{"\xf0\x9f\x9a\xb6\xf0\x9f\x8f\xbc\xe2\x80\x8d\xe2\x99\x82",2433},
{"\xf0\x9f\x9a\xb6\xf0\x9f\x8f\xbc\xe2\x80\x8d\xe2\x99\x82\xe2\x80\x8d\xe2\x9e\xa1",2432},
{"\xf0\x9f\x9a\xb6\xf0\x9f\x8f\xbc\xe2\x80\x8d\xe2\x99\x82\xef\xb8\x8f",2433},
{"\xf0\x9f\x9a\xb6\xf0\x9f\x8f\xbc\xe2\x80\x8d\xe2\x99\x82\xef\xb8\x8f\xe2\x80\x8d\xe2\x9e\xa1\xef\xb8\x8f",2432},
{"\xf0\x9f\x9a\xb6\xf0\x9f\x8f\xbc\xe2\x80\x8d\xe2\x9e\xa1",2434},
{"\xf0\x9f\x9a\xb6\xf0\x9f\x8f\xbc\xe2\x80\x8d\xe2\x9e\xa1\xef\xb8\x8f",2434},
{"\xf0\x9f\x9a\xb6\xf0\x9f\x8f\xbc\xef\xb8\x8f",2435},
{"\xf0\x9f\x9a\xb6\xf0\x9f\x8f\xbd",2441},
{"\xf0\x9f\x9a\xb6\xf0\x9f\x8f\xbd\xe2\x80\x8d\xe2\x99\x80",2437},
{"\xf0\x9f\x9a\xb6\xf0\x9f\x8f\xbd\xe2\x80\x8d\xe2\x99\x80\xe2\x80\x8d\xe2\x9e\xa1",2436},
{"\xf0\x9f\x9a\xb6\xf0\x9f\x8f\xbd\xe2\x80\x8d\xe2\x99\x80\xef\xb8\x8f",2437},
{"\xf0\x9f\x9a\xb6\xf0\x9f\x8f\xbd\xe2\x80\x8d\xe2\x99\x80\xef\xb8\x8f\xe2\x80\x8d\xe2\x9e\xa1\xef\xb8\x8f",2436},
{"\xf0\x9f\x9a\xb6\xf0\x9f\x8f\xbd\xe2\x80\x8d\xe2\x99\x82",2439},
{"\xf0\x9f\x9a\xb6\xf0\x9f\x8f\xbd\xe2\x80\x8d\xe2\x99\x82\xe2\x80\x8d\xe2\x9e\xa1",2438},
{"\xf0\x9f\x9a\xb6\xf0\x9f\x8f\xbd\xe2\x80\x8d\xe2\x99\x82\xef\xb8\x8f",2439},
{"\xf0\x9f\x9a\xb6\xf0\x9f\x8f\xbd\xe2\x80\x8d\xe2\x99\x82\xef\xb8\x8f\xe2\x80\x8d\xe2\x9e\xa1\xef\xb8\x8f",2438},
{"\xf0\x9f\x9a\xb6\xf0\x9f\x8f\xbd\xe2\x80\x8d\xe2\x9e\xa1",2440},
{"\xf0\x9f\x9a\xb6\xf0\x9f\x8f\xbd\xe2\x80\x8d\xe2\x9e\xa1\xef\xb8\x8f",2440},
{"\xf0\x9f\x9a\xb6\xf0\x9f\x8f\xbd\xef\xb8\x8f",2441},
{"\xf0\x9f\x9a\xb6\xf0\x9f\x8f\xbe",2447},
{"\xf0\x9f\x9a\xb6\xf0\x9f\x8f\xbe\xe2\x80\x8d\xe2\x99\x80",2443},
{"\xf0\x9f\x9a\xb6\xf0\x9f\x8f\xbe\xe2\x80\x8d\xe2\x99\x80\xe2\x80\x8d\xe2\x9e\xa1",2442},
{"\xf0\x9f\x9a\xb6\xf0\x9f\x8f\xbe\xe2\x80\x8d\xe2\x99\x80\xef\xb8\x8f",2443},
{"\xf0\x9f\x9a\xb6\xf0\x9f\x8f\xbe\xe2\x80\x8d\xe2\x99\x80\xef\xb8\x8f\xe2\x80\x8d\xe2\x9e\xa1\xef\xb8\x8f",2442},
{"\xf0\x9f\x9a\xb6\xf0\x9f\x8f\xbe\xe2\x80\x8d\xe2\x99\x82",2445},
{"\xf0\x9f\x9a\xb6\xf0\x9f\x8f\xbe\xe2\x80\x8d\xe2\x99\x82\xe2\x80\x8d\xe2\x9e\xa1",2444},
{"\xf0\x9f\x9a\xb6\xf0\x9f\x8f\xbe\xe2\x80\x8d\xe2\x99\x82\xef\xb8\x8f",2445},
{"\xf0\x9f\x9a\xb6\xf0\x9f\x8f\xbe\xe2\x80\x8d\xe2\x99\x82\xef\xb8\x8f\xe2\x80\x8d\xe2\x9e\xa1\xef\xb8\x8f",2444},
{"\xf0\x9f\x9a\xb6\xf0\x9f\x8f\xbe\xe2\x80\x8d\xe2\x9e\xa1",2446},
{"\xf0\x9f\x9a\xb6\xf0\x9f\x8f\xbe\xe2\x80\x8d\xe2\x9e\xa1\xef\xb8\x8f",2446},
{"\xf0\x9f\x9a\xb6\xf0\x9f\x8f\xbe\xef\xb8\x8f",2447},
{"\xf0\x9f\x9a\xb6\xf0\x9f\x8f\xbf",2453},
{"\xf0\x9f\x9a\xb6\xf0\x9f\x8f\xbf\xe2\x80\x8d\xe2\x99\x80",2449},
{"\xf0\x9f\x9a\xb6\xf0\x9f\x8f\xbf\xe2\x80\x8d\xe2\x99\x80\xe2\x80\x8d\xe2\x9e\xa1",2448},
{"\xf0\x9f\x9a\xb6\xf0\x9f\x8f\xbf\xe2\x80\x8d\xe2\x99\x80\xef\xb8\x8f",2449},
{"\xf0\x9f\x9a\xb6\xf0\x9f\x8f\xbf\xe2\x80\x8d\xe2\x99\x80\xef\xb8\x8f\xe2\x80\x8d\xe2\x9e\xa1\xef\xb8\x8f",2448},
{"\xf0\x9f\x9a\xb6\xf0\x9f\x8f\xbf\xe2\x80\x8d\xe2\x99\x82",2451},
{"\xf0\x9f\x9a\xb6\xf0\x9f\x8f\xbf\xe2\x80\x8d\xe2\x99\x82\xe2\x80\x8d\xe2\x9e\xa1",2450},
{"\xf0\x9f\x9a\xb6\xf0\x9f\x8f\xbf\xe2\x80\x8d\xe2\x99\x82\xef\xb8\x8f",2451},
{"\xf0\x9f\x9a\xb6\xf0\x9f\x8f\xbf\xe2\x80\x8d\xe2\x99\x82\xef\xb8\x8f\xe2\x80\x8d\xe2\x9e\xa1\xef\xb8\x8f",2450},
{"\xf0\x9f\x9a\xb6\xf0\x9f\x8f\xbf\xe2\x80\x8d\xe2\x9e\xa1",2452},
{"\xf0\x9f\x9a\xb6\xf0\x9f\x8f\xbf\xe2\x80\x8d\xe2\x9e\xa1\xef\xb8\x8f",2452},
{"\xf0\x9f\x9a\xb6\xf0\x9f\x8f\xbf\xef\xb8\x8f",2453},
{"\xf0\x9f\x9a\xb7",2460},
{"\xf0\x9f\x9a\xb7\xef\xb8\x8f",2460},
{"\xf0\x9f\x9a\xb8",2461},
{"\xf0\x9f\x9a\xb8\xef\xb8\x8f",2461},
{"\xf0\x9f\x9a\xb9",2462},
{"\xf0\x9f\x9a\xb9\xef\xb8\x8f",2462},
{"\xf0\x9f\x9a\xba",2463},
{"\xf0\x9f\x9a\xba\xef\xb8\x8f",2463},
{"\xf0\x9f\x9a\xbb",2464},
{"\xf0\x9f\x9a\xbb\xef\xb8\x8f",2464},
{"\xf0\x9f\x9a\xbc",2465},
{"\xf0\x9f\x9a\xbc\xef\xb8\x8f",2465},
{"\xf0\x9f\x9a\xbd",2466},
{"\xf0\x9f\x9a\xbd\xef\xb8\x8f",2466},
{"\xf0\x9f\x9a\xbe",2467},
{"\xf0\x9f\x9a\xbe\xef\xb8\x8f",2467},
{"\xf0\x9f\x9a\xbf",2468},
{"\xf0\x9f\x9a\xbf\xef\xb8\x8f",2468},
{"\xf0\x9f\x9b\x80",2474},
{"\xf0\x9f\x9b\x80\xef\xb8\x8f",2474},
{"\xf0\x9f\x9b\x80\xf0\x9f\x8f\xbb",2469},
{"\xf0\x9f\x9b\x80\xf0\x9f\x8f\xbb\xef\xb8\x8f",2469},
{"\xf0\x9f\x9b\x80\xf0\x9f\x8f\xbc",2470},
{"\xf0\x9f\x9b\x80\xf0\x9f\x8f\xbc\xef\xb8\x8f",2470},
{"\xf0\x9f\x9b\x80\xf0\x9f\x8f\xbd",2471},
{"\xf0\x9f\x9b\x80\xf0\x9f\x8f\xbd\xef\xb8\x8f",2471},
{"\xf0\x9f\x9b\x80\xf0\x9f\x8f\xbe",2472},
{"\xf0\x9f\x9b\x80\xf0\x9f\x8f\xbe\xef\xb8\x8f",2472},
{"\xf0\x9f\x9b\x80\xf0\x9f\x8f\xbf",2473},
{"\xf0\x9f\x9b\x80\xf0\x9f\x8f\xbf\xef\xb8\x8f",2473},
{"\xf0\x9f\x9b\x81",2475},
{"\xf0\x9f\x9b\x81\xef\xb8\x8f",2475},
{"\xf0\x9f\x9b\x82",2476},
{"\xf0\x9f\x9b\x82\xef\xb8\x8f",2476},
{"\xf0\x9f\x9b\x83",2477},
{"\xf0\x9f\x9b\x83\xef\xb8\x8f",2477},
{"\xf0\x9f\x9b\x84",2478},
{"\xf0\x9f\x9b\x84\xef\xb8\x8f",2478},
{"\xf0\x9f\x9b\x85",2479},
{"\xf0\x9f\x9b\x85\xef\xb8\x8f",2479},
{"\xf0\x9f\x9b\x8b",2480},
{"\xf0\x9f\x9b\x8b\xef\xb8\x8f",2480},
{"\xf0\x9f\x9b\x8c",2486},
{"\xf0\x9f\x9b\x8c\xef\xb8\x8f",2486},
{"\xf0\x9f\x9b\x8c\xf0\x9f\x8f\xbb",2481},
{"\xf0\x9f\x9b\x8c\xf0\x9f\x8f\xbb\xef\xb8\x8f",2481},
{"\xf0\x9f\x9b\x8c\xf0\x9f\x8f\xbc",2482},
{"\xf0\x9f\x9b\x8c\xf0\x9f\x8f\xbc\xef\xb8\x8f",2482},
{"\xf0\x9f\x9b\x8c\xf0\x9f\x8f\xbd",2483},
{"\xf0\x9f\x9b\x8c\xf0\x9f\x8f\xbd\xef\xb8\x8f",2483},
{"\xf0\x9f\x9b\x8c\xf0\x9f\x8f\xbe",2484},
{"\xf0\x9f\x9b\x8c\xf0\x9f\x8f\xbe\xef\xb8\x8f",2484},
{"\xf0\x9f\x9b\x8c\xf0\x9f\x8f\xbf",2485},
{"\xf0\x9f\x9b\x8c\xf0\x9f\x8f\xbf\xef\xb8\x8f",2485},
{"\xf0\x9f\x9b\x8d",2487},
{"\xf0\x9f\x9b\x8d\xef\xb8\x8f",2487},
{"\xf0\x9f\x9b\x8e",2488},
{"\xf0\x9f\x9b\x8e\xef\xb8\x8f",2488},
{"\xf0\x9f\x9b\x8f",2489},
{"\xf0\x9f\x9b\x8f\xef\xb8\x8f",2489},
{"\xf0\x9f\x9b\x90",2490},
{"\xf0\x9f\x9b\x90\xef\xb8\x8f",2490},
{"\xf0\x9f\x9b\x91",2491},
{"\xf0\x9f\x9b\x91\xef\xb8\x8f",2491},
{"\xf0\x9f\x9b\x92",2492},
{"\xf0\x9f\x9b\x92\xef\xb8\x8f",2492},
{"\xf0\x9f\x9b\x95",2493},
{"\xf0\x9f\x9b\x95\xef\xb8\x8f",2493},
{"\xf0\x9f\x9b\x96",2494},
{"\xf0\x9f\x9b\x96\xef\xb8\x8f",2494},
{"\xf0\x9f\x9b\x97",2495},
{"\xf0\x9f\x9b\x97\xef\xb8\x8f",2495},
{"\xf0\x9f\x9b\x98",2496},
{"\xf0\x9f\x9b\x98\xef\xb8\x8f",2496},
{"\xf0\x9f\x9b\x9c",2497},
{"\xf0\x9f\x9b\x9c\xef\xb8\x8f",2497},
{"\xf0\x9f\x9b\x9d",2498},
{"\xf0\x9f\x9b\x9d\xef\xb8\x8f",2498},
{"\xf0\x9f\x9b\x9e",2499},
{"\xf0\x9f\x9b\x9e\xef\xb8\x8f",2499},
{"\xf0\x9f\x9b\x9f",2500},
{"\xf0\x9f\x9b\x9f\xef\xb8\x8f",2500},
{"\xf0\x9f\x9b\xa0",2501},
{"\xf0\x9f\x9b\xa0\xef\xb8\x8f",2501},
{"\xf0\x9f\x9b\xa1",2502},
{"\xf0\x9f\x9b\xa1\xef\xb8\x8f",2502},
{"\xf0\x9f\x9b\xa2",2503},
{"\xf0\x9f\x9b\xa2\xef\xb8\x8f",2503},
{"\xf0\x9f\x9b\xa3",2504},
{"\xf0\x9f\x9b\xa3\xef\xb8\x8f",2504},
{"\xf0\x9f\x9b\xa4",2505},
{"\xf0\x9f\x9b\xa4\xef\xb8\x8f",2505},
{"\xf0\x9f\x9b\xa5",2506},
{"\xf0\x9f\x9b\xa5\xef\xb8\x8f",2506},
{"\xf0\x9f\x9b\xa9",2507},
{"\xf0\x9f\x9b\xa9\xef\xb8\x8f",2507},
{"\xf0\x9f\x9b\xab",2508},
{"\xf0\x9f\x9b\xab\xef\xb8\x8f",2508},
{"\xf0\x9f\x9b\xac",2509},
{"\xf0\x9f\x9b\xac\xef\xb8\x8f",2509},
{"\xf0\x9f\x9b\xb0",2510},
{"\xf0\x9f\x9b\xb0\xef\xb8\x8f",2510},
{"\xf0\x9f\x9b\xb3",2511},
{"\xf0\x9f\x9b\xb3\xef\xb8\x8f",2511},
{"\xf0\x9f\x9b\xb4",2512},
{"\xf0\x9f\x9b\xb4\xef\xb8\x8f",2512},
{"\xf0\x9f\x9b\xb5",2513},
{"\xf0\x9f\x9b\xb5\xef\xb8\x8f",2513},
{"\xf0\x9f\x9b\xb6",2514},
{"\xf0\x9f\x9b\xb6\xef\xb8\x8f",2514},
{"\xf0\x9f\x9b\xb7",2515},
{"\xf0\x9f\x9b\xb7\xef\xb8\x8f",2515},
{"\xf0\x9f\x9b\xb8",2516},
{"\xf0\x9f\x9b\xb8\xef\xb8\x8f",2516},
{"\xf0\x9f\x9b\xb9",2517},
{"\xf0\x9f\x9b\xb9\xef\xb8\x8f",2517},
{"\xf0\x9f\x9b\xba",2518},
{"\xf0\x9f\x9b\xba\xef\xb8\x8f",2518},
{"\xf0\x9f\x9b\xbb",2519},
{"\xf0\x9f\x9b\xbb\xef\xb8\x8f",2519},
{"\xf0\x9f\x9b\xbc",2520},
{"\xf0\x9f\x9b\xbc\xef\xb8\x8f",2520},
{"\xf0\x9f\x9f\xa0",2521},
{"\xf0\x9f\x9f\xa0\xef\xb8\x8f",2521},
{"\xf0\x9f\x9f\xa1",2522},
{"\xf0\x9f\x9f\xa1\xef\xb8\x8f",2522},
{"\xf0\x9f\x9f\xa2",2523},
{"\xf0\x9f\x9f\xa2\xef\xb8\x8f",2523},
{"\xf0\x9f\x9f\xa3",2524},
{"\xf0\x9f\x9f\xa3\xef\xb8\x8f",2524},
{"\xf0\x9f\x9f\xa4",2525},
{"\xf0\x9f\x9f\xa4\xef\xb8\x8f",2525},
{"\xf0\x9f\x9f\xa5",2526},
{"\xf0\x9f\x9f\xa5\xef\xb8\x8f",2526},
{"\xf0\x9f\x9f\xa6",2527},
{"\xf0\x9f\x9f\xa6\xef\xb8\x8f",2527},
{"\xf0\x9f\x9f\xa7",2528},
{"\xf0\x9f\x9f\xa7\xef\xb8\x8f",2528},
{"\xf0\x9f\x9f\xa8",2529},
{"\xf0\x9f\x9f\xa8\xef\xb8\x8f",2529},
{"\xf0\x9f\x9f\xa9",2530},
{"\xf0\x9f\x9f\xa9\xef\xb8\x8f",2530},
{"\xf0\x9f\x9f\xaa",2531},
{"\xf0\x9f\x9f\xaa\xef\xb8\x8f",2531},
{"\xf0\x9f\x9f\xab",2532},
{"\xf0\x9f\x9f\xab\xef\xb8\x8f",2532},
{"\xf0\x9f\x9f\xb0",2533},
{"\xf0\x9f\x9f\xb0\xef\xb8\x8f",2533},
{"\xf0\x9f\xa4\x8c",2539},
{"\xf0\x9f\xa4\x8c\xef\xb8\x8f",2539},
{"\xf0\x9f\xa4\x8c\xf0\x9f\x8f\xbb",2534},
{"\xf0\x9f\xa4\x8c\xf0\x9f\x8f\xbb\xef\xb8\x8f",2534},
{"\xf0\x9f\xa4\x8c\xf0\x9f\x8f\xbc",2535},
{"\xf0\x9f\xa4\x8c\xf0\x9f\x8f\xbc\xef\xb8\x8f",2535},
{"\xf0\x9f\xa4\x8c\xf0\x9f\x8f\xbd",2536},
{"\xf0\x9f\xa4\x8c\xf0\x9f\x8f\xbd\xef\xb8\x8f",2536},
{"\xf0\x9f\xa4\x8c\xf0\x9f\x8f\xbe",2537},
{"\xf0\x9f\xa4\x8c\xf0\x9f\x8f\xbe\xef\xb8\x8f",2537},
{"\xf0\x9f\xa4\x8c\xf0\x9f\x8f\xbf",2538},
{"\xf0\x9f\xa4\x8c\xf0\x9f\x8f\xbf\xef\xb8\x8f",2538},
{"\xf0\x9f\xa4\x8d",2540},
{"\xf0\x9f\xa4\x8d\xef\xb8\x8f",2540},
{"\xf0\x9f\xa4\x8e",2541},
{"\xf0\x9f\xa4\x8e\xef\xb8\x8f",2541},
{"\xf0\x9f\xa4\x8f",2547},
{"\xf0\x9f\xa4\x8f\xef\xb8\x8f",2547},
{"\xf0\x9f\xa4\x8f\xf0\x9f\x8f\xbb",2542},
{"\xf0\x9f\xa4\x8f\xf0\x9f\x8f\xbb\xef\xb8\x8f",2542},
{"\xf0\x9f\xa4\x8f\xf0\x9f\x8f\xbc",2543},
{"\xf0\x9f\xa4\x8f\xf0\x9f\x8f\xbc\xef\xb8\x8f",2543},
{"\xf0\x9f\xa4\x8f\xf0\x9f\x8f\xbd",2544},
{"\xf0\x9f\xa4\x8f\xf0\x9f\x8f\xbd\xef\xb8\x8f",2544},
{"\xf0\x9f\xa4\x8f\xf0\x9f\x8f\xbe",2545},
{"\xf0\x9f\xa4\x8f\xf0\x9f\x8f\xbe\xef\xb8\x8f",2545},
{"\xf0\x9f\xa4\x8f\xf0\x9f\x8f\xbf",2546},
{"\xf0\x9f\xa4\x8f\xf0\x9f\x8f\xbf\xef\xb8\x8f",2546},
{"\xf0\x9f\xa4\x90",2548},
{"\xf0\x9f\xa4\x90\xef\xb8\x8f",2548},
{"\xf0\x9f\xa4\x91",2549},
{"\xf0\x9f\xa4\x91\xef\xb8\x8f",2549},
{"\xf0\x9f\xa4\x92",2550},
{"\xf0\x9f\xa4\x92\xef\xb8\x8f",2550},
{"\xf0\x9f\xa4\x93",2551},
{"\xf0\x9f\xa4\x93\xef\xb8\x8f",2551},
{"\xf0\x9f\xa4\x94",2552},
{"\xf0\x9f\xa4\x94\xef\xb8\x8f",2552},
{"\xf0\x9f\xa4\x95",2553},
{"\xf0\x9f\xa4\x95\xef\xb8\x8f",2553},
{"\xf0\x9f\xa4\x96",2554},
{"\xf0\x9f\xa4\x96\xef\xb8\x8f",2554},
{"\xf0\x9f\xa4\x97",2555},
{"\xf0\x9f\xa4\x97\xef\xb8\x8f",2555},
{"\xf0\x9f\xa4\x98",2561},
{"\xf0\x9f\xa4\x98\xef\xb8\x8f",2561},
{"\xf0\x9f\xa4\x98\xf0\x9f\x8f\xbb",2556},
{"\xf0\x9f\xa4\x98\xf0\x9f\x8f\xbb\xef\xb8\x8f",2556},
{"\xf0\x9f\xa4\x98\xf0\x9f\x8f\xbc",2557},
{"\xf0\x9f\xa4\x98\xf0\x9f\x8f\xbc\xef\xb8\x8f",2557},
{"\xf0\x9f\xa4\x98\xf0\x9f\x8f\xbd",2558},
{"\xf0\x9f\xa4\x98\xf0\x9f\x8f\xbd\xef\xb8\x8f",2558},
{"\xf0\x9f\xa4\x98\xf0\x9f\x8f\xbe",2559},
{"\xf0\x9f\xa4\x98\xf0\x9f\x8f\xbe\xef\xb8\x8f",2559},
{"\xf0\x9f\xa4\x98\xf0\x9f\x8f\xbf",2560},
{"\xf0\x9f\xa4\x98\xf0\x9f\x8f\xbf\xef\xb8\x8f",2560},
{"\xf0\x9f\xa4\x99",2567},
{"\xf0\x9f\xa4\x99\xef\xb8\x8f",2567},
{"\xf0\x9f\xa4\x99\xf0\x9f\x8f\xbb",2562},
{"\xf0\x9f\xa4\x99\xf0\x9f\x8f\xbb\xef\xb8\x8f",2562},
{"\xf0\x9f\xa4\x99\xf0\x9f\x8f\xbc",2563},
{"\xf0\x9f\xa4\x99\xf0\x9f\x8f\xbc\xef\xb8\x8f",2563},
{"\xf0\x9f\xa4\x99\xf0\x9f\x8f\xbd",2564},
{"\xf0\x9f\xa4\x99\xf0\x9f\x8f\xbd\xef\xb8\x8f",2564},
{"\xf0\x9f\xa4\x99\xf0\x9f\x8f\xbe",2565},
{"\xf0\x9f\xa4\x99\xf0\x9f\x8f\xbe\xef\xb8\x8f",2565},
{"\xf0\x9f\xa4\x99\xf0\x9f\x8f\xbf",2566},
{"\xf0\x9f\xa4\x99\xf0\x9f\x8f\xbf\xef\xb8\x8f",2566},
{"\xf0\x9f\xa4\x9a",2573},
{"\xf0\x9f\xa4\x9a\xef\xb8\x8f",2573},
{"\xf0\x9f\xa4\x9a\xf0\x9f\x8f\xbb",2568},
{"\xf0\x9f\xa4\x9a\xf0\x9f\x8f\xbb\xef\xb8\x8f",2568},
{"\xf0\x9f\xa4\x9a\xf0\x9f\x8f\xbc",2569},
{"\xf0\x9f\xa4\x9a\xf0\x9f\x8f\xbc\xef\xb8\x8f",2569},
{"\xf0\x9f\xa4\x9a\xf0\x9f\x8f\xbd",2570},
{"\xf0\x9f\xa4\x9a\xf0\x9f\x8f\xbd\xef\xb8\x8f",2570},
{"\xf0\x9f\xa4\x9a\xf0\x9f\x8f\xbe",2571},
{"\xf0\x9f\xa4\x9a\xf0\x9f\x8f\xbe\xef\xb8\x8f",2571},
{"\xf0\x9f\xa4\x9a\xf0\x9f\x8f\xbf",2572},
{"\xf0\x9f\xa4\x9a\xf0\x9f\x8f\xbf\xef\xb8\x8f",2572},
{"\xf0\x9f\xa4\x9b",2579},
{"\xf0\x9f\xa4\x9b\xef\xb8\x8f",2579},
{"\xf0\x9f\xa4\x9b\xf0\x9f\x8f\xbb",2574},
{"\xf0\x9f\xa4\x9b\xf0\x9f\x8f\xbb\xef\xb8\x8f",2574},
{"\xf0\x9f\xa4\x9b\xf0\x9f\x8f\xbc",2575},
{"\xf0\x9f\xa4\x9b\xf0\x9f\x8f\xbc\xef\xb8\x8f",2575},
{"\xf0\x9f\xa4\x9b\xf0\x9f\x8f\xbd",2576},
{"\xf0\x9f\xa4\x9b\xf0\x9f\x8f\xbd\xef\xb8\x8f",2576},
{"\xf0\x9f\xa4\x9b\xf0\x9f\x8f\xbe",2577},
{"\xf0\x9f\xa4\x9b\xf0\x9f\x8f\xbe\xef\xb8\x8f",2577},
{"\xf0\x9f\xa4\x9b\xf0\x9f\x8f\xbf",2578},
{"\xf0\x9f\xa4\x9b\xf0\x9f\x8f\xbf\xef\xb8\x8f",2578},
{"\xf0\x9f\xa4\x9c",2585},
{"\xf0\x9f\xa4\x9c\xef\xb8\x8f",2585},
{"\xf0\x9f\xa4\x9c\xf0\x9f\x8f\xbb",2580},
{"\xf0\x9f\xa4\x9c\xf0\x9f\x8f\xbb\xef\xb8\x8f",2580},
{"\xf0\x9f\xa4\x9c\xf0\x9f\x8f\xbc",2581},
{"\xf0\x9f\xa4\x9c\xf0\x9f\x8f\xbc\xef\xb8\x8f",2581},
{"\xf0\x9f\xa4\x9c\xf0\x9f\x8f\xbd",2582},
{"\xf0\x9f\xa4\x9c\xf0\x9f\x8f\xbd\xef\xb8\x8f",2582},
{"\xf0\x9f\xa4\x9c\xf0\x9f\x8f\xbe",2583},
{"\xf0\x9f\xa4\x9c\xf0\x9f\x8f\xbe\xef\xb8\x8f",2583},
{"\xf0\x9f\xa4\x9c\xf0\x9f\x8f\xbf",2584},
{"\xf0\x9f\xa4\x9c\xf0\x9f\x8f\xbf\xef\xb8\x8f",2584},
{"\xf0\x9f\xa4\x9d",2591},
{"\xf0\x9f\xa4\x9d\xef\xb8\x8f",2591},
{"\xf0\x9f\xa4\x9d\xf0\x9f\x8f\xbb",2586},
{"\xf0\x9f\xa4\x9d\xf0\x9f\x8f\xbb\xef\xb8\x8f",2586},
{"\xf0\x9f\xa4\x9d\xf0\x9f\x8f\xbc",2587},
{"\xf0\x9f\xa4\x9d\xf0\x9f\x8f\xbc\xef\xb8\x8f",2587},
{"\xf0\x9f\xa4\x9d\xf0\x9f\x8f\xbd",2588},
{"\xf0\x9f\xa4\x9d\xf0\x9f\x8f\xbd\xef\xb8\x8f",2588},
{"\xf0\x9f\xa4\x9d\xf0\x9f\x8f\xbe",2589},
{"\xf0\x9f\xa4\x9d\xf0\x9f\x8f\xbe\xef\xb8\x8f",2589},
{"\xf0\x9f\xa4\x9d\xf0\x9f\x8f\xbf",2590},
{"\xf0\x9f\xa4\x9d\xf0\x9f\x8f\xbf\xef\xb8\x8f",2590},
{"\xf0\x9f\xa4\x9e",2597},
{"\xf0\x9f\xa4\x9e\xef\xb8\x8f",2597},
{"\xf0\x9f\xa4\x9e\xf0\x9f\x8f\xbb",2592},
{"\xf0\x9f\xa4\x9e\xf0\x9f\x8f\xbb\xef\xb8\x8f",2592},
{"\xf0\x9f\xa4\x9e\xf0\x9f\x8f\xbc",2593},
{"\xf0\x9f\xa4\x9e\xf0\x9f\x8f\xbc\xef\xb8\x8f",2593},
{"\xf0\x9f\xa4\x9e\xf0\x9f\x8f\xbd",2594},
{"\xf0\x9f\xa4\x9e\xf0\x9f\x8f\xbd\xef\xb8\x8f",2594},
{"\xf0\x9f\xa4\x9e\xf0\x9f\x8f\xbe",2595},
{"\xf0\x9f\xa4\x9e\xf0\x9f\x8f\xbe\xef\xb8\x8f",2595},
{"\xf0\x9f\xa4\x9e\xf0\x9f\x8f\xbf",2596},
{"\xf0\x9f\xa4\x9e\xf0\x9f\x8f\xbf\xef\xb8\x8f",2596},
{"\xf0\x9f\xa4\x9f",2603},
{"\xf0\x9f\xa4\x9f\xef\xb8\x8f",2603},
{"\xf0\x9f\xa4\x9f\xf0\x9f\x8f\xbb",2598},
{"\xf0\x9f\xa4\x9f\xf0\x9f\x8f\xbb\xef\xb8\x8f",2598},
{"\xf0\x9f\xa4\x9f\xf0\x9f\x8f\xbc",2599},
{"\xf0\x9f\xa4\x9f\xf0\x9f\x8f\xbc\xef\xb8\x8f",2599},
{"\xf0\x9f\xa4\x9f\xf0\x9f\x8f\xbd",2600},
{"\xf0\x9f\xa4\x9f\xf0\x9f\x8f\xbd\xef\xb8\x8f",2600},
{"\xf0\x9f\xa4\x9f\xf0\x9f\x8f\xbe",2601},
{"\xf0\x9f\xa4\x9f\xf0\x9f\x8f\xbe\xef\xb8\x8f",2601},
{"\xf0\x9f\xa4\x9f\xf0\x9f\x8f\xbf",2602},
{"\xf0\x9f\xa4\x9f\xf0\x9f\x8f\xbf\xef\xb8\x8f",2602},
{"\xf0\x9f\xa4\xa0",2604},
{"\xf0\x9f\xa4\xa0\xef\xb8\x8f",2604},
{"\xf0\x9f\xa4\xa1",2605},
{"\xf0\x9f\xa4\xa1\xef\xb8\x8f",2605},
{"\xf0\x9f\xa4\xa2",2606},
{"\xf0\x9f\xa4\xa2\xef\xb8\x8f",2606},
{"\xf0\x9f\xa4\xa3",2607},
{"\xf0\x9f\xa4\xa3\xef\xb8\x8f",2607},
{"\xf0\x9f\xa4\xa4",2608},
{"\xf0\x9f\xa4\xa4\xef\xb8\x8f",2608},
{"\xf0\x9f\xa4\xa5",2609},
{"\xf0\x9f\xa4\xa5\xef\xb8\x8f",2609},
{"\xf0\x9f\xa4\xa6",2627},
{"\xf0\x9f\xa4\xa6\xe2\x80\x8d\xe2\x99\x80",2625},
{"\xf0\x9f\xa4\xa6\xe2\x80\x8d\xe2\x99\x80\xef\xb8\x8f",2625},
{"\xf0\x9f\xa4\xa6\xe2\x80\x8d\xe2\x99\x82",2626},
{"\xf0\x9f\xa4\xa6\xe2\x80\x8d\xe2\x99\x82\xef\xb8\x8f",2626},
{"\xf0\x9f\xa4\xa6\xef\xb8\x8f",2627},
{"\xf0\x9f\xa4\xa6\xf0\x9f\x8f\xbb",2612},
{"\xf0\x9f\xa4\xa6\xf0\x9f\x8f\xbb\xe2\x80\x8d\xe2\x99\x80",2610},
{"\xf0\x9f\xa4\xa6\xf0\x9f\x8f\xbb\xe2\x80\x8d\xe2\x99\x80\xef\xb8\x8f",2610},
{"\xf0\x9f\xa4\xa6\xf0\x9f\x8f\xbb\xe2\x80\x8d\xe2\x99\x82",2611},
{"\xf0\x9f\xa4\xa6\xf0\x9f\x8f\xbb\xe2\x80\x8d\xe2\x99\x82\xef\xb8\x8f",2611},
{"\xf0\x9f\xa4\xa6\xf0\x9f\x8f\xbb\xef\xb8\x8f",2612},
{"\xf0\x9f\xa4\xa6\xf0\x9f\x8f\xbc",2615},
{"\xf0\x9f\xa4\xa6\xf0\x9f\x8f\xbc\xe2\x80\x8d\xe2\x99\x80",2613},
{"\xf0\x9f\xa4\xa6\xf0\x9f\x8f\xbc\xe2\x80\x8d\xe2\x99\x80\xef\xb8\x8f",2613},
{"\xf0\x9f\xa4\xa6\xf0\x9f\x8f\xbc\xe2\x80\x8d\xe2\x99\x82",2614},
{"\xf0\x9f\xa4\xa6\xf0\x9f\x8f\xbc\xe2\x80\x8d\xe2\x99\x82\xef\xb8\x8f",2614},
{"\xf0\x9f\xa4\xa6\xf0\x9f\x8f\xbc\xef\xb8\x8f",2615},
{"\xf0\x9f\xa4\xa6\xf0\x9f\x8f\xbd",2618},
{"\xf0\x9f\xa4\xa6\xf0\x9f\x8f\xbd\xe2\x80\x8d\xe2\x99\x80",2616},
{"\xf0\x9f\xa4\xa6\xf0\x9f\x8f\xbd\xe2\x80\x8d\xe2\x99\x80\xef\xb8\x8f",2616},
{"\xf0\x9f\xa4\xa6\xf0\x9f\x8f\xbd\xe2\x80\x8d\xe2\x99\x82",2617},
{"\xf0\x9f\xa4\xa6\xf0\x9f\x8f\xbd\xe2\x80\x8d\xe2\x99\x82\xef\xb8\x8f",2617},
{"\xf0\x9f\xa4\xa6\xf0\x9f\x8f\xbd\xef\xb8\x8f",2618},
{"\xf0\x9f\xa4\xa6\xf0\x9f\x8f\xbe",2621},
{"\xf0\x9f\xa4\xa6\xf0\x9f\x8f\xbe\xe2\x80\x8d\xe2\x99\x80",2619},
{"\xf0\x9f\xa4\xa6\xf0\x9f\x8f\xbe\xe2\x80\x8d\xe2\x99\x80\xef\xb8\x8f",2619},
{"\xf0\x9f\xa4\xa6\xf0\x9f\x8f\xbe\xe2\x80\x8d\xe2\x99\x82",2620},
{"\xf0\x9f\xa4\xa6\xf0\x9f\x8f\xbe\xe2\x80\x8d\xe2\x99\x82\xef\xb8\x8f",2620},
{"\xf0\x9f\xa4\xa6\xf0\x9f\x8f\xbe\xef\xb8\x8f",2621},
{"\xf0\x9f\xa4\xa6\xf0\x9f\x8f\xbf",2624},
{"\xf0\x9f\xa4\xa6\xf0\x9f\x8f\xbf\xe2\x80\x8d\xe2\x99\x80",2622},
{"\xf0\x9f\xa4\xa6\xf0\x9f\x8f\xbf\xe2\x80\x8d\xe2\x99\x80\xef\xb8\x8f",2622},
{"\xf0\x9f\xa4\xa6\xf0\x9f\x8f\xbf\xe2\x80\x8d\xe2\x99\x82",2623},
{"\xf0\x9f\xa4\xa6\xf0\x9f\x8f\xbf\xe2\x80\x8d\xe2\x99\x82\xef\xb8\x8f",2623},
{"\xf0\x9f\xa4\xa6\xf0\x9f\x8f\xbf\xef\xb8\x8f",2624},
{"\xf0\x9f\xa4\xa7",2628},
{"\xf0\x9f\xa4\xa7\xef\xb8\x8f",2628},
{"\xf0\x9f\xa4\xa8",2629},
{"\xf0\x9f\xa4\xa8\xef\xb8\x8f",2629},
{"\xf0\x9f\xa4\xa9",2630},
{"\xf0\x9f\xa4\xa9\xef\xb8\x8f",2630},
{"\xf0\x9f\xa4\xaa",2631},
{"\xf0\x9f\xa4\xaa\xef\xb8\x8f",2631},
{"\xf0\x9f\xa4\xab",2632},
{"\xf0\x9f\xa4\xab\xef\xb8\x8f",2632},
{"\xf0\x9f\xa4\xac",2633},
{"\xf0\x9f\xa4\xac\xef\xb8\x8f",2633},
{"\xf0\x9f\xa4\xad",2634},
{"\xf0\x9f\xa4\xad\xef\xb8\x8f",2634},
{"\xf0\x9f\xa4\xae",2635},
{"\xf0\x9f\xa4\xae\xef\xb8\x8f",2635},
{"\xf0\x9f\xa4\xaf",2636},
{"\xf0\x9f\xa4\xaf\xef\xb8\x8f",2636},
{"\xf0\x9f\xa4\xb0",2642},
{"\xf0\x9f\xa4\xb0\xef\xb8\x8f",2642},
{"\xf0\x9f\xa4\xb0\xf0\x9f\x8f\xbb",2637},
{"\xf0\x9f\xa4\xb0\xf0\x9f\x8f\xbb\xef\xb8\x8f",2637},
{"\xf0\x9f\xa4\xb0\xf0\x9f\x8f\xbc",2638},
{"\xf0\x9f\xa4\xb0\xf0\x9f\x8f\xbc\xef\xb8\x8f",2638},
{"\xf0\x9f\xa4\xb0\xf0\x9f\x8f\xbd",2639},
{"\xf0\x9f\xa4\xb0\xf0\x9f\x8f\xbd\xef\xb8\x8f",2639},
{"\xf0\x9f\xa4\xb0\xf0\x9f\x8f\xbe",2640},
{"\xf0\x9f\xa4\xb0\xf0\x9f\x8f\xbe\xef\xb8\x8f",2640},
{"\xf0\x9f\xa4\xb0\xf0\x9f\x8f\xbf",2641},
{"\xf0\x9f\xa4\xb0\xf0\x9f\x8f\xbf\xef\xb8\x8f",2641},
{"\xf0\x9f\xa4\xb1",2648},
{"\xf0\x9f\xa4\xb1\xef\xb8\x8f",2648},
{"\xf0\x9f\xa4\xb1\xf0\x9f\x8f\xbb",2643},
{"\xf0\x9f\xa4\xb1\xf0\x9f\x8f\xbb\xef\xb8\x8f",2643},
{"\xf0\x9f\xa4\xb1\xf0\x9f\x8f\xbc",2644},
{"\xf0\x9f\xa4\xb1\xf0\x9f\x8f\xbc\xef\xb8\x8f",2644},
{"\xf0\x9f\xa4\xb1\xf0\x9f\x8f\xbd",2645},
{"\xf0\x9f\xa4\xb1\xf0\x9f\x8f\xbd\xef\xb8\x8f",2645},
{"\xf0\x9f\xa4\xb1\xf0\x9f\x8f\xbe",2646},
{"\xf0\x9f\xa4\xb1\xf0\x9f\x8f\xbe\xef\xb8\x8f",2646},
{"\xf0\x9f\xa4\xb1\xf0\x9f\x8f\xbf",2647},
{"\xf0\x9f\xa4\xb1\xf0\x9f\x8f\xbf\xef\xb8\x8f",2647},
{"\xf0\x9f\xa4\xb2",2654},
{"\xf0\x9f\xa4\xb2\xef\xb8\x8f",2654},
{"\xf0\x9f\xa4\xb2\xf0\x9f\x8f\xbb",2649},
{"\xf0\x9f\xa4\xb2\xf0\x9f\x8f\xbb\xef\xb8\x8f",2649},
{"\xf0\x9f\xa4\xb2\xf0\x9f\x8f\xbc",2650},
{"\xf0\x9f\xa4\xb2\xf0\x9f\x8f\xbc\xef\xb8\x8f",2650},
{"\xf0\x9f\xa4\xb2\xf0\x9f\x8f\xbd",2651},
{"\xf0\x9f\xa4\xb2\xf0\x9f\x8f\xbd\xef\xb8\x8f",2651},
{"\xf0\x9f\xa4\xb2\xf0\x9f\x8f\xbe",2652},
{"\xf0\x9f\xa4\xb2\xf0\x9f\x8f\xbe\xef\xb8\x8f",2652},
{"\xf0\x9f\xa4\xb2\xf0\x9f\x8f\xbf",2653},
{"\xf0\x9f\xa4\xb2\xf0\x9f\x8f\xbf\xef\xb8\x8f",2653},
{"\xf0\x9f\xa4\xb3",2660},
{"\xf0\x9f\xa4\xb3\xef\xb8\x8f",2660},
{"\xf0\x9f\xa4\xb3\xf0\x9f\x8f\xbb",2655},
{"\xf0\x9f\xa4\xb3\xf0\x9f\x8f\xbb\xef\xb8\x8f",2655},
{"\xf0\x9f\xa4\xb3\xf0\x9f\x8f\xbc",2656},
{"\xf0\x9f\xa4\xb3\xf0\x9f\x8f\xbc\xef\xb8\x8f",2656},
{"\xf0\x9f\xa4\xb3\xf0\x9f\x8f\xbd",2657},
{"\xf0\x9f\xa4\xb3\xf0\x9f\x8f\xbd\xef\xb8\x8f",2657},
{"\xf0\x9f\xa4\xb3\xf0\x9f\x8f\xbe",2658},
{"\xf0\x9f\xa4\xb3\xf0\x9f\x8f\xbe\xef\xb8\x8f",2658},
{"\xf0\x9f\xa4\xb3\xf0\x9f\x8f\xbf",2659},
{"\xf0\x9f\xa4\xb3\xf0\x9f\x8f\xbf\xef\xb8\x8f",2659},
{"\xf0\x9f\xa4\xb4",2666},
{"\xf0\x9f\xa4\xb4\xef\xb8\x8f",2666},
{"\xf0\x9f\xa4\xb4\xf0\x9f\x8f\xbb",2661},
{"\xf0\x9f\xa4\xb4\xf0\x9f\x8f\xbb\xef\xb8\x8f",2661},
{"\xf0\x9f\xa4\xb4\xf0\x9f\x8f\xbc",2662},
{"\xf0\x9f\xa4\xb4\xf0\x9f\x8f\xbc\xef\xb8\x8f",2662},
{"\xf0\x9f\xa4\xb4\xf0\x9f\x8f\xbd",2663},
{"\xf0\x9f\xa4\xb4\xf0\x9f\x8f\xbd\xef\xb8\x8f",2663},
{"\xf0\x9f\xa4\xb4\xf0\x9f\x8f\xbe",2664},
{"\xf0\x9f\xa4\xb4\xf0\x9f\x8f\xbe\xef\xb8\x8f",2664},
{"\xf0\x9f\xa4\xb4\xf0\x9f\x8f\xbf",2665},
{"\xf0\x9f\xa4\xb4\xf0\x9f\x8f\xbf\xef\xb8\x8f",2665},
{"\xf0\x9f\xa4\xb5",2684},
{"\xf0\x9f\xa4\xb5\xe2\x80\x8d\xe2\x99\x80",2682},
{"\xf0\x9f\xa4\xb5\xe2\x80\x8d\xe2\x99\x80\xef\xb8\x8f",2682},
{"\xf0\x9f\xa4\xb5\xe2\x80\x8d\xe2\x99\x82",2683},
{"\xf0\x9f\xa4\xb5\xe2\x80\x8d\xe2\x99\x82\xef\xb8\x8f",2683},
{"\xf0\x9f\xa4\xb5\xef\xb8\x8f",2684},
{"\xf0\x9f\xa4\xb5\xf0\x9f\x8f\xbb",2669},
{"\xf0\x9f\xa4\xb5\xf0\x9f\x8f\xbb\xe2\x80\x8d\xe2\x99\x80",2667},
{"\xf0\x9f\xa4\xb5\xf0\x9f\x8f\xbb\xe2\x80\x8d\xe2\x99\x80\xef\xb8\x8f",2667},
{"\xf0\x9f\xa4\xb5\xf0\x9f\x8f\xbb\xe2\x80\x8d\xe2\x99\x82",2668},
{"\xf0\x9f\xa4\xb5\xf0\x9f\x8f\xbb\xe2\x80\x8d\xe2\x99\x82\xef\xb8\x8f",2668},
{"\xf0\x9f\xa4\xb5\xf0\x9f\x8f\xbb\xef\xb8\x8f",2669},
{"\xf0\x9f\xa4\xb5\xf0\x9f\x8f\xbc",2672},
{"\xf0\x9f\xa4\xb5\xf0\x9f\x8f\xbc\xe2\x80\x8d\xe2\x99\x80",2670},
{"\xf0\x9f\xa4\xb5\xf0\x9f\x8f\xbc\xe2\x80\x8d\xe2\x99\x80\xef\xb8\x8f",2670},
{"\xf0\x9f\xa4\xb5\xf0\x9f\x8f\xbc\xe2\x80\x8d\xe2\x99\x82",2671},
{"\xf0\x9f\xa4\xb5\xf0\x9f\x8f\xbc\xe2\x80\x8d\xe2\x99\x82\xef\xb8\x8f",2671},
{"\xf0\x9f\xa4\xb5\xf0\x9f\x8f\xbc\xef\xb8\x8f",2672},
{"\xf0\x9f\xa4\xb5\xf0\x9f\x8f\xbd",2675},
{"\xf0\x9f\xa4\xb5\xf0\x9f\x8f\xbd\xe2\x80\x8d\xe2\x99\x80",2673},
{"\xf0\x9f\xa4\xb5\xf0\x9f\x8f\xbd\xe2\x80\x8d\xe2\x99\x80\xef\xb8\x8f",2673},
{"\xf0\x9f\xa4\xb5\xf0\x9f\x8f\xbd\xe2\x80\x8d\xe2\x99\x82",2674},
{"\xf0\x9f\xa4\xb5\xf0\x9f\x8f\xbd\xe2\x80\x8d\xe2\x99\x82\xef\xb8\x8f",2674},
{"\xf0\x9f\xa4\xb5\xf0\x9f\x8f\xbd\xef\xb8\x8f",2675},
{"\xf0\x9f\xa4\xb5\xf0\x9f\x8f\xbe",2678},
{"\xf0\x9f\xa4\xb5\xf0\x9f\x8f\xbe\xe2\x80\x8d\xe2\x99\x80",2676},
{"\xf0\x9f\xa4\xb5\xf0\x9f\x8f\xbe\xe2\x80\x8d\xe2\x99\x80\xef\xb8\x8f",2676},
{"\xf0\x9f\xa4\xb5\xf0\x9f\x8f\xbe\xe2\x80\x8d\xe2\x99\x82",2677},
{"\xf0\x9f\xa4\xb5\xf0\x9f\x8f\xbe\xe2\x80\x8d\xe2\x99\x82\xef\xb8\x8f",2677},
{"\xf0\x9f\xa4\xb5\xf0\x9f\x8f\xbe\xef\xb8\x8f",2678},
{"\xf0\x9f\xa4\xb5\xf0\x9f\x8f\xbf",2681},
{"\xf0\x9f\xa4\xb5\xf0\x9f\x8f\xbf\xe2\x80\x8d\xe2\x99\x80",2679},
{"\xf0\x9f\xa4\xb5\xf0\x9f\x8f\xbf\xe2\x80\x8d\xe2\x99\x80\xef\xb8\x8f",2679},
{"\xf0\x9f\xa4\xb5\xf0\x9f\x8f\xbf\xe2\x80\x8d\xe2\x99\x82",2680},
{"\xf0\x9f\xa4\xb5\xf0\x9f\x8f\xbf\xe2\x80\x8d\xe2\x99\x82\xef\xb8\x8f",2680},
{"\xf0\x9f\xa4\xb5\xf0\x9f\x8f\xbf\xef\xb8\x8f",2681},
{"\xf0\x9f\xa4\xb6",2690},
{"\xf0\x9f\xa4\xb6\xef\xb8\x8f",2690},
{"\xf0\x9f\xa4\xb6\xf0\x9f\x8f\xbb",2685},
{"\xf0\x9f\xa4\xb6\xf0\x9f\x8f\xbb\xef\xb8\x8f",2685},
{"\xf0\x9f\xa4\xb6\xf0\x9f\x8f\xbc",2686},
{"\xf0\x9f\xa4\xb6\xf0\x9f\x8f\xbc\xef\xb8\x8f",2686},
{"\xf0\x9f\xa4\xb6\xf0\x9f\x8f\xbd",2687},
{"\xf0\x9f\xa4\xb6\xf0\x9f\x8f\xbd\xef\xb8\x8f",2687},
{"\xf0\x9f\xa4\xb6\xf0\x9f\x8f\xbe",2688},
{"\xf0\x9f\xa4\xb6\xf0\x9f\x8f\xbe\xef\xb8\x8f",2688},
{"\xf0\x9f\xa4\xb6\xf0\x9f\x8f\xbf",2689},
{"\xf0\x9f\xa4\xb6\xf0\x9f\x8f\xbf\xef\xb8\x8f",2689},
{"\xf0\x9f\xa4\xb7",2708},
{"\xf0\x9f\xa4\xb7\xe2\x80\x8d\xe2\x99\x80",2706},
{"\xf0\x9f\xa4\xb7\xe2\x80\x8d\xe2\x99\x80\xef\xb8\x8f",2706},
{"\xf0\x9f\xa4\xb7\xe2\x80\x8d\xe2\x99\x82",2707},
{"\xf0\x9f\xa4\xb7\xe2\x80\x8d\xe2\x99\x82\xef\xb8\x8f",2707},
{"\xf0\x9f\xa4\xb7\xef\xb8\x8f",2708},
{"\xf0\x9f\xa4\xb7\xf0\x9f\x8f\xbb",2693},
{"\xf0\x9f\xa4\xb7\xf0\x9f\x8f\xbb\xe2\x80\x8d\xe2\x99\x80",2691},
{"\xf0\x9f\xa4\xb7\xf0\x9f\x8f\xbb\xe2\x80\x8d\xe2\x99\x80\xef\xb8\x8f",2691},
{"\xf0\x9f\xa4\xb7\xf0\x9f\x8f\xbb\xe2\x80\x8d\xe2\x99\x82",2692},
{"\xf0\x9f\xa4\xb7\xf0\x9f\x8f\xbb\xe2\x80\x8d\xe2\x99\x82\xef\xb8\x8f",2692},
{"\xf0\x9f\xa4\xb7\xf0\x9f\x8f\xbb\xef\xb8\x8f",2693},
{"\xf0\x9f\xa4\xb7\xf0\x9f\x8f\xbc",2696},
{"\xf0\x9f\xa4\xb7\xf0\x9f\x8f\xbc\xe2\x80\x8d\xe2\x99\x80",2694},
{"\xf0\x9f\xa4\xb7\xf0\x9f\x8f\xbc\xe2\x80\x8d\xe2\x99\x80\xef\xb8\x8f",2694},
{"\xf0\x9f\xa4\xb7\xf0\x9f\x8f\xbc\xe2\x80\x8d\xe2\x99\x82",2695},
{"\xf0\x9f\xa4\xb7\xf0\x9f\x8f\xbc\xe2\x80\x8d\xe2\x99\x82\xef\xb8\x8f",2695},
{"\xf0\x9f\xa4\xb7\xf0\x9f\x8f\xbc\xef\xb8\x8f",2696},
{"\xf0\x9f\xa4\xb7\xf0\x9f\x8f\xbd",2699},
{"\xf0\x9f\xa4\xb7\xf0\x9f\x8f\xbd\xe2\x80\x8d\xe2\x99\x80",2697},
{"\xf0\x9f\xa4\xb7\xf0\x9f\x8f\xbd\xe2\x80\x8d\xe2\x99\x80\xef\xb8\x8f",2697},
{"\xf0\x9f\xa4\xb7\xf0\x9f\x8f\xbd\xe2\x80\x8d\xe2\x99\x82",2698},
{"\xf0\x9f\xa4\xb7\xf0\x9f\x8f\xbd\xe2\x80\x8d\xe2\x99\x82\xef\xb8\x8f",2698},
{"\xf0\x9f\xa4\xb7\xf0\x9f\x8f\xbd\xef\xb8\x8f",2699},
{"\xf0\x9f\xa4\xb7\xf0\x9f\x8f\xbe",2702},
{"\xf0\x9f\xa4\xb7\xf0\x9f\x8f\xbe\xe2\x80\x8d\xe2\x99\x80",2700},
{"\xf0\x9f\xa4\xb7\xf0\x9f\x8f\xbe\xe2\x80\x8d\xe2\x99\x80\xef\xb8\x8f",2700},
{"\xf0\x9f\xa4\xb7\xf0\x9f\x8f\xbe\xe2\x80\x8d\xe2\x99\x82",2701},
{"\xf0\x9f\xa4\xb7\xf0\x9f\x8f\xbe\xe2\x80\x8d\xe2\x99\x82\xef\xb8\x8f",2701},
{"\xf0\x9f\xa4\xb7\xf0\x9f\x8f\xbe\xef\xb8\x8f",2702},
{"\xf0\x9f\xa4\xb7\xf0\x9f\x8f\xbf",2705},
{"\xf0\x9f\xa4\xb7\xf0\x9f\x8f\xbf\xe2\x80\x8d\xe2\x99\x80",2703},
{"\xf0\x9f\xa4\xb7\xf0\x9f\x8f\xbf\xe2\x80\x8d\xe2\x99\x80\xef\xb8\x8f",2703},
{"\xf0\x9f\xa4\xb7\xf0\x9f\x8f\xbf\xe2\x80\x8d\xe2\x99\x82",2704},
{"\xf0\x9f\xa4\xb7\xf0\x9f\x8f\xbf\xe2\x80\x8d\xe2\x99\x82\xef\xb8\x8f",2704},
{"\xf0\x9f\xa4\xb7\xf0\x9f\x8f\xbf\xef\xb8\x8f",2705},
{"\xf0\x9f\xa4\xb8",2726},
{"\xf0\x9f\xa4\xb8\xe2\x80\x8d\xe2\x99\x80",2724},
{"\xf0\x9f\xa4\xb8\xe2\x80\x8d\xe2\x99\x80\xef\xb8\x8f",2724},
{"\xf0\x9f\xa4\xb8\xe2\x80\x8d\xe2\x99\x82",2725},
{"\xf0\x9f\xa4\xb8\xe2\x80\x8d\xe2\x99\x82\xef\xb8\x8f",2725},
{"\xf0\x9f\xa4\xb8\xef\xb8\x8f",2726},
{"\xf0\x9f\xa4\xb8\xf0\x9f\x8f\xbb",2711},
{"\xf0\x9f\xa4\xb8\xf0\x9f\x8f\xbb\xe2\x80\x8d\xe2\x99\x80",2709},
{"\xf0\x9f\xa4\xb8\xf0\x9f\x8f\xbb\xe2\x80\x8d\xe2\x99\x80\xef\xb8\x8f",2709},
{"\xf0\x9f\xa4\xb8\xf0\x9f\x8f\xbb\xe2\x80\x8d\xe2\x99\x82",2710},
{"\xf0\x9f\xa4\xb8\xf0\x9f\x8f\xbb\xe2\x80\x8d\xe2\x99\x82\xef\xb8\x8f",2710},
{"\xf0\x9f\xa4\xb8\xf0\x9f\x8f\xbb\xef\xb8\x8f",2711},
{"\xf0\x9f\xa4\xb8\xf0\x9f\x8f\xbc",2714},
{"\xf0\x9f\xa4\xb8\xf0\x9f\x8f\xbc\xe2\x80\x8d\xe2\x99\x80",2712},
{"\xf0\x9f\xa4\xb8\xf0\x9f\x8f\xbc\xe2\x80\x8d\xe2\x99\x80\xef\xb8\x8f",2712},
{"\xf0\x9f\xa4\xb8\xf0\x9f\x8f\xbc\xe2\x80\x8d\xe2\x99\x82",2713},
{"\xf0\x9f\xa4\xb8\xf0\x9f\x8f\xbc\xe2\x80\x8d\xe2\x99\x82\xef\xb8\x8f",2713},
{"\xf0\x9f\xa4\xb8\xf0\x9f\x8f\xbc\xef\xb8\x8f",2714},
{"\xf0\x9f\xa4\xb8\xf0\x9f\x8f\xbd",2717},
{"\xf0\x9f\xa4\xb8\xf0\x9f\x8f\xbd\xe2\x80\x8d\xe2\x99\x80",2715},
{"\xf0\x9f\xa4\xb8\xf0\x9f\x8f\xbd\xe2\x80\x8d\xe2\x99\x80\xef\xb8\x8f",2715},
{"\xf0\x9f\xa4\xb8\xf0\x9f\x8f\xbd\xe2\x80\x8d\xe2\x99\x82",2716},
{"\xf0\x9f\xa4\xb8\xf0\x9f\x8f\xbd\xe2\x80\x8d\xe2\x99\x82\xef\xb8\x8f",2716},
{"\xf0\x9f\xa4\xb8\xf0\x9f\x8f\xbd\xef\xb8\x8f",2717},
{"\xf0\x9f\xa4\xb8\xf0\x9f\x8f\xbe",2720},
{"\xf0\x9f\xa4\xb8\xf0\x9f\x8f\xbe\xe2\x80\x8d\xe2\x99\x80",2718},
{"\xf0\x9f\xa4\xb8\xf0\x9f\x8f\xbe\xe2\x80\x8d\xe2\x99\x80\xef\xb8\x8f",2718},
{"\xf0\x9f\xa4\xb8\xf0\x9f\x8f\xbe\xe2\x80\x8d\xe2\x99\x82",2719},
{"\xf0\x9f\xa4\xb8\xf0\x9f\x8f\xbe\xe2\x80\x8d\xe2\x99\x82\xef\xb8\x8f",2719},
{"\xf0\x9f\xa4\xb8\xf0\x9f\x8f\xbe\xef\xb8\x8f",2720},
{"\xf0\x9f\xa4\xb8\xf0\x9f\x8f\xbf",2723},
{"\xf0\x9f\xa4\xb8\xf0\x9f\x8f\xbf\xe2\x80\x8d\xe2\x99\x80",2721},
{"\xf0\x9f\xa4\xb8\xf0\x9f\x8f\xbf\xe2\x80\x8d\xe2\x99\x80\xef\xb8\x8f",2721},
{"\xf0\x9f\xa4\xb8\xf0\x9f\x8f\xbf\xe2\x80\x8d\xe2\x99\x82",2722},
{"\xf0\x9f\xa4\xb8\xf0\x9f\x8f\xbf\xe2\x80\x8d\xe2\x99\x82\xef\xb8\x8f",2722},
{"\xf0\x9f\xa4\xb8\xf0\x9f\x8f\xbf\xef\xb8\x8f",2723},
{"\xf0\x9f\xa4\xb9",2744},
{"\xf0\x9f\xa4\xb9\xe2\x80\x8d\xe2\x99\x80",2742},
{"\xf0\x9f\xa4\xb9\xe2\x80\x8d\xe2\x99\x80\xef\xb8\x8f",2742},
{"\xf0\x9f\xa4\xb9\xe2\x80\x8d\xe2\x99\x82",2743},
{"\xf0\x9f\xa4\xb9\xe2\x80\x8d\xe2\x99\x82\xef\xb8\x8f",2743},
{"\xf0\x9f\xa4\xb9\xef\xb8\x8f",2744},
{"\xf0\x9f\xa4\xb9\xf0\x9f\x8f\xbb",2729},
{"\xf0\x9f\xa4\xb9\xf0\x9f\x8f\xbb\xe2\x80\x8d\xe2\x99\x80",2727},
{"\xf0\x9f\xa4\xb9\xf0\x9f\x8f\xbb\xe2\x80\x8d\xe2\x99\x80\xef\xb8\x8f",2727},
{"\xf0\x9f\xa4\xb9\xf0\x9f\x8f\xbb\xe2\x80\x8d\xe2\x99\x82",2728},
{"\xf0\x9f\xa4\xb9\xf0\x9f\x8f\xbb\xe2\x80\x8d\xe2\x99\x82\xef\xb8\x8f",2728},
{"\xf0\x9f\xa4\xb9\xf0\x9f\x8f\xbb\xef\xb8\x8f",2729},
{"\xf0\x9f\xa4\xb9\xf0\x9f\x8f\xbc",2732},
{"\xf0\x9f\xa4\xb9\xf0\x9f\x8f\xbc\xe2\x80\x8d\xe2\x99\x80",2730},
{"\xf0\x9f\xa4\xb9\xf0\x9f\x8f\xbc\xe2\x80\x8d\xe2\x99\x80\xef\xb8\x8f",2730},
{"\xf0\x9f\xa4\xb9\xf0\x9f\x8f\xbc\xe2\x80\x8d\xe2\x99\x82",2731},
{"\xf0\x9f\xa4\xb9\xf0\x9f\x8f\xbc\xe2\x80\x8d\xe2\x99\x82\xef\xb8\x8f",2731},
{"\xf0\x9f\xa4\xb9\xf0\x9f\x8f\xbc\xef\xb8\x8f",2732},
{"\xf0\x9f\xa4\xb9\xf0\x9f\x8f\xbd",2735},
{"\xf0\x9f\xa4\xb9\xf0\x9f\x8f\xbd\xe2\x80\x8d\xe2\x99\x80",2733},
{"\xf0\x9f\xa4\xb9\xf0\x9f\x8f\xbd\xe2\x80\x8d\xe2\x99\x80\xef\xb8\x8f",2733},
{"\xf0\x9f\xa4\xb9\xf0\x9f\x8f\xbd\xe2\x80\x8d\xe2\x99\x82",2734},
{"\xf0\x9f\xa4\xb9\xf0\x9f\x8f\xbd\xe2\x80\x8d\xe2\x99\x82\xef\xb8\x8f",2734},
{"\xf0\x9f\xa4\xb9\xf0\x9f\x8f\xbd\xef\xb8\x8f",2735},
{"\xf0\x9f\xa4\xb9\xf0\x9f\x8f\xbe",2738},
{"\xf0\x9f\xa4\xb9\xf0\x9f\x8f\xbe\xe2\x80\x8d\xe2\x99\x80",2736},
{"\xf0\x9f\xa4\xb9\xf0\x9f\x8f\xbe\xe2\x80\x8d\xe2\x99\x80\xef\xb8\x8f",2736},
{"\xf0\x9f\xa4\xb9\xf0\x9f\x8f\xbe\xe2\x80\x8d\xe2\x99\x82",2737},
{"\xf0\x9f\xa4\xb9\xf0\x9f\x8f\xbe\xe2\x80\x8d\xe2\x99\x82\xef\xb8\x8f",2737},
{"\xf0\x9f\xa4\xb9\xf0\x9f\x8f\xbe\xef\xb8\x8f",2738},
{"\xf0\x9f\xa4\xb9\xf0\x9f\x8f\xbf",2741},
{"\xf0\x9f\xa4\xb9\xf0\x9f\x8f\xbf\xe2\x80\x8d\xe2\x99\x80",2739},
{"\xf0\x9f\xa4\xb9\xf0\x9f\x8f\xbf\xe2\x80\x8d\xe2\x99\x80\xef\xb8\x8f",2739},
{"\xf0\x9f\xa4\xb9\xf0\x9f\x8f\xbf\xe2\x80\x8d\xe2\x99\x82",2740},
{"\xf0\x9f\xa4\xb9\xf0\x9f\x8f\xbf\xe2\x80\x8d\xe2\x99\x82\xef\xb8\x8f",2740},
{"\xf0\x9f\xa4\xb9\xf0\x9f\x8f\xbf\xef\xb8\x8f",2741},
{"\xf0\x9f\xa4\xba",2745},
{"\xf0\x9f\xa4\xba\xef\xb8\x8f",2745},
{"\xf0\x9f\xa4\xbc",2763},
{"\xf0\x9f\xa4\xbc\xe2\x80\x8d\xe2\x99\x80",2761},
{"\xf0\x9f\xa4\xbc\xe2\x80\x8d\xe2\x99\x80\xef\xb8\x8f",2761},
{"\xf0\x9f\xa4\xbc\xe2\x80\x8d\xe2\x99\x82",2762},
{"\xf0\x9f\xa4\xbc\xe2\x80\x8d\xe2\x99\x82\xef\xb8\x8f",2762},
{"\xf0\x9f\xa4\xbc\xef\xb8\x8f",2763},
{"\xf0\x9f\xa4\xbc\xf0\x9f\x8f\xbb",2748},
{"\xf0\x9f\xa4\xbc\xf0\x9f\x8f\xbb\xe2\x80\x8d\xe2\x99\x80",2746},
{"\xf0\x9f\xa4\xbc\xf0\x9f\x8f\xbb\xe2\x80\x8d\xe2\x99\x80\xef\xb8\x8f",2746},
{"\xf0\x9f\xa4\xbc\xf0\x9f\x8f\xbb\xe2\x80\x8d\xe2\x99\x82",2747},
{"\xf0\x9f\xa4\xbc\xf0\x9f\x8f\xbb\xe2\x80\x8d\xe2\x99\x82\xef\xb8\x8f",2747},
{"\xf0\x9f\xa4\xbc\xf0\x9f\x8f\xbb\xef\xb8\x8f",2748},
{"\xf0\x9f\xa4\xbc\xf0\x9f\x8f\xbc",2751},
{"\xf0\x9f\xa4\xbc\xf0\x9f\x8f\xbc\xe2\x80\x8d\xe2\x99\x80",2749},
{"\xf0\x9f\xa4\xbc\xf0\x9f\x8f\xbc\xe2\x80\x8d\xe2\x99\x80\xef\xb8\x8f",2749},
{"\xf0\x9f\xa4\xbc\xf0\x9f\x8f\xbc\xe2\x80\x8d\xe2\x99\x82",2750},
{"\xf0\x9f\xa4\xbc\xf0\x9f\x8f\xbc\xe2\x80\x8d\xe2\x99\x82\xef\xb8\x8f",2750},
{"\xf0\x9f\xa4\xbc\xf0\x9f\x8f\xbc\xef\xb8\x8f",2751},
{"\xf0\x9f\xa4\xbc\xf0\x9f\x8f\xbd",2754},
{"\xf0\x9f\xa4\xbc\xf0\x9f\x8f\xbd\xe2\x80\x8d\xe2\x99\x80",2752},
{"\xf0\x9f\xa4\xbc\xf0\x9f\x8f\xbd\xe2\x80\x8d\xe2\x99\x80\xef\xb8\x8f",2752},
{"\xf0\x9f\xa4\xbc\xf0\x9f\x8f\xbd\xe2\x80\x8d\xe2\x99\x82",2753},
{"\xf0\x9f\xa4\xbc\xf0\x9f\x8f\xbd\xe2\x80\x8d\xe2\x99\x82\xef\xb8\x8f",2753},
{"\xf0\x9f\xa4\xbc\xf0\x9f\x8f\xbd\xef\xb8\x8f",2754},
{"\xf0\x9f\xa4\xbc\xf0\x9f\x8f\xbe",2757},
{"\xf0\x9f\xa4\xbc\xf0\x9f\x8f\xbe\xe2\x80\x8d\xe2\x99\x80",2755},
{"\xf0\x9f\xa4\xbc\xf0\x9f\x8f\xbe\xe2\x80\x8d\xe2\x99\x80\xef\xb8\x8f",2755},
{"\xf0\x9f\xa4\xbc\xf0\x9f\x8f\xbe\xe2\x80\x8d\xe2\x99\x82",2756},
{"\xf0\x9f\xa4\xbc\xf0\x9f\x8f\xbe\xe2\x80\x8d\xe2\x99\x82\xef\xb8\x8f",2756},
{"\xf0\x9f\xa4\xbc\xf0\x9f\x8f\xbe\xef\xb8\x8f",2757},
{"\xf0\x9f\xa4\xbc\xf0\x9f\x8f\xbf",2760},
{"\xf0\x9f\xa4\xbc\xf0\x9f\x8f\xbf\xe2\x80\x8d\xe2\x99\x80",2758},
{"\xf0\x9f\xa4\xbc\xf0\x9f\x8f\xbf\xe2\x80\x8d\xe2\x99\x80\xef\xb8\x8f",2758},
{"\xf0\x9f\xa4\xbc\xf0\x9f\x8f\xbf\xe2\x80\x8d\xe2\x99\x82",2759},
{"\xf0\x9f\xa4\xbc\xf0\x9f\x8f\xbf\xe2\x80\x8d\xe2\x99\x82\xef\xb8\x8f",2759},
{"\xf0\x9f\xa4\xbc\xf0\x9f\x8f\xbf\xef\xb8\x8f",2760},
{"\xf0\x9f\xa4\xbd",2781},
{"\xf0\x9f\xa4\xbd\xe2\x80\x8d\xe2\x99\x80",2779},
{"\xf0\x9f\xa4\xbd\xe2\x80\x8d\xe2\x99\x80\xef\xb8\x8f",2779},
{"\xf0\x9f\xa4\xbd\xe2\x80\x8d\xe2\x99\x82",2780},
{"\xf0\x9f\xa4\xbd\xe2\x80\x8d\xe2\x99\x82\xef\xb8\x8f",2780},
{"\xf0\x9f\xa4\xbd\xef\xb8\x8f",2781},
{"\xf0\x9f\xa4\xbd\xf0\x9f\x8f\xbb",2766},
{"\xf0\x9f\xa4\xbd\xf0\x9f\x8f\xbb\xe2\x80\x8d\xe2\x99\x80",2764},
{"\xf0\x9f\xa4\xbd\xf0\x9f\x8f\xbb\xe2\x80\x8d\xe2\x99\x80\xef\xb8\x8f",2764},
{"\xf0\x9f\xa4\xbd\xf0\x9f\x8f\xbb\xe2\x80\x8d\xe2\x99\x82",2765},
{"\xf0\x9f\xa4\xbd\xf0\x9f\x8f\xbb\xe2\x80\x8d\xe2\x99\x82\xef\xb8\x8f",2765},
{"\xf0\x9f\xa4\xbd\xf0\x9f\x8f\xbb\xef\xb8\x8f",2766},
{"\xf0\x9f\xa4\xbd\xf0\x9f\x8f\xbc",2769},
{"\xf0\x9f\xa4\xbd\xf0\x9f\x8f\xbc\xe2\x80\x8d\xe2\x99\x80",2767},
{"\xf0\x9f\xa4\xbd\xf0\x9f\x8f\xbc\xe2\x80\x8d\xe2\x99\x80\xef\xb8\x8f",2767},
{"\xf0\x9f\xa4\xbd\xf0\x9f\x8f\xbc\xe2\x80\x8d\xe2\x99\x82",2768},
{"\xf0\x9f\xa4\xbd\xf0\x9f\x8f\xbc\xe2\x80\x8d\xe2\x99\x82\xef\xb8\x8f",2768},
{"\xf0\x9f\xa4\xbd\xf0\x9f\x8f\xbc\xef\xb8\x8f",2769},
{"\xf0\x9f\xa4\xbd\xf0\x9f\x8f\xbd",2772},
{"\xf0\x9f\xa4\xbd\xf0\x9f\x8f\xbd\xe2\x80\x8d\xe2\x99\x80",2770},
{"\xf0\x9f\xa4\xbd\xf0\x9f\x8f\xbd\xe2\x80\x8d\xe2\x99\x80\xef\xb8\x8f",2770},
{"\xf0\x9f\xa4\xbd\xf0\x9f\x8f\xbd\xe2\x80\x8d\xe2\x99\x82",2771},
{"\xf0\x9f\xa4\xbd\xf0\x9f\x8f\xbd\xe2\x80\x8d\xe2\x99\x82\xef\xb8\x8f",2771},
{"\xf0\x9f\xa4\xbd\xf0\x9f\x8f\xbd\xef\xb8\x8f",2772},
{"\xf0\x9f\xa4\xbd\xf0\x9f\x8f\xbe",2775},
{"\xf0\x9f\xa4\xbd\xf0\x9f\x8f\xbe\xe2\x80\x8d\xe2\x99\x80",2773},
{"\xf0\x9f\xa4\xbd\xf0\x9f\x8f\xbe\xe2\x80\x8d\xe2\x99\x80\xef\xb8\x8f",2773},
{"\xf0\x9f\xa4\xbd\xf0\x9f\x8f\xbe\xe2\x80\x8d\xe2\x99\x82",2774},
{"\xf0\x9f\xa4\xbd\xf0\x9f\x8f\xbe\xe2\x80\x8d\xe2\x99\x82\xef\xb8\x8f",2774},
{"\xf0\x9f\xa4\xbd\xf0\x9f\x8f\xbe\xef\xb8\x8f",2775},
{"\xf0\x9f\xa4\xbd\xf0\x9f\x8f\xbf",2778},
{"\xf0\x9f\xa4\xbd\xf0\x9f\x8f\xbf\xe2\x80\x8d\xe2\x99\x80",2776},
{"\xf0\x9f\xa4\xbd\xf0\x9f\x8f\xbf\xe2\x80\x8d\xe2\x99\x80\xef\xb8\x8f",2776},
{"\xf0\x9f\xa4\xbd\xf0\x9f\x8f\xbf\xe2\x80\x8d\xe2\x99\x82",2777},
{"\xf0\x9f\xa4\xbd\xf0\x9f\x8f\xbf\xe2\x80\x8d\xe2\x99\x82\xef\xb8\x8f",2777},
{"\xf0\x9f\xa4\xbd\xf0\x9f\x8f\xbf\xef\xb8\x8f",2778},
{"\xf0\x9f\xa4\xbe",2799},
{"\xf0\x9f\xa4\xbe\xe2\x80\x8d\xe2\x99\x80",2797},
{"\xf0\x9f\xa4\xbe\xe2\x80\x8d\xe2\x99\x80\xef\xb8\x8f",2797},
{"\xf0\x9f\xa4\xbe\xe2\x80\x8d\xe2\x99\x82",2798},
{"\xf0\x9f\xa4\xbe\xe2\x80\x8d\xe2\x99\x82\xef\xb8\x8f",2798},
{"\xf0\x9f\xa4\xbe\xef\xb8\x8f",2799},
{"\xf0\x9f\xa4\xbe\xf0\x9f\x8f\xbb",2784},
{"\xf0\x9f\xa4\xbe\xf0\x9f\x8f\xbb\xe2\x80\x8d\xe2\x99\x80",2782},
{"\xf0\x9f\xa4\xbe\xf0\x9f\x8f\xbb\xe2\x80\x8d\xe2\x99\x80\xef\xb8\x8f",2782},
{"\xf0\x9f\xa4\xbe\xf0\x9f\x8f\xbb\xe2\x80\x8d\xe2\x99\x82",2783},
{"\xf0\x9f\xa4\xbe\xf0\x9f\x8f\xbb\xe2\x80\x8d\xe2\x99\x82\xef\xb8\x8f",2783},
{"\xf0\x9f\xa4\xbe\xf0\x9f\x8f\xbb\xef\xb8\x8f",2784},
{"\xf0\x9f\xa4\xbe\xf0\x9f\x8f\xbc",2787},
{"\xf0\x9f\xa4\xbe\xf0\x9f\x8f\xbc\xe2\x80\x8d\xe2\x99\x80",2785},
{"\xf0\x9f\xa4\xbe\xf0\x9f\x8f\xbc\xe2\x80\x8d\xe2\x99\x80\xef\xb8\x8f",2785},
{"\xf0\x9f\xa4\xbe\xf0\x9f\x8f\xbc\xe2\x80\x8d\xe2\x99\x82",2786},
{"\xf0\x9f\xa4\xbe\xf0\x9f\x8f\xbc\xe2\x80\x8d\xe2\x99\x82\xef\xb8\x8f",2786},
{"\xf0\x9f\xa4\xbe\xf0\x9f\x8f\xbc\xef\xb8\x8f",2787},
{"\xf0\x9f\xa4\xbe\xf0\x9f\x8f\xbd",2790},
{"\xf0\x9f\xa4\xbe\xf0\x9f\x8f\xbd\xe2\x80\x8d\xe2\x99\x80",2788},
{"\xf0\x9f\xa4\xbe\xf0\x9f\x8f\xbd\xe2\x80\x8d\xe2\x99\x80\xef\xb8\x8f",2788},
{"\xf0\x9f\xa4\xbe\xf0\x9f\x8f\xbd\xe2\x80\x8d\xe2\x99\x82",2789},
{"\xf0\x9f\xa4\xbe\xf0\x9f\x8f\xbd\xe2\x80\x8d\xe2\x99\x82\xef\xb8\x8f",2789},
{"\xf0\x9f\xa4\xbe\xf0\x9f\x8f\xbd\xef\xb8\x8f",2790},
{"\xf0\x9f\xa4\xbe\xf0\x9f\x8f\xbe",2793},
{"\xf0\x9f\xa4\xbe\xf0\x9f\x8f\xbe\xe2\x80\x8d\xe2\x99\x80",2791},
{"\xf0\x9f\xa4\xbe\xf0\x9f\x8f\xbe\xe2\x80\x8d\xe2\x99\x80\xef\xb8\x8f",2791},
{"\xf0\x9f\xa4\xbe\xf0\x9f\x8f\xbe\xe2\x80\x8d\xe2\x99\x82",2792},
{"\xf0\x9f\xa4\xbe\xf0\x9f\x8f\xbe\xe2\x80\x8d\xe2\x99\x82\xef\xb8\x8f",2792},
{"\xf0\x9f\xa4\xbe\xf0\x9f\x8f\xbe\xef\xb8\x8f",2793},
{"\xf0\x9f\xa4\xbe\xf0\x9f\x8f\xbf",2796},
{"\xf0\x9f\xa4\xbe\xf0\x9f\x8f\xbf\xe2\x80\x8d\xe2\x99\x80",2794},
{"\xf0\x9f\xa4\xbe\xf0\x9f\x8f\xbf\xe2\x80\x8d\xe2\x99\x80\xef\xb8\x8f",2794},
{"\xf0\x9f\xa4\xbe\xf0\x9f\x8f\xbf\xe2\x80\x8d\xe2\x99\x82",2795},
{"\xf0\x9f\xa4\xbe\xf0\x9f\x8f\xbf\xe2\x80\x8d\xe2\x99\x82\xef\xb8\x8f",2795},
{"\xf0\x9f\xa4\xbe\xf0\x9f\x8f\xbf\xef\xb8\x8f",2796},
{"\xf0\x9f\xa4\xbf",2800},
{"\xf0\x9f\xa4\xbf\xef\xb8\x8f",2800},
{"\xf0\x9f\xa5\x80",2801},
{"\xf0\x9f\xa5\x80\xef\xb8\x8f",2801},
{"\xf0\x9f\xa5\x81",2802},
{"\xf0\x9f\xa5\x81\xef\xb8\x8f",2802},
{"\xf0\x9f\xa5\x82",2803},
{"\xf0\x9f\xa5\x82\xef\xb8\x8f",2803},
{"\xf0\x9f\xa5\x83",2804},
{"\xf0\x9f\xa5\x83\xef\xb8\x8f",2804},
{"\xf0\x9f\xa5\x84",2805},
{"\xf0\x9f\xa5\x84\xef\xb8\x8f",2805},
{"\xf0\x9f\xa5\x85",2806},
{"\xf0\x9f\xa5\x85\xef\xb8\x8f",2806},
{"\xf0\x9f\xa5\x87",2807},
{"\xf0\x9f\xa5\x87\xef\xb8\x8f",2807},
{"\xf0\x9f\xa5\x88",2808},
{"\xf0\x9f\xa5\x88\xef\xb8\x8f",2808},
{"\xf0\x9f\xa5\x89",2809},
{"\xf0\x9f\xa5\x89\xef\xb8\x8f",2809},
{"\xf0\x9f\xa5\x8a",2810},
{"\xf0\x9f\xa5\x8a\xef\xb8\x8f",2810},
{"\xf0\x9f\xa5\x8b",2811},
{"\xf0\x9f\xa5\x8b\xef\xb8\x8f",2811},
{"\xf0\x9f\xa5\x8c",2812},
{"\xf0\x9f\xa5\x8c\xef\xb8\x8f",2812},
{"\xf0\x9f\xa5\x8d",2813},
{"\xf0\x9f\xa5\x8d\xef\xb8\x8f",2813},
{"\xf0\x9f\xa5\x8e",2814},
{"\xf0\x9f\xa5\x8e\xef\xb8\x8f",2814},
{"\xf0\x9f\xa5\x8f",2815},
{"\xf0\x9f\xa5\x8f\xef\xb8\x8f",2815},
{"\xf0\x9f\xa5\x90",2816},
{"\xf0\x9f\xa5\x90\xef\xb8\x8f",2816},
{"\xf0\x9f\xa5\x91",2817},
{"\xf0\x9f\xa5\x91\xef\xb8\x8f",2817},
{"\xf0\x9f\xa5\x92",2818},
{"\xf0\x9f\xa5\x92\xef\xb8\x8f",2818},
{"\xf0\x9f\xa5\x93",2819},
{"\xf0\x9f\xa5\x93\xef\xb8\x8f",2819},
{"\xf0\x9f\xa5\x94",2820},
{"\xf0\x9f\xa5\x94\xef\xb8\x8f",2820},
{"\xf0\x9f\xa5\x95",2821},
{"\xf0\x9f\xa5\x95\xef\xb8\x8f",2821},
{"\xf0\x9f\xa5\x96",2822},
{"\xf0\x9f\xa5\x96\xef\xb8\x8f",2822},
{"\xf0\x9f\xa5\x97",2823},
{"\xf0\x9f\xa5\x97\xef\xb8\x8f",2823},
{"\xf0\x9f\xa5\x98",2824},
{"\xf0\x9f\xa5\x98\xef\xb8\x8f",2824},
{"\xf0\x9f\xa5\x99",2825},
{"\xf0\x9f\xa5\x99\xef\xb8\x8f",2825},
{"\xf0\x9f\xa5\x9a",2826},
{"\xf0\x9f\xa5\x9a\xef\xb8\x8f",2826},
{"\xf0\x9f\xa5\x9b",2827},
{"\xf0\x9f\xa5\x9b\xef\xb8\x8f",2827},
{"\xf0\x9f\xa5\x9c",2828},
{"\xf0\x9f\xa5\x9c\xef\xb8\x8f",2828},
{"\xf0\x9f\xa5\x9d",2829},
{"\xf0\x9f\xa5\x9d\xef\xb8\x8f",2829},
{"\xf0\x9f\xa5\x9e",2830},
{"\xf0\x9f\xa5\x9e\xef\xb8\x8f",2830},
{"\xf0\x9f\xa5\x9f",2831},
{"\xf0\x9f\xa5\x9f\xef\xb8\x8f",2831},
{"\xf0\x9f\xa5\xa0",2832},
{"\xf0\x9f\xa5\xa0\xef\xb8\x8f",2832},
{"\xf0\x9f\xa5\xa1",2833},
{"\xf0\x9f\xa5\xa1\xef\xb8\x8f",2833},
{"\xf0\x9f\xa5\xa2",2834},
{"\xf0\x9f\xa5\xa2\xef\xb8\x8f",2834},
{"\xf0\x9f\xa5\xa3",2835},
{"\xf0\x9f\xa5\xa3\xef\xb8\x8f",2835},
{"\xf0\x9f\xa5\xa4",2836},
{"\xf0\x9f\xa5\xa4\xef\xb8\x8f",2836},
{"\xf0\x9f\xa5\xa5",2837},
{"\xf0\x9f\xa5\xa5\xef\xb8\x8f",2837},
{"\xf0\x9f\xa5\xa6",2838},
{"\xf0\x9f\xa5\xa6\xef\xb8\x8f",2838},
{"\xf0\x9f\xa5\xa7",2839},
{"\xf0\x9f\xa5\xa7\xef\xb8\x8f",2839},
{"\xf0\x9f\xa5\xa8",2840},
{"\xf0\x9f\xa5\xa8\xef\xb8\x8f",2840},
{"\xf0\x9f\xa5\xa9",2841},
{"\xf0\x9f\xa5\xa9\xef\xb8\x8f",2841},
{"\xf0\x9f\xa5\xaa",2842},
{"\xf0\x9f\xa5\xaa\xef\xb8\x8f",2842},
{"\xf0\x9f\xa5\xab",2843},
{"\xf0\x9f\xa5\xab\xef\xb8\x8f",2843},
{"\xf0\x9f\xa5\xac",2844},
{"\xf0\x9f\xa5\xac\xef\xb8\x8f",2844},
{"\xf0\x9f\xa5\xad",2845},
{"\xf0\x9f\xa5\xad\xef\xb8\x8f",2845},
{"\xf0\x9f\xa5\xae",2846},
{"\xf0\x9f\xa5\xae\xef\xb8\x8f",2846},
{"\xf0\x9f\xa5\xaf",2847},
{"\xf0\x9f\xa5\xaf\xef\xb8\x8f",2847},
{"\xf0\x9f\xa5\xb0",2848},
{"\xf0\x9f\xa5\xb0\xef\xb8\x8f",2848},
{"\xf0\x9f\xa5\xb1",2849},
{"\xf0\x9f\xa5\xb1\xef\xb8\x8f",2849},
{"\xf0\x9f\xa5\xb2",2850},
{"\xf0\x9f\xa5\xb2\xef\xb8\x8f",2850},
{"\xf0\x9f\xa5\xb3",2851},
{"\xf0\x9f\xa5\xb3\xef\xb8\x8f",2851},
{"\xf0\x9f\xa5\xb4",2852},
{"\xf0\x9f\xa5\xb4\xef\xb8\x8f",2852},
{"\xf0\x9f\xa5\xb5",2853},
{"\xf0\x9f\xa5\xb5\xef\xb8\x8f",2853},
{"\xf0\x9f\xa5\xb6",2854},
{"\xf0\x9f\xa5\xb6\xef\xb8\x8f",2854},
{"\xf0\x9f\xa5\xb7",2860},
{"\xf0\x9f\xa5\xb7\xef\xb8\x8f",2860},
{"\xf0\x9f\xa5\xb7\xf0\x9f\x8f\xbb",2855},
{"\xf0\x9f\xa5\xb7\xf0\x9f\x8f\xbb\xef\xb8\x8f",2855},
{"\xf0\x9f\xa5\xb7\xf0\x9f\x8f\xbc",2856},
{"\xf0\x9f\xa5\xb7\xf0\x9f\x8f\xbc\xef\xb8\x8f",2856},
{"\xf0\x9f\xa5\xb7\xf0\x9f\x8f\xbd",2857},
{"\xf0\x9f\xa5\xb7\xf0\x9f\x8f\xbd\xef\xb8\x8f",2857},
{"\xf0\x9f\xa5\xb7\xf0\x9f\x8f\xbe",2858},
{"\xf0\x9f\xa5\xb7\xf0\x9f\x8f\xbe\xef\xb8\x8f",2858},
{"\xf0\x9f\xa5\xb7\xf0\x9f\x8f\xbf",2859},
{"\xf0\x9f\xa5\xb7\xf0\x9f\x8f\xbf\xef\xb8\x8f",2859},
{"\xf0\x9f\xa5\xb8",2861},
{"\xf0\x9f\xa5\xb8\xef\xb8\x8f",2861},
{"\xf0\x9f\xa5\xb9",2862},
{"\xf0\x9f\xa5\xb9\xef\xb8\x8f",2862},
{"\xf0\x9f\xa5\xba",2863},
{"\xf0\x9f\xa5\xba\xef\xb8\x8f",2863},
{"\xf0\x9f\xa5\xbb",2864},
{"\xf0\x9f\xa5\xbb\xef\xb8\x8f",2864},
{"\xf0\x9f\xa5\xbc",2865},
{"\xf0\x9f\xa5\xbc\xef\xb8\x8f",2865},
{"\xf0\x9f\xa5\xbd",2866},
{"\xf0\x9f\xa5\xbd\xef\xb8\x8f",2866},
{"\xf0\x9f\xa5\xbe",2867},
{"\xf0\x9f\xa5\xbe\xef\xb8\x8f",2867},
{"\xf0\x9f\xa5\xbf",2868},
{"\xf0\x9f\xa5\xbf\xef\xb8\x8f",2868},
{"\xf0\x9f\xa6\x80",2869},
{"\xf0\x9f\xa6\x80\xef\xb8\x8f",2869},
{"\xf0\x9f\xa6\x81",2870},
{"\xf0\x9f\xa6\x81\xef\xb8\x8f",2870},
{"\xf0\x9f\xa6\x82",2871},
{"\xf0\x9f\xa6\x82\xef\xb8\x8f",2871},
{"\xf0\x9f\xa6\x83",2872},
{"\xf0\x9f\xa6\x83\xef\xb8\x8f",2872},
{"\xf0\x9f\xa6\x84",2873},
{"\xf0\x9f\xa6\x84\xef\xb8\x8f",2873},
{"\xf0\x9f\xa6\x85",2874},
{"\xf0\x9f\xa6\x85\xef\xb8\x8f",2874},
{"\xf0\x9f\xa6\x86",2875},
{"\xf0\x9f\xa6\x86\xef\xb8\x8f",2875},
{"\xf0\x9f\xa6\x87",2876},
{"\xf0\x9f\xa6\x87\xef\xb8\x8f",2876},
{"\xf0\x9f\xa6\x88",2877},
{"\xf0\x9f\xa6\x88\xef\xb8\x8f",2877},
{"\xf0\x9f\xa6\x89",2878},
{"\xf0\x9f\xa6\x89\xef\xb8\x8f",2878},
{"\xf0\x9f\xa6\x8a",2879},
{"\xf0\x9f\xa6\x8a\xef\xb8\x8f",2879},
{"\xf0\x9f\xa6\x8b",2880},
{"\xf0\x9f\xa6\x8b\xef\xb8\x8f",2880},
{"\xf0\x9f\xa6\x8c",2881},
{"\xf0\x9f\xa6\x8c\xef\xb8\x8f",2881},
{"\xf0\x9f\xa6\x8d",2882},
{"\xf0\x9f\xa6\x8d\xef\xb8\x8f",2882},
{"\xf0\x9f\xa6\x8e",2883},
{"\xf0\x9f\xa6\x8e\xef\xb8\x8f",2883},
{"\xf0\x9f\xa6\x8f",2884},
{"\xf0\x9f\xa6\x8f\xef\xb8\x8f",2884},
{"\xf0\x9f\xa6\x90",2885},
{"\xf0\x9f\xa6\x90\xef\xb8\x8f",2885},
{"\xf0\x9f\xa6\x91",2886},
{"\xf0\x9f\xa6\x91\xef\xb8\x8f",2886},
{"\xf0\x9f\xa6\x92",2887},
{"\xf0\x9f\xa6\x92\xef\xb8\x8f",2887},
{"\xf0\x9f\xa6\x93",2888},
{"\xf0\x9f\xa6\x93\xef\xb8\x8f",2888},
{"\xf0\x9f\xa6\x94",2889},
{"\xf0\x9f\xa6\x94\xef\xb8\x8f",2889},
{"\xf0\x9f\xa6\x95",2890},
{"\xf0\x9f\xa6\x95\xef\xb8\x8f",2890},
{"\xf0\x9f\xa6\x96",2891},
{"\xf0\x9f\xa6\x96\xef\xb8\x8f",2891},
{"\xf0\x9f\xa6\x97",2892},
{"\xf0\x9f\xa6\x97\xef\xb8\x8f",2892},
{"\xf0\x9f\xa6\x98",2893},
{"\xf0\x9f\xa6\x98\xef\xb8\x8f",2893},
{"\xf0\x9f\xa6\x99",2894},
{"\xf0\x9f\xa6\x99\xef\xb8\x8f",2894},
{"\xf0\x9f\xa6\x9a",2895},
{"\xf0\x9f\xa6\x9a\xef\xb8\x8f",2895},
{"\xf0\x9f\xa6\x9b",2896},
{"\xf0\x9f\xa6\x9b\xef\xb8\x8f",2896},
{"\xf0\x9f\xa6\x9c",2897},
{"\xf0\x9f\xa6\x9c\xef\xb8\x8f",2897},
{"\xf0\x9f\xa6\x9d",2898},
{"\xf0\x9f\xa6\x9d\xef\xb8\x8f",2898},
{"\xf0\x9f\xa6\x9e",2899},
{"\xf0\x9f\xa6\x9e\xef\xb8\x8f",2899},
{"\xf0\x9f\xa6\x9f",2900},
{"\xf0\x9f\xa6\x9f\xef\xb8\x8f",2900},
{"\xf0\x9f\xa6\xa0",2901},
{"\xf0\x9f\xa6\xa0\xef\xb8\x8f",2901},
{"\xf0\x9f\xa6\xa1",2902},
{"\xf0\x9f\xa6\xa1\xef\xb8\x8f",2902},
{"\xf0\x9f\xa6\xa2",2903},
{"\xf0\x9f\xa6\xa2\xef\xb8\x8f",2903},
{"\xf0\x9f\xa6\xa3",2904},
{"\xf0\x9f\xa6\xa3\xef\xb8\x8f",2904},
{"\xf0\x9f\xa6\xa4",2905},
{"\xf0\x9f\xa6\xa4\xef\xb8\x8f",2905},
{"\xf0\x9f\xa6\xa5",2906},
{"\xf0\x9f\xa6\xa5\xef\xb8\x8f",2906},
{"\xf0\x9f\xa6\xa6",2907},
{"\xf0\x9f\xa6\xa6\xef\xb8\x8f",2907},
{"\xf0\x9f\xa6\xa7",2908},
{"\xf0\x9f\xa6\xa7\xef\xb8\x8f",2908},
{"\xf0\x9f\xa6\xa8",2909},
{"\xf0\x9f\xa6\xa8\xef\xb8\x8f",2909},
{"\xf0\x9f\xa6\xa9",2910},
{"\xf0\x9f\xa6\xa9\xef\xb8\x8f",2910},
{"\xf0\x9f\xa6\xaa",2911},
{"\xf0\x9f\xa6\xaa\xef\xb8\x8f",2911},
{"\xf0\x9f\xa6\xab",2912},
{"\xf0\x9f\xa6\xab\xef\xb8\x8f",2912},
{"\xf0\x9f\xa6\xac",2913},
{"\xf0\x9f\xa6\xac\xef\xb8\x8f",2913},
{"\xf0\x9f\xa6\xad",2914},
{"\xf0\x9f\xa6\xad\xef\xb8\x8f",2914},
{"\xf0\x9f\xa6\xae",2915},
{"\xf0\x9f\xa6\xae\xef\xb8\x8f",2915},
{"\xf0\x9f\xa6\xaf",2916},
{"\xf0\x9f\xa6\xaf\xef\xb8\x8f",2916},
{"\xf0\x9f\xa6\xb0",2917},
{"\xf0\x9f\xa6\xb0\xef\xb8\x8f",2917},
{"\xf0\x9f\xa6\xb1",2918},
{"\xf0\x9f\xa6\xb1\xef\xb8\x8f",2918},
{"\xf0\x9f\xa6\xb2",2919},
{"\xf0\x9f\xa6\xb2\xef\xb8\x8f",2919},
{"\xf0\x9f\xa6\xb3",2920},
{"\xf0\x9f\xa6\xb3\xef\xb8\x8f",2920},
{"\xf0\x9f\xa6\xb4",2921},
{"\xf0\x9f\xa6\xb4\xef\xb8\x8f",2921},
{"\xf0\x9f\xa6\xb5",2927},
{"\xf0\x9f\xa6\xb5\xef\xb8\x8f",2927},
{"\xf0\x9f\xa6\xb5\xf0\x9f\x8f\xbb",2922},
{"\xf0\x9f\xa6\xb5\xf0\x9f\x8f\xbb\xef\xb8\x8f",2922},
{"\xf0\x9f\xa6\xb5\xf0\x9f\x8f\xbc",2923},
{"\xf0\x9f\xa6\xb5\xf0\x9f\x8f\xbc\xef\xb8\x8f",2923},
{"\xf0\x9f\xa6\xb5\xf0\x9f\x8f\xbd",2924},
{"\xf0\x9f\xa6\xb5\xf0\x9f\x8f\xbd\xef\xb8\x8f",2924},
{"\xf0\x9f\xa6\xb5\xf0\x9f\x8f\xbe",2925},
{"\xf0\x9f\xa6\xb5\xf0\x9f\x8f\xbe\xef\xb8\x8f",2925},
{"\xf0\x9f\xa6\xb5\xf0\x9f\x8f\xbf",2926},
{"\xf0\x9f\xa6\xb5\xf0\x9f\x8f\xbf\xef\xb8\x8f",2926},
{"\xf0\x9f\xa6\xb6",2933},
{"\xf0\x9f\xa6\xb6\xef\xb8\x8f",2933},
{"\xf0\x9f\xa6\xb6\xf0\x9f\x8f\xbb",2928},
{"\xf0\x9f\xa6\xb6\xf0\x9f\x8f\xbb\xef\xb8\x8f",2928},
{"\xf0\x9f\xa6\xb6\xf0\x9f\x8f\xbc",2929},
{"\xf0\x9f\xa6\xb6\xf0\x9f\x8f\xbc\xef\xb8\x8f",2929},
{"\xf0\x9f\xa6\xb6\xf0\x9f\x8f\xbd",2930},
{"\xf0\x9f\xa6\xb6\xf0\x9f\x8f\xbd\xef\xb8\x8f",2930},
{"\xf0\x9f\xa6\xb6\xf0\x9f\x8f\xbe",2931},
{"\xf0\x9f\xa6\xb6\xf0\x9f\x8f\xbe\xef\xb8\x8f",2931},
{"\xf0\x9f\xa6\xb6\xf0\x9f\x8f\xbf",2932},
{"\xf0\x9f\xa6\xb6\xf0\x9f\x8f\xbf\xef\xb8\x8f",2932},
{"\xf0\x9f\xa6\xb7",2934},
{"\xf0\x9f\xa6\xb7\xef\xb8\x8f",2934},
{"\xf0\x9f\xa6\xb8",2952},
{"\xf0\x9f\xa6\xb8\xe2\x80\x8d\xe2\x99\x80",2950},
{"\xf0\x9f\xa6\xb8\xe2\x80\x8d\xe2\x99\x80\xef\xb8\x8f",2950},
{"\xf0\x9f\xa6\xb8\xe2\x80\x8d\xe2\x99\x82",2951},
{"\xf0\x9f\xa6\xb8\xe2\x80\x8d\xe2\x99\x82\xef\xb8\x8f",2951},
{"\xf0\x9f\xa6\xb8\xef\xb8\x8f",2952},
{"\xf0\x9f\xa6\xb8\xf0\x9f\x8f\xbb",2937},
{"\xf0\x9f\xa6\xb8\xf0\x9f\x8f\xbb\xe2\x80\x8d\xe2\x99\x80",2935},
{"\xf0\x9f\xa6\xb8\xf0\x9f\x8f\xbb\xe2\x80\x8d\xe2\x99\x80\xef\xb8\x8f",2935},
{"\xf0\x9f\xa6\xb8\xf0\x9f\x8f\xbb\xe2\x80\x8d\xe2\x99\x82",2936},
{"\xf0\x9f\xa6\xb8\xf0\x9f\x8f\xbb\xe2\x80\x8d\xe2\x99\x82\xef\xb8\x8f",2936},
{"\xf0\x9f\xa6\xb8\xf0\x9f\x8f\xbb\xef\xb8\x8f",2937},
{"\xf0\x9f\xa6\xb8\xf0\x9f\x8f\xbc",2940},
{"\xf0\x9f\xa6\xb8\xf0\x9f\x8f\xbc\xe2\x80\x8d\xe2\x99\x80",2938},
{"\xf0\x9f\xa6\xb8\xf0\x9f\x8f\xbc\xe2\x80\x8d\xe2\x99\x80\xef\xb8\x8f",2938},
{"\xf0\x9f\xa6\xb8\xf0\x9f\x8f\xbc\xe2\x80\x8d\xe2\x99\x82",2939},
{"\xf0\x9f\xa6\xb8\xf0\x9f\x8f\xbc\xe2\x80\x8d\xe2\x99\x82\xef\xb8\x8f",2939},
{"\xf0\x9f\xa6\xb8\xf0\x9f\x8f\xbc\xef\xb8\x8f",2940},
{"\xf0\x9f\xa6\xb8\xf0\x9f\x8f\xbd",2943},
{"\xf0\x9f\xa6\xb8\xf0\x9f\x8f\xbd\xe2\x80\x8d\xe2\x99\x80",2941},
{"\xf0\x9f\xa6\xb8\xf0\x9f\x8f\xbd\xe2\x80\x8d\xe2\x99\x80\xef\xb8\x8f",2941},
{"\xf0\x9f\xa6\xb8\xf0\x9f\x8f\xbd\xe2\x80\x8d\xe2\x99\x82",2942},
{"\xf0\x9f\xa6\xb8\xf0\x9f\x8f\xbd\xe2\x80\x8d\xe2\x99\x82\xef\xb8\x8f",2942},
{"\xf0\x9f\xa6\xb8\xf0\x9f\x8f\xbd\xef\xb8\x8f",2943},
{"\xf0\x9f\xa6\xb8\xf0\x9f\x8f\xbe",2946},
{"\xf0\x9f\xa6\xb8\xf0\x9f\x8f\xbe\xe2\x80\x8d\xe2\x99\x80",2944},
{"\xf0\x9f\xa6\xb8\xf0\x9f\x8f\xbe\xe2\x80\x8d\xe2\x99\x80\xef\xb8\x8f",2944},
{"\xf0\x9f\xa6\xb8\xf0\x9f\x8f\xbe\xe2\x80\x8d\xe2\x99\x82",2945},
{"\xf0\x9f\xa6\xb8\xf0\x9f\x8f\xbe\xe2\x80\x8d\xe2\x99\x82\xef\xb8\x8f",2945},
{"\xf0\x9f\xa6\xb8\xf0\x9f\x8f\xbe\xef\xb8\x8f",2946},
{"\xf0\x9f\xa6\xb8\xf0\x9f\x8f\xbf",2949},
{"\xf0\x9f\xa6\xb8\xf0\x9f\x8f\xbf\xe2\x80\x8d\xe2\x99\x80",2947},
{"\xf0\x9f\xa6\xb8\xf0\x9f\x8f\xbf\xe2\x80\x8d\xe2\x99\x80\xef\xb8\x8f",2947},
{"\xf0\x9f\xa6\xb8\xf0\x9f\x8f\xbf\xe2\x80\x8d\xe2\x99\x82",2948},
{"\xf0\x9f\xa6\xb8\xf0\x9f\x8f\xbf\xe2\x80\x8d\xe2\x99\x82\xef\xb8\x8f",2948},
{"\xf0\x9f\xa6\xb8\xf0\x9f\x8f\xbf\xef\xb8\x8f",2949},
{"\xf0\x9f\xa6\xb9",2970},
{"\xf0\x9f\xa6\xb9\xe2\x80\x8d\xe2\x99\x80",2968},
{"\xf0\x9f\xa6\xb9\xe2\x80\x8d\xe2\x99\x80\xef\xb8\x8f",2968},
{"\xf0\x9f\xa6\xb9\xe2\x80\x8d\xe2\x99\x82",2969},
{"\xf0\x9f\xa6\xb9\xe2\x80\x8d\xe2\x99\x82\xef\xb8\x8f",2969},
{"\xf0\x9f\xa6\xb9\xef\xb8\x8f",2970},
{"\xf0\x9f\xa6\xb9\xf0\x9f\x8f\xbb",2955},
{"\xf0\x9f\xa6\xb9\xf0\x9f\x8f\xbb\xe2\x80\x8d\xe2\x99\x80",2953},
{"\xf0\x9f\xa6\xb9\xf0\x9f\x8f\xbb\xe2\x80\x8d\xe2\x99\x80\xef\xb8\x8f",2953},
{"\xf0\x9f\xa6\xb9\xf0\x9f\x8f\xbb\xe2\x80\x8d\xe2\x99\x82",2954},
{"\xf0\x9f\xa6\xb9\xf0\x9f\x8f\xbb\xe2\x80\x8d\xe2\x99\x82\xef\xb8\x8f",2954},
{"\xf0\x9f\xa6\xb9\xf0\x9f\x8f\xbb\xef\xb8\x8f",2955},
{"\xf0\x9f\xa6\xb9\xf0\x9f\x8f\xbc",2958},
{"\xf0\x9f\xa6\xb9\xf0\x9f\x8f\xbc\xe2\x80\x8d\xe2\x99\x80",2956},
{"\xf0\x9f\xa6\xb9\xf0\x9f\x8f\xbc\xe2\x80\x8d\xe2\x99\x80\xef\xb8\x8f",2956},
{"\xf0\x9f\xa6\xb9\xf0\x9f\x8f\xbc\xe2\x80\x8d\xe2\x99\x82",2957},
{"\xf0\x9f\xa6\xb9\xf0\x9f\x8f\xbc\xe2\x80\x8d\xe2\x99\x82\xef\xb8\x8f",2957},
{"\xf0\x9f\xa6\xb9\xf0\x9f\x8f\xbc\xef\xb8\x8f",2958},
{"\xf0\x9f\xa6\xb9\xf0\x9f\x8f\xbd",2961},
{"\xf0\x9f\xa6\xb9\xf0\x9f\x8f\xbd\xe2\x80\x8d\xe2\x99\x80",2959},
{"\xf0\x9f\xa6\xb9\xf0\x9f\x8f\xbd\xe2\x80\x8d\xe2\x99\x80\xef\xb8\x8f",2959},
{"\xf0\x9f\xa6\xb9\xf0\x9f\x8f\xbd\xe2\x80\x8d\xe2\x99\x82",2960},
{"\xf0\x9f\xa6\xb9\xf0\x9f\x8f\xbd\xe2\x80\x8d\xe2\x99\x82\xef\xb8\x8f",2960},
{"\xf0\x9f\xa6\xb9\xf0\x9f\x8f\xbd\xef\xb8\x8f",2961},
{"\xf0\x9f\xa6\xb9\xf0\x9f\x8f\xbe",2964},
{"\xf0\x9f\xa6\xb9\xf0\x9f\x8f\xbe\xe2\x80\x8d\xe2\x99\x80",2962},
{"\xf0\x9f\xa6\xb9\xf0\x9f\x8f\xbe\xe2\x80\x8d\xe2\x99\x80\xef\xb8\x8f",2962},
{"\xf0\x9f\xa6\xb9\xf0\x9f\x8f\xbe\xe2\x80\x8d\xe2\x99\x82",2963},
{"\xf0\x9f\xa6\xb9\xf0\x9f\x8f\xbe\xe2\x80\x8d\xe2\x99\x82\xef\xb8\x8f",2963},
{"\xf0\x9f\xa6\xb9\xf0\x9f\x8f\xbe\xef\xb8\x8f",2964},
{"\xf0\x9f\xa6\xb9\xf0\x9f\x8f\xbf",2967},
{"\xf0\x9f\xa6\xb9\xf0\x9f\x8f\xbf\xe2\x80\x8d\xe2\x99\x80",2965},
{"\xf0\x9f\xa6\xb9\xf0\x9f\x8f\xbf\xe2\x80\x8d\xe2\x99\x80\xef\xb8\x8f",2965},
{"\xf0\x9f\xa6\xb9\xf0\x9f\x8f\xbf\xe2\x80\x8d\xe2\x99\x82",2966},
{"\xf0\x9f\xa6\xb9\xf0\x9f\x8f\xbf\xe2\x80\x8d\xe2\x99\x82\xef\xb8\x8f",2966},
{"\xf0\x9f\xa6\xb9\xf0\x9f\x8f\xbf\xef\xb8\x8f",2967},
{"\xf0\x9f\xa6\xba",2971},
{"\xf0\x9f\xa6\xba\xef\xb8\x8f",2971},
{"\xf0\x9f\xa6\xbb",2977},
{"\xf0\x9f\xa6\xbb\xef\xb8\x8f",2977},
{"\xf0\x9f\xa6\xbb\xf0\x9f\x8f\xbb",2972},
{"\xf0\x9f\xa6\xbb\xf0\x9f\x8f\xbb\xef\xb8\x8f",2972},
{"\xf0\x9f\xa6\xbb\xf0\x9f\x8f\xbc",2973},
{"\xf0\x9f\xa6\xbb\xf0\x9f\x8f\xbc\xef\xb8\x8f",2973},
{"\xf0\x9f\xa6\xbb\xf0\x9f\x8f\xbd",2974},
{"\xf0\x9f\xa6\xbb\xf0\x9f\x8f\xbd\xef\xb8\x8f",2974},
{"\xf0\x9f\xa6\xbb\xf0\x9f\x8f\xbe",2975},
{"\xf0\x9f\xa6\xbb\xf0\x9f\x8f\xbe\xef\xb8\x8f",2975},
{"\xf0\x9f\xa6\xbb\xf0\x9f\x8f\xbf",2976},
{"\xf0\x9f\xa6\xbb\xf0\x9f\x8f\xbf\xef\xb8\x8f",2976},
{"\xf0\x9f\xa6\xbc",2978},
{"\xf0\x9f\xa6\xbc\xef\xb8\x8f",2978},
{"\xf0\x9f\xa6\xbd",2979},
{"\xf0\x9f\xa6\xbd\xef\xb8\x8f",2979},
{"\xf0\x9f\xa6\xbe",2980},
{"\xf0\x9f\xa6\xbe\xef\xb8\x8f",2980},
{"\xf0\x9f\xa6\xbf",2981},
{"\xf0\x9f\xa6\xbf\xef\xb8\x8f",2981},
{"\xf0\x9f\xa7\x80",2982},
{"\xf0\x9f\xa7\x80\xef\xb8\x8f",2982},
{"\xf0\x9f\xa7\x81",2983},
{"\xf0\x9f\xa7\x81\xef\xb8\x8f",2983},
{"\xf0\x9f\xa7\x82",2984},
{"\xf0\x9f\xa7\x82\xef\xb8\x8f",2984},
{"\xf0\x9f\xa7\x83",2985},
{"\xf0\x9f\xa7\x83\xef\xb8\x8f",2985},
{"\xf0\x9f\xa7\x84",2986},
{"\xf0\x9f\xa7\x84\xef\xb8\x8f",2986},
{"\xf0\x9f\xa7\x85",2987},
{"\xf0\x9f\xa7\x85\xef\xb8\x8f",2987},
{"\xf0\x9f\xa7\x86",2988},
{"\xf0\x9f\xa7\x86\xef\xb8\x8f",2988},
{"\xf0\x9f\xa7\x87",2989},
{"\xf0\x9f\xa7\x87\xef\xb8\x8f",2989},
{"\xf0\x9f\xa7\x88",2990},
{"\xf0\x9f\xa7\x88\xef\xb8\x8f",2990},
{"\xf0\x9f\xa7\x89",2991},
{"\xf0\x9f\xa7\x89\xef\xb8\x8f",2991},
{"\xf0\x9f\xa7\x8a",2992},
{"\xf0\x9f\xa7\x8a\xef\xb8\x8f",2992},
{"\xf0\x9f\xa7\x8b",2993},
{"\xf0\x9f\xa7\x8b\xef\xb8\x8f",2993},
{"\xf0\x9f\xa7\x8c",2994},
{"\xf0\x9f\xa7\x8c\xef\xb8\x8f",2994},
{"\xf0\x9f\xa7\x8d",3012},
{"\xf0\x9f\xa7\x8d\xe2\x80\x8d\xe2\x99\x80",3010},
{"\xf0\x9f\xa7\x8d\xe2\x80\x8d\xe2\x99\x80\xef\xb8\x8f",3010},
{"\xf0\x9f\xa7\x8d\xe2\x80\x8d\xe2\x99\x82",3011},
{"\xf0\x9f\xa7\x8d\xe2\x80\x8d\xe2\x99\x82\xef\xb8\x8f",3011},
{"\xf0\x9f\xa7\x8d\xef\xb8\x8f",3012},
{"\xf0\x9f\xa7\x8d\xf0\x9f\x8f\xbb",2997},
{"\xf0\x9f\xa7\x8d\xf0\x9f\x8f\xbb\xe2\x80\x8d\xe2\x99\x80",2995},
{"\xf0\x9f\xa7\x8d\xf0\x9f\x8f\xbb\xe2\x80\x8d\xe2\x99\x80\xef\xb8\x8f",2995},
{"\xf0\x9f\xa7\x8d\xf0\x9f\x8f\xbb\xe2\x80\x8d\xe2\x99\x82",2996},
{"\xf0\x9f\xa7\x8d\xf0\x9f\x8f\xbb\xe2\x80\x8d\xe2\x99\x82\xef\xb8\x8f",2996},
{"\xf0\x9f\xa7\x8d\xf0\x9f\x8f\xbb\xef\xb8\x8f",2997},
{"\xf0\x9f\xa7\x8d\xf0\x9f\x8f\xbc",3000},
{"\xf0\x9f\xa7\x8d\xf0\x9f\x8f\xbc\xe2\x80\x8d\xe2\x99\x80",2998},
{"\xf0\x9f\xa7\x8d\xf0\x9f\x8f\xbc\xe2\x80\x8d\xe2\x99\x80\xef\xb8\x8f",2998},
{"\xf0\x9f\xa7\x8d\xf0\x9f\x8f\xbc\xe2\x80\x8d\xe2\x99\x82",2999},
{"\xf0\x9f\xa7\x8d\xf0\x9f\x8f\xbc\xe2\x80\x8d\xe2\x99\x82\xef\xb8\x8f",2999},
{"\xf0\x9f\xa7\x8d\xf0\x9f\x8f\xbc\xef\xb8\x8f",3000},
{"\xf0\x9f\xa7\x8d\xf0\x9f\x8f\xbd",3003},
{"\xf0\x9f\xa7\x8d\xf0\x9f\x8f\xbd\xe2\x80\x8d\xe2\x99\x80",3001},
{"\xf0\x9f\xa7\x8d\xf0\x9f\x8f\xbd\xe2\x80\x8d\xe2\x99\x80\xef\xb8\x8f",3001},
{"\xf0\x9f\xa7\x8d\xf0\x9f\x8f\xbd\xe2\x80\x8d\xe2\x99\x82",3002},
{"\xf0\x9f\xa7\x8d\xf0\x9f\x8f\xbd\xe2\x80\x8d\xe2\x99\x82\xef\xb8\x8f",3002},
{"\xf0\x9f\xa7\x8d\xf0\x9f\x8f\xbd\xef\xb8\x8f",3003},
{"\xf0\x9f\xa7\x8d\xf0\x9f\x8f\xbe",3006},
{"\xf0\x9f\xa7\x8d\xf0\x9f\x8f\xbe\xe2\x80\x8d\xe2\x99\x80",3004},
{"\xf0\x9f\xa7\x8d\xf0\x9f\x8f\xbe\xe2\x80\x8d\xe2\x99\x80\xef\xb8\x8f",3004},
{"\xf0\x9f\xa7\x8d\xf0\x9f\x8f\xbe\xe2\x80\x8d\xe2\x99\x82",3005},
{"\xf0\x9f\xa7\x8d\xf0\x9f\x8f\xbe\xe2\x80\x8d\xe2\x99\x82\xef\xb8\x8f",3005},
{"\xf0\x9f\xa7\x8d\xf0\x9f\x8f\xbe\xef\xb8\x8f",3006},
{"\xf0\x9f\xa7\x8d\xf0\x9f\x8f\xbf",3009},
{"\xf0\x9f\xa7\x8d\xf0\x9f\x8f\xbf\xe2\x80\x8d\xe2\x99\x80",3007},
{"\xf0\x9f\xa7\x8d\xf0\x9f\x8f\xbf\xe2\x80\x8d\xe2\x99\x80\xef\xb8\x8f",3007},
{"\xf0\x9f\xa7\x8d\xf0\x9f\x8f\xbf\xe2\x80\x8d\xe2\x99\x82",3008},
{"\xf0\x9f\xa7\x8d\xf0\x9f\x8f\xbf\xe2\x80\x8d\xe2\x99\x82\xef\xb8\x8f",3008},
{"\xf0\x9f\xa7\x8d\xf0\x9f\x8f\xbf\xef\xb8\x8f",3009},
{"\xf0\x9f\xa7\x8e",3048},
{"\xf0\x9f\xa7\x8e\xe2\x80\x8d\xe2\x99\x80",3044},
{"\xf0\x9f\xa7\x8e\xe2\x80\x8d\xe2\x99\x80\xe2\x80\x8d\xe2\x9e\xa1",3043},
{"\xf0\x9f\xa7\x8e\xe2\x80\x8d\xe2\x99\x80\xef\xb8\x8f",3044},
{"\xf0\x9f\xa7\x8e\xe2\x80\x8d\xe2\x99\x80\xef\xb8\x8f\xe2\x80\x8d\xe2\x9e\xa1\xef\xb8\x8f",3043},
{"\xf0\x9f\xa7\x8e\xe2\x80\x8d\xe2\x99\x82",3046},
{"\xf0\x9f\xa7\x8e\xe2\x80\x8d\xe2\x99\x82\xe2\x80\x8d\xe2\x9e\xa1",3045},
{"\xf0\x9f\xa7\x8e\xe2\x80\x8d\xe2\x99\x82\xef\xb8\x8f",3046},
{"\xf0\x9f\xa7\x8e\xe2\x80\x8d\xe2\x99\x82\xef\xb8\x8f\xe2\x80\x8d\xe2\x9e\xa1\xef\xb8\x8f",3045},
{"\xf0\x9f\xa7\x8e\xe2\x80\x8d\xe2\x9e\xa1",3047},
{"\xf0\x9f\xa7\x8e\xe2\x80\x8d\xe2\x9e\xa1\xef\xb8\x8f",3047},
{"\xf0\x9f\xa7\x8e\xef\xb8\x8f",3048},
{"\xf0\x9f\xa7\x8e\xf0\x9f\x8f\xbb",3018},
{"\xf0\x9f\xa7\x8e\xf0\x9f\x8f\xbb\xe2\x80\x8d\xe2\x99\x80",3014},
{"\xf0\x9f\xa7\x8e\xf0\x9f\x8f\xbb\xe2\x80\x8d\xe2\x99\x80\xe2\x80\x8d\xe2\x9e\xa1",3013},
{"\xf0\x9f\xa7\x8e\xf0\x9f\x8f\xbb\xe2\x80\x8d\xe2\x99\x80\xef\xb8\x8f",3014},
{"\xf0\x9f\xa7\x8e\xf0\x9f\x8f\xbb\xe2\x80\x8d\xe2\x99\x80\xef\xb8\x8f\xe2\x80\x8d\xe2\x9e\xa1\xef\xb8\x8f",3013},
{"\xf0\x9f\xa7\x8e\xf0\x9f\x8f\xbb\xe2\x80\x8d\xe2\x99\x82",3016},
{"\xf0\x9f\xa7\x8e\xf0\x9f\x8f\xbb\xe2\x80\x8d\xe2\x99\x82\xe2\x80\x8d\xe2\x9e\xa1",3015},
{"\xf0\x9f\xa7\x8e\xf0\x9f\x8f\xbb\xe2\x80\x8d\xe2\x99\x82\xef\xb8\x8f",3016},
{"\xf0\x9f\xa7\x8e\xf0\x9f\x8f\xbb\xe2\x80\x8d\xe2\x99\x82\xef\xb8\x8f\xe2\x80\x8d\xe2\x9e\xa1\xef\xb8\x8f",3015},
{"\xf0\x9f\xa7\x8e\xf0\x9f\x8f\xbb\xe2\x80\x8d\xe2\x9e\xa1",3017},
{"\xf0\x9f\xa7\x8e\xf0\x9f\x8f\xbb\xe2\x80\x8d\xe2\x9e\xa1\xef\xb8\x8f",3017},
{"\xf0\x9f\xa7\x8e\xf0\x9f\x8f\xbb\xef\xb8\x8f",3018},
{"\xf0\x9f\xa7\x8e\xf0\x9f\x8f\xbc",3024},
{"\xf0\x9f\xa7\x8e\xf0\x9f\x8f\xbc\xe2\x80\x8d\xe2\x99\x80",3020},
{"\xf0\x9f\xa7\x8e\xf0\x9f\x8f\xbc\xe2\x80\x8d\xe2\x99\x80\xe2\x80\x8d\xe2\x9e\xa1",3019},
{"\xf0\x9f\xa7\x8e\xf0\x9f\x8f\xbc\xe2\x80\x8d\xe2\x99\x80\xef\xb8\x8f",3020},
{"\xf0\x9f\xa7\x8e\xf0\x9f\x8f\xbc\xe2\x80\x8d\xe2\x99\x80\xef\xb8\x8f\xe2\x80\x8d\xe2\x9e\xa1\xef\xb8\x8f",3019},
{"\xf0\x9f\xa7\x8e\xf0\x9f\x8f\xbc\xe2\x80\x8d\xe2\x99\x82",3022},
{"\xf0\x9f\xa7\x8e\xf0\x9f\x8f\xbc\xe2\x80\x8d\xe2\x99\x82\xe2\x80\x8d\xe2\x9e\xa1",3021},
{"\xf0\x9f\xa7\x8e\xf0\x9f\x8f\xbc\xe2\x80\x8d\xe2\x99\x82\xef\xb8\x8f",3022},
{"\xf0\x9f\xa7\x8e\xf0\x9f\x8f\xbc\xe2\x80\x8d\xe2\x99\x82\xef\xb8\x8f\xe2\x80\x8d\xe2\x9e\xa1\xef\xb8\x8f",3021},
{"\xf0\x9f\xa7\x8e\xf0\x9f\x8f\xbc\xe2\x80\x8d\xe2\x9e\xa1",3023},
{"\xf0\x9f\xa7\x8e\xf0\x9f\x8f\xbc\xe2\x80\x8d\xe2\x9e\xa1\xef\xb8\x8f",3023},
{"\xf0\x9f\xa7\x8e\xf0\x9f\x8f\xbc\xef\xb8\x8f",3024},
{"\xf0\x9f\xa7\x8e\xf0\x9f\x8f\xbd",3030},
{"\xf0\x9f\xa7\x8e\xf0\x9f\x8f\xbd\xe2\x80\x8d\xe2\x99\x80",3026},
{"\xf0\x9f\xa7\x8e\xf0\x9f\x8f\xbd\xe2\x80\x8d\xe2\x99\x80\xe2\x80\x8d\xe2\x9e\xa1",3025},
{"\xf0\x9f\xa7\x8e\xf0\x9f\x8f\xbd\xe2\x80\x8d\xe2\x99\x80\xef\xb8\x8f",3026},
{"\xf0\x9f\xa7\x8e\xf0\x9f\x8f\xbd\xe2\x80\x8d\xe2\x99\x80\xef\xb8\x8f\xe2\x80\x8d\xe2\x9e\xa1\xef\xb8\x8f",3025},
{"\xf0\x9f\xa7\x8e\xf0\x9f\x8f\xbd\xe2\x80\x8d\xe2\x99\x82",3028},
{"\xf0\x9f\xa7\x8e\xf0\x9f\x8f\xbd\xe2\x80\x8d\xe2\x99\x82\xe2\x80\x8d\xe2\x9e\xa1",3027},
{"\xf0\x9f\xa7\x8e\xf0\x9f\x8f\xbd\xe2\x80\x8d\xe2\x99\x82\xef\xb8\x8f",3028},
{"\xf0\x9f\xa7\x8e\xf0\x9f\x8f\xbd\xe2\x80\x8d\xe2\x99\x82\xef\xb8\x8f\xe2\x80\x8d\xe2\x9e\xa1\xef\xb8\x8f",3027},
{"\xf0\x9f\xa7\x8e\xf0\x9f\x8f\xbd\xe2\x80\x8d\xe2\x9e\xa1",3029},
{"\xf0\x9f\xa7\x8e\xf0\x9f\x8f\xbd\xe2\x80\x8d\xe2\x9e\xa1\xef\xb8\x8f",3029},
{"\xf0\x9f\xa7\x8e\xf0\x9f\x8f\xbd\xef\xb8\x8f",3030},
{"\xf0\x9f\xa7\x8e\xf0\x9f\x8f\xbe",3036},
{"\xf0\x9f\xa7\x8e\xf0\x9f\x8f\xbe\xe2\x80\x8d\xe2\x99\x80",3032},
{"\xf0\x9f\xa7\x8e\xf0\x9f\x8f\xbe\xe2\x80\x8d\xe2\x99\x80\xe2\x80\x8d\xe2\x9e\xa1",3031},
{"\xf0\x9f\xa7\x8e\xf0\x9f\x8f\xbe\xe2\x80\x8d\xe2\x99\x80\xef\xb8\x8f",3032},
{"\xf0\x9f\xa7\x8e\xf0\x9f\x8f\xbe\xe2\x80\x8d\xe2\x99\x80\xef\xb8\x8f\xe2\x80\x8d\xe2\x9e\xa1\xef\xb8\x8f",3031},
{"\xf0\x9f\xa7\x8e\xf0\x9f\x8f\xbe\xe2\x80\x8d\xe2\x99\x82",3034},
{"\xf0\x9f\xa7\x8e\xf0\x9f\x8f\xbe\xe2\x80\x8d\xe2\x99\x82\xe2\x80\x8d\xe2\x9e\xa1",3033},
{"\xf0\x9f\xa7\x8e\xf0\x9f\x8f\xbe\xe2\x80\x8d\xe2\x99\x82\xef\xb8\x8f",3034},
{"\xf0\x9f\xa7\x8e\xf0\x9f\x8f\xbe\xe2\x80\x8d\xe2\x99\x82\xef\xb8\x8f\xe2\x80\x8d\xe2\x9e\xa1\xef\xb8\x8f",3033},
{"\xf0\x9f\xa7\x8e\xf0\x9f\x8f\xbe\xe2\x80\x8d\xe2\x9e\xa1",3035},
{"\xf0\x9f\xa7\x8e\xf0\x9f\x8f\xbe\xe2\x80\x8d\xe2\x9e\xa1\xef\xb8\x8f",3035},
{"\xf0\x9f\xa7\x8e\xf0\x9f\x8f\xbe\xef\xb8\x8f",3036},
{"\xf0\x9f\xa7\x8e\xf0\x9f\x8f\xbf",3042},
{"\xf0\x9f\xa7\x8e\xf0\x9f\x8f\xbf\xe2\x80\x8d\xe2\x99\x80",3038},
{"\xf0\x9f\xa7\x8e\xf0\x9f\x8f\xbf\xe2\x80\x8d\xe2\x99\x80\xe2\x80\x8d\xe2\x9e\xa1",3037},
{"\xf0\x9f\xa7\x8e\xf0\x9f\x8f\xbf\xe2\x80\x8d\xe2\x99\x80\xef\xb8\x8f",3038},
{"\xf0\x9f\xa7\x8e\xf0\x9f\x8f\xbf\xe2\x80\x8d\xe2\x99\x80\xef\xb8\x8f\xe2\x80\x8d\xe2\x9e\xa1\xef\xb8\x8f",3037},
{"\xf0\x9f\xa7\x8e\xf0\x9f\x8f\xbf\xe2\x80\x8d\xe2\x99\x82",3040},
{"\xf0\x9f\xa7\x8e\xf0\x9f\x8f\xbf\xe2\x80\x8d\xe2\x99\x82\xe2\x80\x8d\xe2\x9e\xa1",3039},
{"\xf0\x9f\xa7\x8e\xf0\x9f\x8f\xbf\xe2\x80\x8d\xe2\x99\x82\xef\xb8\x8f",3040},
{"\xf0\x9f\xa7\x8e\xf0\x9f\x8f\xbf\xe2\x80\x8d\xe2\x99\x82\xef\xb8\x8f\xe2\x80\x8d\xe2\x9e\xa1\xef\xb8\x8f",3039},
{"\xf0\x9f\xa7\x8e\xf0\x9f\x8f\xbf\xe2\x80\x8d\xe2\x9e\xa1",3041},
{"\xf0\x9f\xa7\x8e\xf0\x9f\x8f\xbf\xe2\x80\x8d\xe2\x9e\xa1\xef\xb8\x8f",3041},
{"\xf0\x9f\xa7\x8e\xf0\x9f\x8f\xbf\xef\xb8\x8f",3042},
{"\xf0\x9f\xa7\x8f",3066},
{"\xf0\x9f\xa7\x8f\xe2\x80\x8d\xe2\x99\x80",3064},
{"\xf0\x9f\xa7\x8f\xe2\x80\x8d\xe2\x99\x80\xef\xb8\x8f",3064},
{"\xf0\x9f\xa7\x8f\xe2\x80\x8d\xe2\x99\x82",3065},
{"\xf0\x9f\xa7\x8f\xe2\x80\x8d\xe2\x99\x82\xef\xb8\x8f",3065},
{"\xf0\x9f\xa7\x8f\xef\xb8\x8f",3066},
{"\xf0\x9f\xa7\x8f\xf0\x9f\x8f\xbb",3051},
{"\xf0\x9f\xa7\x8f\xf0\x9f\x8f\xbb\xe2\x80\x8d\xe2\x99\x80",3049},
{"\xf0\x9f\xa7\x8f\xf0\x9f\x8f\xbb\xe2\x80\x8d\xe2\x99\x80\xef\xb8\x8f",3049},
{"\xf0\x9f\xa7\x8f\xf0\x9f\x8f\xbb\xe2\x80\x8d\xe2\x99\x82",3050},
{"\xf0\x9f\xa7\x8f\xf0\x9f\x8f\xbb\xe2\x80\x8d\xe2\x99\x82\xef\xb8\x8f",3050},
{"\xf0\x9f\xa7\x8f\xf0\x9f\x8f\xbb\xef\xb8\x8f",3051},
{"\xf0\x9f\xa7\x8f\xf0\x9f\x8f\xbc",3054},
{"\xf0\x9f\xa7\x8f\xf0\x9f\x8f\xbc\xe2\x80\x8d\xe2\x99\x80",3052},
{"\xf0\x9f\xa7\x8f\xf0\x9f\x8f\xbc\xe2\x80\x8d\xe2\x99\x80\xef\xb8\x8f",3052},
{"\xf0\x9f\xa7\x8f\xf0\x9f\x8f\xbc\xe2\x80\x8d\xe2\x99\x82",3053},
{"\xf0\x9f\xa7\x8f\xf0\x9f\x8f\xbc\xe2\x80\x8d\xe2\x99\x82\xef\xb8\x8f",3053},
{"\xf0\x9f\xa7\x8f\xf0\x9f\x8f\xbc\xef\xb8\x8f",3054},
{"\xf0\x9f\xa7\x8f\xf0\x9f\x8f\xbd",3057},
{"\xf0\x9f\xa7\x8f\xf0\x9f\x8f\xbd\xe2\x80\x8d\xe2\x99\x80",3055},
{"\xf0\x9f\xa7\x8f\xf0\x9f\x8f\xbd\xe2\x80\x8d\xe2\x99\x80\xef\xb8\x8f",3055},
{"\xf0\x9f\xa7\x8f\xf0\x9f\x8f\xbd\xe2\x80\x8d\xe2\x99\x82",3056},
{"\xf0\x9f\xa7\x8f\xf0\x9f\x8f\xbd\xe2\x80\x8d\xe2\x99\x82\xef\xb8\x8f",3056},
{"\xf0\x9f\xa7\x8f\xf0\x9f\x8f\xbd\xef\xb8\x8f",3057},
{"\xf0\x9f\xa7\x8f\xf0\x9f\x8f\xbe",3060},
{"\xf0\x9f\xa7\x8f\xf0\x9f\x8f\xbe\xe2\x80\x8d\xe2\x99\x80",3058},
{"\xf0\x9f\xa7\x8f\xf0\x9f\x8f\xbe\xe2\x80\x8d\xe2\x99\x80\xef\xb8\x8f",3058},
{"\xf0\x9f\xa7\x8f\xf0\x9f\x8f\xbe\xe2\x80\x8d\xe2\x99\x82",3059},
{"\xf0\x9f\xa7\x8f\xf0\x9f\x8f\xbe\xe2\x80\x8d\xe2\x99\x82\xef\xb8\x8f",3059},
{"\xf0\x9f\xa7\x8f\xf0\x9f\x8f\xbe\xef\xb8\x8f",3060},
{"\xf0\x9f\xa7\x8f\xf0\x9f\x8f\xbf",3063},
{"\xf0\x9f\xa7\x8f\xf0\x9f\x8f\xbf\xe2\x80\x8d\xe2\x99\x80",3061},
{"\xf0\x9f\xa7\x8f\xf0\x9f\x8f\xbf\xe2\x80\x8d\xe2\x99\x80\xef\xb8\x8f",3061},
{"\xf0\x9f\xa7\x8f\xf0\x9f\x8f\xbf\xe2\x80\x8d\xe2\x99\x82",3062},
{"\xf0\x9f\xa7\x8f\xf0\x9f\x8f\xbf\xe2\x80\x8d\xe2\x99\x82\xef\xb8\x8f",3062},
{"\xf0\x9f\xa7\x8f\xf0\x9f\x8f\xbf\xef\xb8\x8f",3063},
{"\xf0\x9f\xa7\x90",3067},
{"\xf0\x9f\xa7\x90\xef\xb8\x8f",3067},
{"\xf0\x9f\xa7\x91",3357},
{"\xf0\x9f\xa7\x91\xe2\x80\x8d\xe2\x9a\x95",3354},
{"\xf0\x9f\xa7\x91\xe2\x80\x8d\xe2\x9a\x95\xef\xb8\x8f",3354},
{"\xf0\x9f\xa7\x91\xe2\x80\x8d\xe2\x9a\x96",3355},
{"\xf0\x9f\xa7\x91\xe2\x80\x8d\xe2\x9a\x96\xef\xb8\x8f",3355},
{"\xf0\x9f\xa7\x91\xe2\x80\x8d\xe2\x9c\x88",3356},
{"\xf0\x9f\xa7\x91\xe2\x80\x8d\xe2\x9c\x88\xef\xb8\x8f",3356},
{"\xf0\x9f\xa7\x91\xe2\x80\x8d\xf0\x9f\x8c\xbe",3323},
{"\xf0\x9f\xa7\x91\xe2\x80\x8d\xf0\x9f\x8d\xb3",3324},
{"\xf0\x9f\xa7\x91\xe2\x80\x8d\xf0\x9f\x8d\xbc",3325},
{"\xf0\x9f\xa7\x91\xe2\x80\x8d\xf0\x9f\x8e\x84",3326},
{"\xf0\x9f\xa7\x91\xe2\x80\x8d\xf0\x9f\x8e\x93",3327},
{"\xf0\x9f\xa7\x91\xe2\x80\x8d\xf0\x9f\x8e\xa4",3328},
{"\xf0\x9f\xa7\x91\xe2\x80\x8d\xf0\x9f\x8e\xa8",3329},
{"\xf0\x9f\xa7\x91\xe2\x80\x8d\xf0\x9f\x8f\xab",3330},
{"\xf0\x9f\xa7\x91\xe2\x80\x8d\xf0\x9f\x8f\xad",3331},
{"\xf0\x9f\xa7\x91\xe2\x80\x8d\xf0\x9f\x92\xbb",3332},
{"\xf0\x9f\xa7\x91\xe2\x80\x8d\xf0\x9f\x92\xbc",3333},
{"\xf0\x9f\xa7\x91\xe2\x80\x8d\xf0\x9f\x94\xa7",3334},
{"\xf0\x9f\xa7\x91\xe2\x80\x8d\xf0\x9f\x94\xac",3335},
{"\xf0\x9f\xa7\x91\xe2\x80\x8d\xf0\x9f\x9a\x80",3336},
{"\xf0\x9f\xa7\x91\xe2\x80\x8d\xf0\x9f\x9a\x92",3337},
{"\xf0\x9f\xa7\x91\xe2\x80\x8d\xf0\x9f\xa4\x9d\xe2\x80\x8d\xf0\x9f\xa7\x91",3338},
{"\xf0\x9f\xa7\x91\xe2\x80\x8d\xf0\x9f\xa6\xaf",3340},
{"\xf0\x9f\xa7\x91\xe2\x80\x8d\xf0\x9f\xa6\xaf\xe2\x80\x8d\xe2\x9e\xa1",3339},
{"\xf0\x9f\xa7\x91\xe2\x80\x8d\xf0\x9f\xa6\xaf\xe2\x80\x8d\xe2\x9e\xa1\xef\xb8\x8f",3339},
{"\xf0\x9f\xa7\x91\xe2\x80\x8d\xf0\x9f\xa6\xb0",3341},
{"\xf0\x9f\xa7\x91\xe2\x80\x8d\xf0\x9f\xa6\xb1",3342},
{"\xf0\x9f\xa7\x91\xe2\x80\x8d\xf0\x9f\xa6\xb2",3343},
{"\xf0\x9f\xa7\x91\xe2\x80\x8d\xf0\x9f\xa6\xb3",3344},
{"\xf0\x9f\xa7\x91\xe2\x80\x8d\xf0\x9f\xa6\xbc",3346},
{"\xf0\x9f\xa7\x91\xe2\x80\x8d\xf0\x9f\xa6\xbc\xe2\x80\x8d\xe2\x9e\xa1",3345},
{"\xf0\x9f\xa7\x91\xe2\x80\x8d\xf0\x9f\xa6\xbc\xe2\x80\x8d\xe2\x9e\xa1\xef\xb8\x8f",3345},
{"\xf0\x9f\xa7\x91\xe2\x80\x8d\xf0\x9f\xa6\xbd",3348},
{"\xf0\x9f\xa7\x91\xe2\x80\x8d\xf0\x9f\xa6\xbd\xe2\x80\x8d\xe2\x9e\xa1",3347},
{"\xf0\x9f\xa7\x91\xe2\x80\x8d\xf0\x9f\xa6\xbd\xe2\x80\x8d\xe2\x9e\xa1\xef\xb8\x8f",3347},
{"\xf0\x9f\xa7\x91\xe2\x80\x8d\xf0\x9f\xa7\x91\xe2\x80\x8d\xf0\x9f\xa7\x92",3350},
{"\xf0\x9f\xa7\x91\xe2\x80\x8d\xf0\x9f\xa7\x91\xe2\x80\x8d\xf0\x9f\xa7\x92\xe2\x80\x8d\xf0\x9f\xa7\x92",3349},
{"\xf0\x9f\xa7\x91\xe2\x80\x8d\xf0\x9f\xa7\x92",3352},
{"\xf0\x9f\xa7\x91\xe2\x80\x8d\xf0\x9f\xa7\x92\xe2\x80\x8d\xf0\x9f\xa7\x92",3351},
{"\xf0\x9f\xa7\x91\xe2\x80\x8d\xf0\x9f\xa9\xb0",3353},
{"\xf0\x9f\xa7\x91\xef\xb8\x8f",3357},
{"\xf0\x9f\xa7\x91\xf0\x9f\x8f\xbb",3118},
{"\xf0\x9f\xa7\x91\xf0\x9f\x8f\xbb\xe2\x80\x8d\xe2\x9a\x95",3107},
{"\xf0\x9f\xa7\x91\xf0\x9f\x8f\xbb\xe2\x80\x8d\xe2\x9a\x95\xef\xb8\x8f",3107},
{"\xf0\x9f\xa7\x91\xf0\x9f\x8f\xbb\xe2\x80\x8d\xe2\x9a\x96",3108},
{"\xf0\x9f\xa7\x91\xf0\x9f\x8f\xbb\xe2\x80\x8d\xe2\x9a\x96\xef\xb8\x8f",3108},
{"\xf0\x9f\xa7\x91\xf0\x9f\x8f\xbb\xe2\x80\x8d\xe2\x9c\x88",3109},
{"\xf0\x9f\xa7\x91\xf0\x9f\x8f\xbb\xe2\x80\x8d\xe2\x9c\x88\xef\xb8\x8f",3109},
{"\xf0\x9f\xa7\x91\xf0\x9f\x8f\xbb\xe2\x80\x8d\xe2\x9d\xa4\xe2\x80\x8d\xf0\x9f\x92\x8b\xe2\x80\x8d\xf0\x9f\xa7\x91\xf0\x9f\x8f\xbc",3110},
{"\xf0\x9f\xa7\x91\xf0\x9f\x8f\xbb\xe2\x80\x8d\xe2\x9d\xa4\xe2\x80\x8d\xf0\x9f\x92\x8b\xe2\x80\x8d\xf0\x9f\xa7\x91\xf0\x9f\x8f\xbd",3111},
{"\xf0\x9f\xa7\x91\xf0\x9f\x8f\xbb\xe2\x80\x8d\xe2\x9d\xa4\xe2\x80\x8d\xf0\x9f\x92\x8b\xe2\x80\x8d\xf0\x9f\xa7\x91\xf0\x9f\x8f\xbe",3112},
{"\xf0\x9f\xa7\x91\xf0\x9f\x8f\xbb\xe2\x80\x8d\xe2\x9d\xa4\xe2\x80\x8d\xf0\x9f\x92\x8b\xe2\x80\x8d\xf0\x9f\xa7\x91\xf0\x9f\x8f\xbf",3113},
{"\xf0\x9f\xa7\x91\xf0\x9f\x8f\xbb\xe2\x80\x8d\xe2\x9d\xa4\xe2\x80\x8d\xf0\x9f\xa7\x91\xf0\x9f\x8f\xbc",3114},
{"\xf0\x9f\xa7\x91\xf0\x9f\x8f\xbb\xe2\x80\x8d\xe2\x9d\xa4\xe2\x80\x8d\xf0\x9f\xa7\x91\xf0\x9f\x8f\xbd",3115},
{"\xf0\x9f\xa7\x91\xf0\x9f\x8f\xbb\xe2\x80\x8d\xe2\x9d\xa4\xe2\x80\x8d\xf0\x9f\xa7\x91\xf0\x9f\x8f\xbe",3116},
{"\xf0\x9f\xa7\x91\xf0\x9f\x8f\xbb\xe2\x80\x8d\xe2\x9d\xa4\xe2\x80\x8d\xf0\x9f\xa7\x91\xf0\x9f\x8f\xbf",3117},
{"\xf0\x9f\xa7\x91\xf0\x9f\x8f\xbb\xe2\x80\x8d\xe2\x9d\xa4\xef\xb8\x8f\xe2\x80\x8d\xf0\x9f\x92\x8b\xe2\x80\x8d\xf0\x9f\xa7\x91\xf0\x9f\x8f\xbc",3110},
{"\xf0\x9f\xa7\x91\xf0\x9f\x8f\xbb\xe2\x80\x8d\xe2\x9d\xa4\xef\xb8\x8f\xe2\x80\x8d\xf0\x9f\x92\x8b\xe2\x80\x8d\xf0\x9f\xa7\x91\xf0\x9f\x8f\xbd",3111},
{"\xf0\x9f\xa7\x91\xf0\x9f\x8f\xbb\xe2\x80\x8d\xe2\x9d\xa4\xef\xb8\x8f\xe2\x80\x8d\xf0\x9f\x92\x8b\xe2\x80\x8d\xf0\x9f\xa7\x91\xf0\x9f\x8f\xbe",3112},
{"\xf0\x9f\xa7\x91\xf0\x9f\x8f\xbb\xe2\x80\x8d\xe2\x9d\xa4\xef\xb8\x8f\xe2\x80\x8d\xf0\x9f\x92\x8b\xe2\x80\x8d\xf0\x9f\xa7\x91\xf0\x9f\x8f\xbf",3113},
{"\xf0\x9f\xa7\x91\xf0\x9f\x8f\xbb\xe2\x80\x8d\xe2\x9d\xa4\xef\xb8\x8f\xe2\x80\x8d\xf0\x9f\xa7\x91\xf0\x9f\x8f\xbc",3114},
{"\xf0\x9f\xa7\x91\xf0\x9f\x8f\xbb\xe2\x80\x8d\xe2\x9d\xa4\xef\xb8\x8f\xe2\x80\x8d\xf0\x9f\xa7\x91\xf0\x9f\x8f\xbd",3115},
{"\xf0\x9f\xa7\x91\xf0\x9f\x8f\xbb\xe2\x80\x8d\xe2\x9d\xa4\xef\xb8\x8f\xe2\x80\x8d\xf0\x9f\xa7\x91\xf0\x9f\x8f\xbe",3116},
{"\xf0\x9f\xa7\x91\xf0\x9f\x8f\xbb\xe2\x80\x8d\xe2\x9d\xa4\xef\xb8\x8f\xe2\x80\x8d\xf0\x9f\xa7\x91\xf0\x9f\x8f\xbf",3117},
{"\xf0\x9f\xa7\x91\xf0\x9f\x8f\xbb\xe2\x80\x8d\xf0\x9f\x8c\xbe",3068},
{"\xf0\x9f\xa7\x91\xf0\x9f\x8f\xbb\xe2\x80\x8d\xf0\x9f\x8d\xb3",3069},
{"\xf0\x9f\xa7\x91\xf0\x9f\x8f\xbb\xe2\x80\x8d\xf0\x9f\x8d\xbc",3070},
{"\xf0\x9f\xa7\x91\xf0\x9f\x8f\xbb\xe2\x80\x8d\xf0\x9f\x8e\x84",3071},
{"\xf0\x9f\xa7\x91\xf0\x9f\x8f\xbb\xe2\x80\x8d\xf0\x9f\x8e\x93",3072},
{"\xf0\x9f\xa7\x91\xf0\x9f\x8f\xbb\xe2\x80\x8d\xf0\x9f\x8e\xa4",3073},
{"\xf0\x9f\xa7\x91\xf0\x9f\x8f\xbb\xe2\x80\x8d\xf0\x9f\x8e\xa8",3074},
{"\xf0\x9f\xa7\x91\xf0\x9f\x8f\xbb\xe2\x80\x8d\xf0\x9f\x8f\xab",3075},
{"\xf0\x9f\xa7\x91\xf0\x9f\x8f\xbb\xe2\x80\x8d\xf0\x9f\x8f\xad",3076},
{"\xf0\x9f\xa7\x91\xf0\x9f\x8f\xbb\xe2\x80\x8d\xf0\x9f\x90\xb0\xe2\x80\x8d\xf0\x9f\xa7\x91\xf0\x9f\x8f\xbc",3077},
{"\xf0\x9f\xa7\x91\xf0\x9f\x8f\xbb\xe2\x80\x8d\xf0\x9f\x90\xb0\xe2\x80\x8d\xf0\x9f\xa7\x91\xf0\x9f\x8f\xbd",3078},
{"\xf0\x9f\xa7\x91\xf0\x9f\x8f\xbb\xe2\x80\x8d\xf0\x9f\x90\xb0\xe2\x80\x8d\xf0\x9f\xa7\x91\xf0\x9f\x8f\xbe",3079},
{"\xf0\x9f\xa7\x91\xf0\x9f\x8f\xbb\xe2\x80\x8d\xf0\x9f\x90\xb0\xe2\x80\x8d\xf0\x9f\xa7\x91\xf0\x9f\x8f\xbf",3080},
{"\xf0\x9f\xa7\x91\xf0\x9f\x8f\xbb\xe2\x80\x8d\xf0\x9f\x92\xbb",3081},
{"\xf0\x9f\xa7\x91\xf0\x9f\x8f\xbb\xe2\x80\x8d\xf0\x9f\x92\xbc",3082},
{"\xf0\x9f\xa7\x91\xf0\x9f\x8f\xbb\xe2\x80\x8d\xf0\x9f\x94\xa7",3083},
{"\xf0\x9f\xa7\x91\xf0\x9f\x8f\xbb\xe2\x80\x8d\xf0\x9f\x94\xac",3084},
{"\xf0\x9f\xa7\x91\xf0\x9f\x8f\xbb\xe2\x80\x8d\xf0\x9f\x9a\x80",3085},
{"\xf0\x9f\xa7\x91\xf0\x9f\x8f\xbb\xe2\x80\x8d\xf0\x9f\x9a\x92",3086},
{"\xf0\x9f\xa7\x91\xf0\x9f\x8f\xbb\xe2\x80\x8d\xf0\x9f\xa4\x9d\xe2\x80\x8d\xf0\x9f\xa7\x91\xf0\x9f\x8f\xbb",3087},
{"\xf0\x9f\xa7\x91\xf0\x9f\x8f\xbb\xe2\x80\x8d\xf0\x9f\xa4\x9d\xe2\x80\x8d\xf0\x9f\xa7\x91\xf0\x9f\x8f\xbc",3088},
{"\xf0\x9f\xa7\x91\xf0\x9f\x8f\xbb\xe2\x80\x8d\xf0\x9f\xa4\x9d\xe2\x80\x8d\xf0\x9f\xa7\x91\xf0\x9f\x8f\xbd",3089},
{"\xf0\x9f\xa7\x91\xf0\x9f\x8f\xbb\xe2\x80\x8d\xf0\x9f\xa4\x9d\xe2\x80\x8d\xf0\x9f\xa7\x91\xf0\x9f\x8f\xbe",3090},
{"\xf0\x9f\xa7\x91\xf0\x9f\x8f\xbb\xe2\x80\x8d\xf0\x9f\xa4\x9d\xe2\x80\x8d\xf0\x9f\xa7\x91\xf0\x9f\x8f\xbf",3091},
{"\xf0\x9f\xa7\x91\xf0\x9f\x8f\xbb\xe2\x80\x8d\xf0\x9f\xa6\xaf",3093},
{"\xf0\x9f\xa7\x91\xf0\x9f\x8f\xbb\xe2\x80\x8d\xf0\x9f\xa6\xaf\xe2\x80\x8d\xe2\x9e\xa1",3092},
{"\xf0\x9f\xa7\x91\xf0\x9f\x8f\xbb\xe2\x80\x8d\xf0\x9f\xa6\xaf\xe2\x80\x8d\xe2\x9e\xa1\xef\xb8\x8f",3092},
{"\xf0\x9f\xa7\x91\xf0\x9f\x8f\xbb\xe2\x80\x8d\xf0\x9f\xa6\xb0",3094},
{"\xf0\x9f\xa7\x91\xf0\x9f\x8f\xbb\xe2\x80\x8d\xf0\x9f\xa6\xb1",3095},
{"\xf0\x9f\xa7\x91\xf0\x9f\x8f\xbb\xe2\x80\x8d\xf0\x9f\xa6\xb2",3096},
{"\xf0\x9f\xa7\x91\xf0\x9f\x8f\xbb\xe2\x80\x8d\xf0\x9f\xa6\xb3",3097},
{"\xf0\x9f\xa7\x91\xf0\x9f\x8f\xbb\xe2\x80\x8d\xf0\x9f\xa6\xbc",3099},
{"\xf0\x9f\xa7\x91\xf0\x9f\x8f\xbb\xe2\x80\x8d\xf0\x9f\xa6\xbc\xe2\x80\x8d\xe2\x9e\xa1",3098},
{"\xf0\x9f\xa7\x91\xf0\x9f\x8f\xbb\xe2\x80\x8d\xf0\x9f\xa6\xbc\xe2\x80\x8d\xe2\x9e\xa1\xef\xb8\x8f",3098},
{"\xf0\x9f\xa7\x91\xf0\x9f\x8f\xbb\xe2\x80\x8d\xf0\x9f\xa6\xbd",3101},
{"\xf0\x9f\xa7\x91\xf0\x9f\x8f\xbb\xe2\x80\x8d\xf0\x9f\xa6\xbd\xe2\x80\x8d\xe2\x9e\xa1",3100},
{"\xf0\x9f\xa7\x91\xf0\x9f\x8f\xbb\xe2\x80\x8d\xf0\x9f\xa6\xbd\xe2\x80\x8d\xe2\x9e\xa1\xef\xb8\x8f",3100},
{"\xf0\x9f\xa7\x91\xf0\x9f\x8f\xbb\xe2\x80\x8d\xf0\x9f\xa9\xb0",3102},
{"\xf0\x9f\xa7\x91\xf0\x9f\x8f\xbb\xe2\x80\x8d\xf0\x9f\xab\xaf\xe2\x80\x8d\xf0\x9f\xa7\x91\xf0\x9f\x8f\xbc",3103},
{"\xf0\x9f\xa7\x91\xf0\x9f\x8f\xbb\xe2\x80\x8d\xf0\x9f\xab\xaf\xe2\x80\x8d\xf0\x9f\xa7\x91\xf0\x9f\x8f\xbd",3104},
{"\xf0\x9f\xa7\x91\xf0\x9f\x8f\xbb\xe2\x80\x8d\xf0\x9f\xab\xaf\xe2\x80\x8d\xf0\x9f\xa7\x91\xf0\x9f\x8f\xbe",3105},
{"\xf0\x9f\xa7\x91\xf0\x9f\x8f\xbb\xe2\x80\x8d\xf0\x9f\xab\xaf\xe2\x80\x8d\xf0\x9f\xa7\x91\xf0\x9f\x8f\xbf",3106},
{"\xf0\x9f\xa7\x91\xf0\x9f\x8f\xbb\xef\xb8\x8f",3118},
{"\xf0\x9f\xa7\x91\xf0\x9f\x8f\xbc",3169},
{"\xf0\x9f\xa7\x91\xf0\x9f\x8f\xbc\xe2\x80\x8d\xe2\x9a\x95",3158},
{"\xf0\x9f\xa7\x91\xf0\x9f\x8f\xbc\xe2\x80\x8d\xe2\x9a\x95\xef\xb8\x8f",3158},
{"\xf0\x9f\xa7\x91\xf0\x9f\x8f\xbc\xe2\x80\x8d\xe2\x9a\x96",3159},
{"\xf0\x9f\xa7\x91\xf0\x9f\x8f\xbc\xe2\x80\x8d\xe2\x9a\x96\xef\xb8\x8f",3159},
{"\xf0\x9f\xa7\x91\xf0\x9f\x8f\xbc\xe2\x80\x8d\xe2\x9c\x88",3160},
{"\xf0\x9f\xa7\x91\xf0\x9f\x8f\xbc\xe2\x80\x8d\xe2\x9c\x88\xef\xb8\x8f",3160},
{"\xf0\x9f\xa7\x91\xf0\x9f\x8f\xbc\xe2\x80\x8d\xe2\x9d\xa4\xe2\x80\x8d\xf0\x9f\x92\x8b\xe2\x80\x8d\xf0\x9f\xa7\x91\xf0\x9f\x8f\xbb",3161},
{"\xf0\x9f\xa7\x91\xf0\x9f\x8f\xbc\xe2\x80\x8d\xe2\x9d\xa4\xe2\x80\x8d\xf0\x9f\x92\x8b\xe2\x80\x8d\xf0\x9f\xa7\x91\xf0\x9f\x8f\xbd",3162},
{"\xf0\x9f\xa7\x91\xf0\x9f\x8f\xbc\xe2\x80\x8d\xe2\x9d\xa4\xe2\x80\x8d\xf0\x9f\x92\x8b\xe2\x80\x8d\xf0\x9f\xa7\x91\xf0\x9f\x8f\xbe",3163},
{"\xf0\x9f\xa7\x91\xf0\x9f\x8f\xbc\xe2\x80\x8d\xe2\x9d\xa4\xe2\x80\x8d\xf0\x9f\x92\x8b\xe2\x80\x8d\xf0\x9f\xa7\x91\xf0\x9f\x8f\xbf",3164},
{"\xf0\x9f\xa7\x91\xf0\x9f\x8f\xbc\xe2\x80\x8d\xe2\x9d\xa4\xe2\x80\x8d\xf0\x9f\xa7\x91\xf0\x9f\x8f\xbb",3165},
{"\xf0\x9f\xa7\x91\xf0\x9f\x8f\xbc\xe2\x80\x8d\xe2\x9d\xa4\xe2\x80\x8d\xf0\x9f\xa7\x91\xf0\x9f\x8f\xbd",3166},
{"\xf0\x9f\xa7\x91\xf0\x9f\x8f\xbc\xe2\x80\x8d\xe2\x9d\xa4\xe2\x80\x8d\xf0\x9f\xa7\x91\xf0\x9f\x8f\xbe",3167},
{"\xf0\x9f\xa7\x91\xf0\x9f\x8f\xbc\xe2\x80\x8d\xe2\x9d\xa4\xe2\x80\x8d\xf0\x9f\xa7\x91\xf0\x9f\x8f\xbf",3168},
{"\xf0\x9f\xa7\x91\xf0\x9f\x8f\xbc\xe2\x80\x8d\xe2\x9d\xa4\xef\xb8\x8f\xe2\x80\x8d\xf0\x9f\x92\x8b\xe2\x80\x8d\xf0\x9f\xa7\x91\xf0\x9f\x8f\xbb",3161},
{"\xf0\x9f\xa7\x91\xf0\x9f\x8f\xbc\xe2\x80\x8d\xe2\x9d\xa4\xef\xb8\x8f\xe2\x80\x8d\xf0\x9f\x92\x8b\xe2\x80\x8d\xf0\x9f\xa7\x91\xf0\x9f\x8f\xbd",3162},
{"\xf0\x9f\xa7\x91\xf0\x9f\x8f\xbc\xe2\x80\x8d\xe2\x9d\xa4\xef\xb8\x8f\xe2\x80\x8d\xf0\x9f\x92\x8b\xe2\x80\x8d\xf0\x9f\xa7\x91\xf0\x9f\x8f\xbe",3163},
{"\xf0\x9f\xa7\x91\xf0\x9f\x8f\xbc\xe2\x80\x8d\xe2\x9d\xa4\xef\xb8\x8f\xe2\x80\x8d\xf0\x9f\x92\x8b\xe2\x80\x8d\xf0\x9f\xa7\x91\xf0\x9f\x8f\xbf",3164},
{"\xf0\x9f\xa7\x91\xf0\x9f\x8f\xbc\xe2\x80\x8d\xe2\x9d\xa4\xef\xb8\x8f\xe2\x80\x8d\xf0\x9f\xa7\x91\xf0\x9f\x8f\xbb",3165},
{"\xf0\x9f\xa7\x91\xf0\x9f\x8f\xbc\xe2\x80\x8d\xe2\x9d\xa4\xef\xb8\x8f\xe2\x80\x8d\xf0\x9f\xa7\x91\xf0\x9f\x8f\xbd",3166},
{"\xf0\x9f\xa7\x91\xf0\x9f\x8f\xbc\xe2\x80\x8d\xe2\x9d\xa4\xef\xb8\x8f\xe2\x80\x8d\xf0\x9f\xa7\x91\xf0\x9f\x8f\xbe",3167},
{"\xf0\x9f\xa7\x91\xf0\x9f\x8f\xbc\xe2\x80\x8d\xe2\x9d\xa4\xef\xb8\x8f\xe2\x80\x8d\xf0\x9f\xa7\x91\xf0\x9f\x8f\xbf",3168},
{"\xf0\x9f\xa7\x91\xf0\x9f\x8f\xbc\xe2\x80\x8d\xf0\x9f\x8c\xbe",3119},
{"\xf0\x9f\xa7\x91\xf0\x9f\x8f\xbc\xe2\x80\x8d\xf0\x9f\x8d\xb3",3120},
{"\xf0\x9f\xa7\x91\xf0\x9f\x8f\xbc\xe2\x80\x8d\xf0\x9f\x8d\xbc",3121},
{"\xf0\x9f\xa7\x91\xf0\x9f\x8f\xbc\xe2\x80\x8d\xf0\x9f\x8e\x84",3122},
{"\xf0\x9f\xa7\x91\xf0\x9f\x8f\xbc\xe2\x80\x8d\xf0\x9f\x8e\x93",3123},
{"\xf0\x9f\xa7\x91\xf0\x9f\x8f\xbc\xe2\x80\x8d\xf0\x9f\x8e\xa4",3124},
{"\xf0\x9f\xa7\x91\xf0\x9f\x8f\xbc\xe2\x80\x8d\xf0\x9f\x8e\xa8",3125},
{"\xf0\x9f\xa7\x91\xf0\x9f\x8f\xbc\xe2\x80\x8d\xf0\x9f\x8f\xab",3126},
{"\xf0\x9f\xa7\x91\xf0\x9f\x8f\xbc\xe2\x80\x8d\xf0\x9f\x8f\xad",3127},
{"\xf0\x9f\xa7\x91\xf0\x9f\x8f\xbc\xe2\x80\x8d\xf0\x9f\x90\xb0\xe2\x80\x8d\xf0\x9f\xa7\x91\xf0\x9f\x8f\xbb",3128},
{"\xf0\x9f\xa7\x91\xf0\x9f\x8f\xbc\xe2\x80\x8d\xf0\x9f\x90\xb0\xe2\x80\x8d\xf0\x9f\xa7\x91\xf0\x9f\x8f\xbd",3129},
{"\xf0\x9f\xa7\x91\xf0\x9f\x8f\xbc\xe2\x80\x8d\xf0\x9f\x90\xb0\xe2\x80\x8d\xf0\x9f\xa7\x91\xf0\x9f\x8f\xbe",3130},
{"\xf0\x9f\xa7\x91\xf0\x9f\x8f\xbc\xe2\x80\x8d\xf0\x9f\x90\xb0\xe2\x80\x8d\xf0\x9f\xa7\x91\xf0\x9f\x8f\xbf",3131},
{"\xf0\x9f\xa7\x91\xf0\x9f\x8f\xbc\xe2\x80\x8d\xf0\x9f\x92\xbb",3132},
{"\xf0\x9f\xa7\x91\xf0\x9f\x8f\xbc\xe2\x80\x8d\xf0\x9f\x92\xbc",3133},
{"\xf0\x9f\xa7\x91\xf0\x9f\x8f\xbc\xe2\x80\x8d\xf0\x9f\x94\xa7",3134},
{"\xf0\x9f\xa7\x91\xf0\x9f\x8f\xbc\xe2\x80\x8d\xf0\x9f\x94\xac",3135},
{"\xf0\x9f\xa7\x91\xf0\x9f\x8f\xbc\xe2\x80\x8d\xf0\x9f\x9a\x80",3136},
{"\xf0\x9f\xa7\x91\xf0\x9f\x8f\xbc\xe2\x80\x8d\xf0\x9f\x9a\x92",3137},
{"\xf0\x9f\xa7\x91\xf0\x9f\x8f\xbc\xe2\x80\x8d\xf0\x9f\xa4\x9d\xe2\x80\x8d\xf0\x9f\xa7\x91\xf0\x9f\x8f\xbb",3138},
{"\xf0\x9f\xa7\x91\xf0\x9f\x8f\xbc\xe2\x80\x8d\xf0\x9f\xa4\x9d\xe2\x80\x8d\xf0\x9f\xa7\x91\xf0\x9f\x8f\xbc",3139},
{"\xf0\x9f\xa7\x91\xf0\x9f\x8f\xbc\xe2\x80\x8d\xf0\x9f\xa4\x9d\xe2\x80\x8d\xf0\x9f\xa7\x91\xf0\x9f\x8f\xbd",3140},
{"\xf0\x9f\xa7\x91\xf0\x9f\x8f\xbc\xe2\x80\x8d\xf0\x9f\xa4\x9d\xe2\x80\x8d\xf0\x9f\xa7\x91\xf0\x9f\x8f\xbe",3141},
{"\xf0\x9f\xa7\x91\xf0\x9f\x8f\xbc\xe2\x80\x8d\xf0\x9f\xa4\x9d\xe2\x80\x8d\xf0\x9f\xa7\x91\xf0\x9f\x8f\xbf",3142},
{"\xf0\x9f\xa7\x91\xf0\x9f\x8f\xbc\xe2\x80\x8d\xf0\x9f\xa6\xaf",3144},
{"\xf0\x9f\xa7\x91\xf0\x9f\x8f\xbc\xe2\x80\x8d\xf0\x9f\xa6\xaf\xe2\x80\x8d\xe2\x9e\xa1",3143},
{"\xf0\x9f\xa7\x91\xf0\x9f\x8f\xbc\xe2\x80\x8d\xf0\x9f\xa6\xaf\xe2\x80\x8d\xe2\x9e\xa1\xef\xb8\x8f",3143},
{"\xf0\x9f\xa7\x91\xf0\x9f\x8f\xbc\xe2\x80\x8d\xf0\x9f\xa6\xb0",3145},
{"\xf0\x9f\xa7\x91\xf0\x9f\x8f\xbc\xe2\x80\x8d\xf0\x9f\xa6\xb1",3146},
{"\xf0\x9f\xa7\x91\xf0\x9f\x8f\xbc\xe2\x80\x8d\xf0\x9f\xa6\xb2",3147},
{"\xf0\x9f\xa7\x91\xf0\x9f\x8f\xbc\xe2\x80\x8d\xf0\x9f\xa6\xb3",3148},
{"\xf0\x9f\xa7\x91\xf0\x9f\x8f\xbc\xe2\x80\x8d\xf0\x9f\xa6\xbc",3150},
{"\xf0\x9f\xa7\x91\xf0\x9f\x8f\xbc\xe2\x80\x8d\xf0\x9f\xa6\xbc\xe2\x80\x8d\xe2\x9e\xa1",3149},
{"\xf0\x9f\xa7\x91\xf0\x9f\x8f\xbc\xe2\x80\x8d\xf0\x9f\xa6\xbc\xe2\x80\x8d\xe2\x9e\xa1\xef\xb8\x8f",3149},
{"\xf0\x9f\xa7\x91\xf0\x9f\x8f\xbc\xe2\x80\x8d\xf0\x9f\xa6\xbd",3152},
{"\xf0\x9f\xa7\x91\xf0\x9f\x8f\xbc\xe2\x80\x8d\xf0\x9f\xa6\xbd\xe2\x80\x8d\xe2\x9e\xa1",3151},
{"\xf0\x9f\xa7\x91\xf0\x9f\x8f\xbc\xe2\x80\x8d\xf0\x9f\xa6\xbd\xe2\x80\x8d\xe2\x9e\xa1\xef\xb8\x8f",3151},
{"\xf0\x9f\xa7\x91\xf0\x9f\x8f\xbc\xe2\x80\x8d\xf0\x9f\xa9\xb0",3153},
{"\xf0\x9f\xa7\x91\xf0\x9f\x8f\xbc\xe2\x80\x8d\xf0\x9f\xab\xaf\xe2\x80\x8d\xf0\x9f\xa7\x91\xf0\x9f\x8f\xbb",3154},
{"\xf0\x9f\xa7\x91\xf0\x9f\x8f\xbc\xe2\x80\x8d\xf0\x9f\xab\xaf\xe2\x80\x8d\xf0\x9f\xa7\x91\xf0\x9f\x8f\xbd",3155},
{"\xf0\x9f\xa7\x91\xf0\x9f\x8f\xbc\xe2\x80\x8d\xf0\x9f\xab\xaf\xe2\x80\x8d\xf0\x9f\xa7\x91\xf0\x9f\x8f\xbe",3156},
{"\xf0\x9f\xa7\x91\xf0\x9f\x8f\xbc\xe2\x80\x8d\xf0\x9f\xab\xaf\xe2\x80\x8d\xf0\x9f\xa7\x91\xf0\x9f\x8f\xbf",3157},
{"\xf0\x9f\xa7\x91\xf0\x9f\x8f\xbc\xef\xb8\x8f",3169},
{"\xf0\x9f\xa7\x91\xf0\x9f\x8f\xbd",3220},
{"\xf0\x9f\xa7\x91\xf0\x9f\x8f\xbd\xe2\x80\x8d\xe2\x9a\x95",3209},
{"\xf0\x9f\xa7\x91\xf0\x9f\x8f\xbd\xe2\x80\x8d\xe2\x9a\x95\xef\xb8\x8f",3209},
{"\xf0\x9f\xa7\x91\xf0\x9f\x8f\xbd\xe2\x80\x8d\xe2\x9a\x96",3210},
{"\xf0\x9f\xa7\x91\xf0\x9f\x8f\xbd\xe2\x80\x8d\xe2\x9a\x96\xef\xb8\x8f",3210},
{"\xf0\x9f\xa7\x91\xf0\x9f\x8f\xbd\xe2\x80\x8d\xe2\x9c\x88",3211},
{"\xf0\x9f\xa7\x91\xf0\x9f\x8f\xbd\xe2\x80\x8d\xe2\x9c\x88\xef\xb8\x8f",3211},
{"\xf0\x9f\xa7\x91\xf0\x9f\x8f\xbd\xe2\x80\x8d\xe2\x9d\xa4\xe2\x80\x8d\xf0\x9f\x92\x8b\xe2\x80\x8d\xf0\x9f\xa7\x91\xf0\x9f\x8f\xbb",3212},
{"\xf0\x9f\xa7\x91\xf0\x9f\x8f\xbd\xe2\x80\x8d\xe2\x9d\xa4\xe2\x80\x8d\xf0\x9f\x92\x8b\xe2\x80\x8d\xf0\x9f\xa7\x91\xf0\x9f\x8f\xbc",3213},
{"\xf0\x9f\xa7\x91\xf0\x9f\x8f\xbd\xe2\x80\x8d\xe2\x9d\xa4\xe2\x80\x8d\xf0\x9f\x92\x8b\xe2\x80\x8d\xf0\x9f\xa7\x91\xf0\x9f\x8f\xbe",3214},
{"\xf0\x9f\xa7\x91\xf0\x9f\x8f\xbd\xe2\x80\x8d\xe2\x9d\xa4\xe2\x80\x8d\xf0\x9f\x92\x8b\xe2\x80\x8d\xf0\x9f\xa7\x91\xf0\x9f\x8f\xbf",3215},
{"\xf0\x9f\xa7\x91\xf0\x9f\x8f\xbd\xe2\x80\x8d\xe2\x9d\xa4\xe2\x80\x8d\xf0\x9f\xa7\x91\xf0\x9f\x8f\xbb",3216},
{"\xf0\x9f\xa7\x91\xf0\x9f\x8f\xbd\xe2\x80\x8d\xe2\x9d\xa4\xe2\x80\x8d\xf0\x9f\xa7\x91\xf0\x9f\x8f\xbc",3217},
{"\xf0\x9f\xa7\x91\xf0\x9f\x8f\xbd\xe2\x80\x8d\xe2\x9d\xa4\xe2\x80\x8d\xf0\x9f\xa7\x91\xf0\x9f\x8f\xbe",3218},
{"\xf0\x9f\xa7\x91\xf0\x9f\x8f\xbd\xe2\x80\x8d\xe2\x9d\xa4\xe2\x80\x8d\xf0\x9f\xa7\x91\xf0\x9f\x8f\xbf",3219},
{"\xf0\x9f\xa7\x91\xf0\x9f\x8f\xbd\xe2\x80\x8d\xe2\x9d\xa4\xef\xb8\x8f\xe2\x80\x8d\xf0\x9f\x92\x8b\xe2\x80\x8d\xf0\x9f\xa7\x91\xf0\x9f\x8f\xbb",3212},
{"\xf0\x9f\xa7\x91\xf0\x9f\x8f\xbd\xe2\x80\x8d\xe2\x9d\xa4\xef\xb8\x8f\xe2\x80\x8d\xf0\x9f\x92\x8b\xe2\x80\x8d\xf0\x9f\xa7\x91\xf0\x9f\x8f\xbc",3213},
{"\xf0\x9f\xa7\x91\xf0\x9f\x8f\xbd\xe2\x80\x8d\xe2\x9d\xa4\xef\xb8\x8f\xe2\x80\x8d\xf0\x9f\x92\x8b\xe2\x80\x8d\xf0\x9f\xa7\x91\xf0\x9f\x8f\xbe",3214},
{"\xf0\x9f\xa7\x91\xf0\x9f\x8f\xbd\xe2\x80\x8d\xe2\x9d\xa4\xef\xb8\x8f\xe2\x80\x8d\xf0\x9f\x92\x8b\xe2\x80\x8d\xf0\x9f\xa7\x91\xf0\x9f\x8f\xbf",3215},
{"\xf0\x9f\xa7\x91\xf0\x9f\x8f\xbd\xe2\x80\x8d\xe2\x9d\xa4\xef\xb8\x8f\xe2\x80\x8d\xf0\x9f\xa7\x91\xf0\x9f\x8f\xbb",3216},
{"\xf0\x9f\xa7\x91\xf0\x9f\x8f\xbd\xe2\x80\x8d\xe2\x9d\xa4\xef\xb8\x8f\xe2\x80\x8d\xf0\x9f\xa7\x91\xf0\x9f\x8f\xbc",3217},
{"\xf0\x9f\xa7\x91\xf0\x9f\x8f\xbd\xe2\x80\x8d\xe2\x9d\xa4\xef\xb8\x8f\xe2\x80\x8d\xf0\x9f\xa7\x91\xf0\x9f\x8f\xbe",3218},
{"\xf0\x9f\xa7\x91\xf0\x9f\x8f\xbd\xe2\x80\x8d\xe2\x9d\xa4\xef\xb8\x8f\xe2\x80\x8d\xf0\x9f\xa7\x91\xf0\x9f\x8f\xbf",3219},
{"\xf0\x9f\xa7\x91\xf0\x9f\x8f\xbd\xe2\x80\x8d\xf0\x9f\x8c\xbe",3170},
{"\xf0\x9f\xa7\x91\xf0\x9f\x8f\xbd\xe2\x80\x8d\xf0\x9f\x8d\xb3",3171},
{"\xf0\x9f\xa7\x91\xf0\x9f\x8f\xbd\xe2\x80\x8d\xf0\x9f\x8d\xbc",3172},
{"\xf0\x9f\xa7\x91\xf0\x9f\x8f\xbd\xe2\x80\x8d\xf0\x9f\x8e\x84",3173},
{"\xf0\x9f\xa7\x91\xf0\x9f\x8f\xbd\xe2\x80\x8d\xf0\x9f\x8e\x93",3174},
{"\xf0\x9f\xa7\x91\xf0\x9f\x8f\xbd\xe2\x80\x8d\xf0\x9f\x8e\xa4",3175},
{"\xf0\x9f\xa7\x91\xf0\x9f\x8f\xbd\xe2\x80\x8d\xf0\x9f\x8e\xa8",3176},
{"\xf0\x9f\xa7\x91\xf0\x9f\x8f\xbd\xe2\x80\x8d\xf0\x9f\x8f\xab",3177},
{"\xf0\x9f\xa7\x91\xf0\x9f\x8f\xbd\xe2\x80\x8d\xf0\x9f\x8f\xad",3178},
{"\xf0\x9f\xa7\x91\xf0\x9f\x8f\xbd\xe2\x80\x8d\xf0\x9f\x90\xb0\xe2\x80\x8d\xf0\x9f\xa7\x91\xf0\x9f\x8f\xbb",3179},
{"\xf0\x9f\xa7\x91\xf0\x9f\x8f\xbd\xe2\x80\x8d\xf0\x9f\x90\xb0\xe2\x80\x8d\xf0\x9f\xa7\x91\xf0\x9f\x8f\xbc",3180},
{"\xf0\x9f\xa7\x91\xf0\x9f\x8f\xbd\xe2\x80\x8d\xf0\x9f\x90\xb0\xe2\x80\x8d\xf0\x9f\xa7\x91\xf0\x9f\x8f\xbe",3181},
{"\xf0\x9f\xa7\x91\xf0\x9f\x8f\xbd\xe2\x80\x8d\xf0\x9f\x90\xb0\xe2\x80\x8d\xf0\x9f\xa7\x91\xf0\x9f\x8f\xbf",3182},
{"\xf0\x9f\xa7\x91\xf0\x9f\x8f\xbd\xe2\x80\x8d\xf0\x9f\x92\xbb",3183},
{"\xf0\x9f\xa7\x91\xf0\x9f\x8f\xbd\xe2\x80\x8d\xf0\x9f\x92\xbc",3184},
{"\xf0\x9f\xa7\x91\xf0\x9f\x8f\xbd\xe2\x80\x8d\xf0\x9f\x94\xa7",3185},
{"\xf0\x9f\xa7\x91\xf0\x9f\x8f\xbd\xe2\x80\x8d\xf0\x9f\x94\xac",3186},
{"\xf0\x9f\xa7\x91\xf0\x9f\x8f\xbd\xe2\x80\x8d\xf0\x9f\x9a\x80",3187},
{"\xf0\x9f\xa7\x91\xf0\x9f\x8f\xbd\xe2\x80\x8d\xf0\x9f\x9a\x92",3188},
{"\xf0\x9f\xa7\x91\xf0\x9f\x8f\xbd\xe2\x80\x8d\xf0\x9f\xa4\x9d\xe2\x80\x8d\xf0\x9f\xa7\x91\xf0\x9f\x8f\xbb",3189},
{"\xf0\x9f\xa7\x91\xf0\x9f\x8f\xbd\xe2\x80\x8d\xf0\x9f\xa4\x9d\xe2\x80\x8d\xf0\x9f\xa7\x91\xf0\x9f\x8f\xbc",3190},
{"\xf0\x9f\xa7\x91\xf0\x9f\x8f\xbd\xe2\x80\x8d\xf0\x9f\xa4\x9d\xe2\x80\x8d\xf0\x9f\xa7\x91\xf0\x9f\x8f\xbd",3191},
{"\xf0\x9f\xa7\x91\xf0\x9f\x8f\xbd\xe2\x80\x8d\xf0\x9f\xa4\x9d\xe2\x80\x8d\xf0\x9f\xa7\x91\xf0\x9f\x8f\xbe",3192},
{"\xf0\x9f\xa7\x91\xf0\x9f\x8f\xbd\xe2\x80\x8d\xf0\x9f\xa4\x9d\xe2\x80\x8d\xf0\x9f\xa7\x91\xf0\x9f\x8f\xbf",3193},
{"\xf0\x9f\xa7\x91\xf0\x9f\x8f\xbd\xe2\x80\x8d\xf0\x9f\xa6\xaf",3195},
{"\xf0\x9f\xa7\x91\xf0\x9f\x8f\xbd\xe2\x80\x8d\xf0\x9f\xa6\xaf\xe2\x80\x8d\xe2\x9e\xa1",3194},
{"\xf0\x9f\xa7\x91\xf0\x9f\x8f\xbd\xe2\x80\x8d\xf0\x9f\xa6\xaf\xe2\x80\x8d\xe2\x9e\xa1\xef\xb8\x8f",3194},
{"\xf0\x9f\xa7\x91\xf0\x9f\x8f\xbd\xe2\x80\x8d\xf0\x9f\xa6\xb0",3196},
{"\xf0\x9f\xa7\x91\xf0\x9f\x8f\xbd\xe2\x80\x8d\xf0\x9f\xa6\xb1",3197},
{"\xf0\x9f\xa7\x91\xf0\x9f\x8f\xbd\xe2\x80\x8d\xf0\x9f\xa6\xb2",3198},
{"\xf0\x9f\xa7\x91\xf0\x9f\x8f\xbd\xe2\x80\x8d\xf0\x9f\xa6\xb3",3199},
{"\xf0\x9f\xa7\x91\xf0\x9f\x8f\xbd\xe2\x80\x8d\xf0\x9f\xa6\xbc",3201},
{"\xf0\x9f\xa7\x91\xf0\x9f\x8f\xbd\xe2\x80\x8d\xf0\x9f\xa6\xbc\xe2\x80\x8d\xe2\x9e\xa1",3200},
{"\xf0\x9f\xa7\x91\xf0\x9f\x8f\xbd\xe2\x80\x8d\xf0\x9f\xa6\xbc\xe2\x80\x8d\xe2\x9e\xa1\xef\xb8\x8f",3200},
{"\xf0\x9f\xa7\x91\xf0\x9f\x8f\xbd\xe2\x80\x8d\xf0\x9f\xa6\xbd",3203},
{"\xf0\x9f\xa7\x91\xf0\x9f\x8f\xbd\xe2\x80\x8d\xf0\x9f\xa6\xbd\xe2\x80\x8d\xe2\x9e\xa1",3202},
{"\xf0\x9f\xa7\x91\xf0\x9f\x8f\xbd\xe2\x80\x8d\xf0\x9f\xa6\xbd\xe2\x80\x8d\xe2\x9e\xa1\xef\xb8\x8f",3202},
{"\xf0\x9f\xa7\x91\xf0\x9f\x8f\xbd\xe2\x80\x8d\xf0\x9f\xa9\xb0",3204},
{"\xf0\x9f\xa7\x91\xf0\x9f\x8f\xbd\xe2\x80\x8d\xf0\x9f\xab\xaf\xe2\x80\x8d\xf0\x9f\xa7\x91\xf0\x9f\x8f\xbb",3205},
{"\xf0\x9f\xa7\x91\xf0\x9f\x8f\xbd\xe2\x80\x8d\xf0\x9f\xab\xaf\xe2\x80\x8d\xf0\x9f\xa7\x91\xf0\x9f\x8f\xbc",3206},
{"\xf0\x9f\xa7\x91\xf0\x9f\x8f\xbd\xe2\x80\x8d\xf0\x9f\xab\xaf\xe2\x80\x8d\xf0\x9f\xa7\x91\xf0\x9f\x8f\xbe",3207},
{"\xf0\x9f\xa7\x91\xf0\x9f\x8f\xbd\xe2\x80\x8d\xf0\x9f\xab\xaf\xe2\x80\x8d\xf0\x9f\xa7\x91\xf0\x9f\x8f\xbf",3208},
{"\xf0\x9f\xa7\x91\xf0\x9f\x8f\xbd\xef\xb8\x8f",3220},
{"\xf0\x9f\xa7\x91\xf0\x9f\x8f\xbe",3271},
{"\xf0\x9f\xa7\x91\xf0\x9f\x8f\xbe\xe2\x80\x8d\xe2\x9a\x95",3260},
{"\xf0\x9f\xa7\x91\xf0\x9f\x8f\xbe\xe2\x80\x8d\xe2\x9a\x95\xef\xb8\x8f",3260},
{"\xf0\x9f\xa7\x91\xf0\x9f\x8f\xbe\xe2\x80\x8d\xe2\x9a\x96",3261},
{"\xf0\x9f\xa7\x91\xf0\x9f\x8f\xbe\xe2\x80\x8d\xe2\x9a\x96\xef\xb8\x8f",3261},
{"\xf0\x9f\xa7\x91\xf0\x9f\x8f\xbe\xe2\x80\x8d\xe2\x9c\x88",3262},
{"\xf0\x9f\xa7\x91\xf0\x9f\x8f\xbe\xe2\x80\x8d\xe2\x9c\x88\xef\xb8\x8f",3262},
{"\xf0\x9f\xa7\x91\xf0\x9f\x8f\xbe\xe2\x80\x8d\xe2\x9d\xa4\xe2\x80\x8d\xf0\x9f\x92\x8b\xe2\x80\x8d\xf0\x9f\xa7\x91\xf0\x9f\x8f\xbb",3263},
{"\xf0\x9f\xa7\x91\xf0\x9f\x8f\xbe\xe2\x80\x8d\xe2\x9d\xa4\xe2\x80\x8d\xf0\x9f\x92\x8b\xe2\x80\x8d\xf0\x9f\xa7\x91\xf0\x9f\x8f\xbc",3264},
{"\xf0\x9f\xa7\x91\xf0\x9f\x8f\xbe\xe2\x80\x8d\xe2\x9d\xa4\xe2\x80\x8d\xf0\x9f\x92\x8b\xe2\x80\x8d\xf0\x9f\xa7\x91\xf0\x9f\x8f\xbd",3265},
{"\xf0\x9f\xa7\x91\xf0\x9f\x8f\xbe\xe2\x80\x8d\xe2\x9d\xa4\xe2\x80\x8d\xf0\x9f\x92\x8b\xe2\x80\x8d\xf0\x9f\xa7\x91\xf0\x9f\x8f\xbf",3266},
{"\xf0\x9f\xa7\x91\xf0\x9f\x8f\xbe\xe2\x80\x8d\xe2\x9d\xa4\xe2\x80\x8d\xf0\x9f\xa7\x91\xf0\x9f\x8f\xbb",3267},
{"\xf0\x9f\xa7\x91\xf0\x9f\x8f\xbe\xe2\x80\x8d\xe2\x9d\xa4\xe2\x80\x8d\xf0\x9f\xa7\x91\xf0\x9f\x8f\xbc",3268},
{"\xf0\x9f\xa7\x91\xf0\x9f\x8f\xbe\xe2\x80\x8d\xe2\x9d\xa4\xe2\x80\x8d\xf0\x9f\xa7\x91\xf0\x9f\x8f\xbd",3269},
{"\xf0\x9f\xa7\x91\xf0\x9f\x8f\xbe\xe2\x80\x8d\xe2\x9d\xa4\xe2\x80\x8d\xf0\x9f\xa7\x91\xf0\x9f\x8f\xbf",3270},
{"\xf0\x9f\xa7\x91\xf0\x9f\x8f\xbe\xe2\x80\x8d\xe2\x9d\xa4\xef\xb8\x8f\xe2\x80\x8d\xf0\x9f\x92\x8b\xe2\x80\x8d\xf0\x9f\xa7\x91\xf0\x9f\x8f\xbb",3263},
{"\xf0\x9f\xa7\x91\xf0\x9f\x8f\xbe\xe2\x80\x8d\xe2\x9d\xa4\xef\xb8\x8f\xe2\x80\x8d\xf0\x9f\x92\x8b\xe2\x80\x8d\xf0\x9f\xa7\x91\xf0\x9f\x8f\xbc",3264},
{"\xf0\x9f\xa7\x91\xf0\x9f\x8f\xbe\xe2\x80\x8d\xe2\x9d\xa4\xef\xb8\x8f\xe2\x80\x8d\xf0\x9f\x92\x8b\xe2\x80\x8d\xf0\x9f\xa7\x91\xf0\x9f\x8f\xbd",3265},
{"\xf0\x9f\xa7\x91\xf0\x9f\x8f\xbe\xe2\x80\x8d\xe2\x9d\xa4\xef\xb8\x8f\xe2\x80\x8d\xf0\x9f\x92\x8b\xe2\x80\x8d\xf0\x9f\xa7\x91\xf0\x9f\x8f\xbf",3266},
{"\xf0\x9f\xa7\x91\xf0\x9f\x8f\xbe\xe2\x80\x8d\xe2\x9d\xa4\xef\xb8\x8f\xe2\x80\x8d\xf0\x9f\xa7\x91\xf0\x9f\x8f\xbb",3267},
{"\xf0\x9f\xa7\x91\xf0\x9f\x8f\xbe\xe2\x80\x8d\xe2\x9d\xa4\xef\xb8\x8f\xe2\x80\x8d\xf0\x9f\xa7\x91\xf0\x9f\x8f\xbc",3268},
{"\xf0\x9f\xa7\x91\xf0\x9f\x8f\xbe\xe2\x80\x8d\xe2\x9d\xa4\xef\xb8\x8f\xe2\x80\x8d\xf0\x9f\xa7\x91\xf0\x9f\x8f\xbd",3269},
{"\xf0\x9f\xa7\x91\xf0\x9f\x8f\xbe\xe2\x80\x8d\xe2\x9d\xa4\xef\xb8\x8f\xe2\x80\x8d\xf0\x9f\xa7\x91\xf0\x9f\x8f\xbf",3270},
{"\xf0\x9f\xa7\x91\xf0\x9f\x8f\xbe\xe2\x80\x8d\xf0\x9f\x8c\xbe",3221},
{"\xf0\x9f\xa7\x91\xf0\x9f\x8f\xbe\xe2\x80\x8d\xf0\x9f\x8d\xb3",3222},
{"\xf0\x9f\xa7\x91\xf0\x9f\x8f\xbe\xe2\x80\x8d\xf0\x9f\x8d\xbc",3223},
{"\xf0\x9f\xa7\x91\xf0\x9f\x8f\xbe\xe2\x80\x8d\xf0\x9f\x8e\x84",3224},
{"\xf0\x9f\xa7\x91\xf0\x9f\x8f\xbe\xe2\x80\x8d\xf0\x9f\x8e\x93",3225},
{"\xf0\x9f\xa7\x91\xf0\x9f\x8f\xbe\xe2\x80\x8d\xf0\x9f\x8e\xa4",3226},
{"\xf0\x9f\xa7\x91\xf0\x9f\x8f\xbe\xe2\x80\x8d\xf0\x9f\x8e\xa8",3227},
{"\xf0\x9f\xa7\x91\xf0\x9f\x8f\xbe\xe2\x80\x8d\xf0\x9f\x8f\xab",3228},
{"\xf0\x9f\xa7\x91\xf0\x9f\x8f\xbe\xe2\x80\x8d\xf0\x9f\x8f\xad",3229},
{"\xf0\x9f\xa7\x91\xf0\x9f\x8f\xbe\xe2\x80\x8d\xf0\x9f\x90\xb0\xe2\x80\x8d\xf0\x9f\xa7\x91\xf0\x9f\x8f\xbb",3230},
{"\xf0\x9f\xa7\x91\xf0\x9f\x8f\xbe\xe2\x80\x8d\xf0\x9f\x90\xb0\xe2\x80\x8d\xf0\x9f\xa7\x91\xf0\x9f\x8f\xbc",3231},
{"\xf0\x9f\xa7\x91\xf0\x9f\x8f\xbe\xe2\x80\x8d\xf0\x9f\x90\xb0\xe2\x80\x8d\xf0\x9f\xa7\x91\xf0\x9f\x8f\xbd",3232},
{"\xf0\x9f\xa7\x91\xf0\x9f\x8f\xbe\xe2\x80\x8d\xf0\x9f\x90\xb0\xe2\x80\x8d\xf0\x9f\xa7\x91\xf0\x9f\x8f\xbf",3233},
{"\xf0\x9f\xa7\x91\xf0\x9f\x8f\xbe\xe2\x80\x8d\xf0\x9f\x92\xbb",3234},
{"\xf0\x9f\xa7\x91\xf0\x9f\x8f\xbe\xe2\x80\x8d\xf0\x9f\x92\xbc",3235},
{"\xf0\x9f\xa7\x91\xf0\x9f\x8f\xbe\xe2\x80\x8d\xf0\x9f\x94\xa7",3236},
{"\xf0\x9f\xa7\x91\xf0\x9f\x8f\xbe\xe2\x80\x8d\xf0\x9f\x94\xac",3237},
{"\xf0\x9f\xa7\x91\xf0\x9f\x8f\xbe\xe2\x80\x8d\xf0\x9f\x9a\x80",3238},
{"\xf0\x9f\xa7\x91\xf0\x9f\x8f\xbe\xe2\x80\x8d\xf0\x9f\x9a\x92",3239},
{"\xf0\x9f\xa7\x91\xf0\x9f\x8f\xbe\xe2\x80\x8d\xf0\x9f\xa4\x9d\xe2\x80\x8d\xf0\x9f\xa7\x91\xf0\x9f\x8f\xbb",3240},
{"\xf0\x9f\xa7\x91\xf0\x9f\x8f\xbe\xe2\x80\x8d\xf0\x9f\xa4\x9d\xe2\x80\x8d\xf0\x9f\xa7\x91\xf0\x9f\x8f\xbc",3241},
{"\xf0\x9f\xa7\x91\xf0\x9f\x8f\xbe\xe2\x80\x8d\xf0\x9f\xa4\x9d\xe2\x80\x8d\xf0\x9f\xa7\x91\xf0\x9f\x8f\xbd",3242},
{"\xf0\x9f\xa7\x91\xf0\x9f\x8f\xbe\xe2\x80\x8d\xf0\x9f\xa4\x9d\xe2\x80\x8d\xf0\x9f\xa7\x91\xf0\x9f\x8f\xbe",3243},
{"\xf0\x9f\xa7\x91\xf0\x9f\x8f\xbe\xe2\x80\x8d\xf0\x9f\xa4\x9d\xe2\x80\x8d\xf0\x9f\xa7\x91\xf0\x9f\x8f\xbf",3244},
{"\xf0\x9f\xa7\x91\xf0\x9f\x8f\xbe\xe2\x80\x8d\xf0\x9f\xa6\xaf",3246},
{"\xf0\x9f\xa7\x91\xf0\x9f\x8f\xbe\xe2\x80\x8d\xf0\x9f\xa6\xaf\xe2\x80\x8d\xe2\x9e\xa1",3245},
{"\xf0\x9f\xa7\x91\xf0\x9f\x8f\xbe\xe2\x80\x8d\xf0\x9f\xa6\xaf\xe2\x80\x8d\xe2\x9e\xa1\xef\xb8\x8f",3245},
{"\xf0\x9f\xa7\x91\xf0\x9f\x8f\xbe\xe2\x80\x8d\xf0\x9f\xa6\xb0",3247},
{"\xf0\x9f\xa7\x91\xf0\x9f\x8f\xbe\xe2\x80\x8d\xf0\x9f\xa6\xb1",3248},
{"\xf0\x9f\xa7\x91\xf0\x9f\x8f\xbe\xe2\x80\x8d\xf0\x9f\xa6\xb2",3249},
{"\xf0\x9f\xa7\x91\xf0\x9f\x8f\xbe\xe2\x80\x8d\xf0\x9f\xa6\xb3",3250},
{"\xf0\x9f\xa7\x91\xf0\x9f\x8f\xbe\xe2\x80\x8d\xf0\x9f\xa6\xbc",3252},
{"\xf0\x9f\xa7\x91\xf0\x9f\x8f\xbe\xe2\x80\x8d\xf0\x9f\xa6\xbc\xe2\x80\x8d\xe2\x9e\xa1",3251},
{"\xf0\x9f\xa7\x91\xf0\x9f\x8f\xbe\xe2\x80\x8d\xf0\x9f\xa6\xbc\xe2\x80\x8d\xe2\x9e\xa1\xef\xb8\x8f",3251},
{"\xf0\x9f\xa7\x91\xf0\x9f\x8f\xbe\xe2\x80\x8d\xf0\x9f\xa6\xbd",3254},
{"\xf0\x9f\xa7\x91\xf0\x9f\x8f\xbe\xe2\x80\x8d\xf0\x9f\xa6\xbd\xe2\x80\x8d\xe2\x9e\xa1",3253},
{"\xf0\x9f\xa7\x91\xf0\x9f\x8f\xbe\xe2\x80\x8d\xf0\x9f\xa6\xbd\xe2\x80\x8d\xe2\x9e\xa1\xef\xb8\x8f",3253},
{"\xf0\x9f\xa7\x91\xf0\x9f\x8f\xbe\xe2\x80\x8d\xf0\x9f\xa9\xb0",3255},
{"\xf0\x9f\xa7\x91\xf0\x9f\x8f\xbe\xe2\x80\x8d\xf0\x9f\xab\xaf\xe2\x80\x8d\xf0\x9f\xa7\x91\xf0\x9f\x8f\xbb",3256},
{"\xf0\x9f\xa7\x91\xf0\x9f\x8f\xbe\xe2\x80\x8d\xf0\x9f\xab\xaf\xe2\x80\x8d\xf0\x9f\xa7\x91\xf0\x9f\x8f\xbc",3257},
{"\xf0\x9f\xa7\x91\xf0\x9f\x8f\xbe\xe2\x80\x8d\xf0\x9f\xab\xaf\xe2\x80\x8d\xf0\x9f\xa7\x91\xf0\x9f\x8f\xbd",3258},
{"\xf0\x9f\xa7\x91\xf0\x9f\x8f\xbe\xe2\x80\x8d\xf0\x9f\xab\xaf\xe2\x80\x8d\xf0\x9f\xa7\x91\xf0\x9f\x8f\xbf",3259},
{"\xf0\x9f\xa7\x91\xf0\x9f\x8f\xbe\xef\xb8\x8f",3271},
{"\xf0\x9f\xa7\x91\xf0\x9f\x8f\xbf",3322},
{"\xf0\x9f\xa7\x91\xf0\x9f\x8f\xbf\xe2\x80\x8d\xe2\x9a\x95",3311},
{"\xf0\x9f\xa7\x91\xf0\x9f\x8f\xbf\xe2\x80\x8d\xe2\x9a\x95\xef\xb8\x8f",3311},
{"\xf0\x9f\xa7\x91\xf0\x9f\x8f\xbf\xe2\x80\x8d\xe2\x9a\x96",3312},
{"\xf0\x9f\xa7\x91\xf0\x9f\x8f\xbf\xe2\x80\x8d\xe2\x9a\x96\xef\xb8\x8f",3312},
{"\xf0\x9f\xa7\x91\xf0\x9f\x8f\xbf\xe2\x80\x8d\xe2\x9c\x88",3313},
{"\xf0\x9f\xa7\x91\xf0\x9f\x8f\xbf\xe2\x80\x8d\xe2\x9c\x88\xef\xb8\x8f",3313},
{"\xf0\x9f\xa7\x91\xf0\x9f\x8f\xbf\xe2\x80\x8d\xe2\x9d\xa4\xe2\x80\x8d\xf0\x9f\x92\x8b\xe2\x80\x8d\xf0\x9f\xa7\x91\xf0\x9f\x8f\xbb",3314},
{"\xf0\x9f\xa7\x91\xf0\x9f\x8f\xbf\xe2\x80\x8d\xe2\x9d\xa4\xe2\x80\x8d\xf0\x9f\x92\x8b\xe2\x80\x8d\xf0\x9f\xa7\x91\xf0\x9f\x8f\xbc",3315},
{"\xf0\x9f\xa7\x91\xf0\x9f\x8f\xbf\xe2\x80\x8d\xe2\x9d\xa4\xe2\x80\x8d\xf0\x9f\x92\x8b\xe2\x80\x8d\xf0\x9f\xa7\x91\xf0\x9f\x8f\xbd",3316},
{"\xf0\x9f\xa7\x91\xf0\x9f\x8f\xbf\xe2\x80\x8d\xe2\x9d\xa4\xe2\x80\x8d\xf0\x9f\x92\x8b\xe2\x80\x8d\xf0\x9f\xa7\x91\xf0\x9f\x8f\xbe",3317},
{"\xf0\x9f\xa7\x91\xf0\x9f\x8f\xbf\xe2\x80\x8d\xe2\x9d\xa4\xe2\x80\x8d\xf0\x9f\xa7\x91\xf0\x9f\x8f\xbb",3318},
{"\xf0\x9f\xa7\x91\xf0\x9f\x8f\xbf\xe2\x80\x8d\xe2\x9d\xa4\xe2\x80\x8d\xf0\x9f\xa7\x91\xf0\x9f\x8f\xbc",3319},
{"\xf0\x9f\xa7\x91\xf0\x9f\x8f\xbf\xe2\x80\x8d\xe2\x9d\xa4\xe2\x80\x8d\xf0\x9f\xa7\x91\xf0\x9f\x8f\xbd",3320},
{"\xf0\x9f\xa7\x91\xf0\x9f\x8f\xbf\xe2\x80\x8d\xe2\x9d\xa4\xe2\x80\x8d\xf0\x9f\xa7\x91\xf0\x9f\x8f\xbe",3321},
{"\xf0\x9f\xa7\x91\xf0\x9f\x8f\xbf\xe2\x80\x8d\xe2\x9d\xa4\xef\xb8\x8f\xe2\x80\x8d\xf0\x9f\x92\x8b\xe2\x80\x8d\xf0\x9f\xa7\x91\xf0\x9f\x8f\xbb",3314},
{"\xf0\x9f\xa7\x91\xf0\x9f\x8f\xbf\xe2\x80\x8d\xe2\x9d\xa4\xef\xb8\x8f\xe2\x80\x8d\xf0\x9f\x92\x8b\xe2\x80\x8d\xf0\x9f\xa7\x91\xf0\x9f\x8f\xbc",3315},
{"\xf0\x9f\xa7\x91\xf0\x9f\x8f\xbf\xe2\x80\x8d\xe2\x9d\xa4\xef\xb8\x8f\xe2\x80\x8d\xf0\x9f\x92\x8b\xe2\x80\x8d\xf0\x9f\xa7\x91\xf0\x9f\x8f\xbd",3316},
{"\xf0\x9f\xa7\x91\xf0\x9f\x8f\xbf\xe2\x80\x8d\xe2\x9d\xa4\xef\xb8\x8f\xe2\x80\x8d\xf0\x9f\x92\x8b\xe2\x80\x8d\xf0\x9f\xa7\x91\xf0\x9f\x8f\xbe",3317},
{"\xf0\x9f\xa7\x91\xf0\x9f\x8f\xbf\xe2\x80\x8d\xe2\x9d\xa4\xef\xb8\x8f\xe2\x80\x8d\xf0\x9f\xa7\x91\xf0\x9f\x8f\xbb",3318},
{"\xf0\x9f\xa7\x91\xf0\x9f\x8f\xbf\xe2\x80\x8d\xe2\x9d\xa4\xef\xb8\x8f\xe2\x80\x8d\xf0\x9f\xa7\x91\xf0\x9f\x8f\xbc",3319},
{"\xf0\x9f\xa7\x91\xf0\x9f\x8f\xbf\xe2\x80\x8d\xe2\x9d\xa4\xef\xb8\x8f\xe2\x80\x8d\xf0\x9f\xa7\x91\xf0\x9f\x8f\xbd",3320},
{"\xf0\x9f\xa7\x91\xf0\x9f\x8f\xbf\xe2\x80\x8d\xe2\x9d\xa4\xef\xb8\x8f\xe2\x80\x8d\xf0\x9f\xa7\x91\xf0\x9f\x8f\xbe",3321},
{"\xf0\x9f\xa7\x91\xf0\x9f\x8f\xbf\xe2\x80\x8d\xf0\x9f\x8c\xbe",3272},
{"\xf0\x9f\xa7\x91\xf0\x9f\x8f\xbf\xe2\x80\x8d\xf0\x9f\x8d\xb3",3273},
{"\xf0\x9f\xa7\x91\xf0\x9f\x8f\xbf\xe2\x80\x8d\xf0\x9f\x8d\xbc",3274},
{"\xf0\x9f\xa7\x91\xf0\x9f\x8f\xbf\xe2\x80\x8d\xf0\x9f\x8e\x84",3275},
{"\xf0\x9f\xa7\x91\xf0\x9f\x8f\xbf\xe2\x80\x8d\xf0\x9f\x8e\x93",3276},
{"\xf0\x9f\xa7\x91\xf0\x9f\x8f\xbf\xe2\x80\x8d\xf0\x9f\x8e\xa4",3277},
{"\xf0\x9f\xa7\x91\xf0\x9f\x8f\xbf\xe2\x80\x8d\xf0\x9f\x8e\xa8",3278},
{"\xf0\x9f\xa7\x91\xf0\x9f\x8f\xbf\xe2\x80\x8d\xf0\x9f\x8f\xab",3279},
{"\xf0\x9f\xa7\x91\xf0\x9f\x8f\xbf\xe2\x80\x8d\xf0\x9f\x8f\xad",3280},
{"\xf0\x9f\xa7\x91\xf0\x9f\x8f\xbf\xe2\x80\x8d\xf0\x9f\x90\xb0\xe2\x80\x8d\xf0\x9f\xa7\x91\xf0\x9f\x8f\xbb",3281},
{"\xf0\x9f\xa7\x91\xf0\x9f\x8f\xbf\xe2\x80\x8d\xf0\x9f\x90\xb0\xe2\x80\x8d\xf0\x9f\xa7\x91\xf0\x9f\x8f\xbc",3282},
{"\xf0\x9f\xa7\x91\xf0\x9f\x8f\xbf\xe2\x80\x8d\xf0\x9f\x90\xb0\xe2\x80\x8d\xf0\x9f\xa7\x91\xf0\x9f\x8f\xbd",3283},
{"\xf0\x9f\xa7\x91\xf0\x9f\x8f\xbf\xe2\x80\x8d\xf0\x9f\x90\xb0\xe2\x80\x8d\xf0\x9f\xa7\x91\xf0\x9f\x8f\xbe",3284},
{"\xf0\x9f\xa7\x91\xf0\x9f\x8f\xbf\xe2\x80\x8d\xf0\x9f\x92\xbb",3285},
{"\xf0\x9f\xa7\x91\xf0\x9f\x8f\xbf\xe2\x80\x8d\xf0\x9f\x92\xbc",3286},
{"\xf0\x9f\xa7\x91\xf0\x9f\x8f\xbf\xe2\x80\x8d\xf0\x9f\x94\xa7",3287},
{"\xf0\x9f\xa7\x91\xf0\x9f\x8f\xbf\xe2\x80\x8d\xf0\x9f\x94\xac",3288},
{"\xf0\x9f\xa7\x91\xf0\x9f\x8f\xbf\xe2\x80\x8d\xf0\x9f\x9a\x80",3289},
{"\xf0\x9f\xa7\x91\xf0\x9f\x8f\xbf\xe2\x80\x8d\xf0\x9f\x9a\x92",3290},
{"\xf0\x9f\xa7\x91\xf0\x9f\x8f\xbf\xe2\x80\x8d\xf0\x9f\xa4\x9d\xe2\x80\x8d\xf0\x9f\xa7\x91\xf0\x9f\x8f\xbb",3291},
{"\xf0\x9f\xa7\x91\xf0\x9f\x8f\xbf\xe2\x80\x8d\xf0\x9f\xa4\x9d\xe2\x80\x8d\xf0\x9f\xa7\x91\xf0\x9f\x8f\xbc",3292},
{"\xf0\x9f\xa7\x91\xf0\x9f\x8f\xbf\xe2\x80\x8d\xf0\x9f\xa4\x9d\xe2\x80\x8d\xf0\x9f\xa7\x91\xf0\x9f\x8f\xbd",3293},
{"\xf0\x9f\xa7\x91\xf0\x9f\x8f\xbf\xe2\x80\x8d\xf0\x9f\xa4\x9d\xe2\x80\x8d\xf0\x9f\xa7\x91\xf0\x9f\x8f\xbe",3294},
{"\xf0\x9f\xa7\x91\xf0\x9f\x8f\xbf\xe2\x80\x8d\xf0\x9f\xa4\x9d\xe2\x80\x8d\xf0\x9f\xa7\x91\xf0\x9f\x8f\xbf",3295},
{"\xf0\x9f\xa7\x91\xf0\x9f\x8f\xbf\xe2\x80\x8d\xf0\x9f\xa6\xaf",3297},
{"\xf0\x9f\xa7\x91\xf0\x9f\x8f\xbf\xe2\x80\x8d\xf0\x9f\xa6\xaf\xe2\x80\x8d\xe2\x9e\xa1",3296},
{"\xf0\x9f\xa7\x91\xf0\x9f\x8f\xbf\xe2\x80\x8d\xf0\x9f\xa6\xaf\xe2\x80\x8d\xe2\x9e\xa1\xef\xb8\x8f",3296},
{"\xf0\x9f\xa7\x91\xf0\x9f\x8f\xbf\xe2\x80\x8d\xf0\x9f\xa6\xb0",3298},
{"\xf0\x9f\xa7\x91\xf0\x9f\x8f\xbf\xe2\x80\x8d\xf0\x9f\xa6\xb1",3299},
{"\xf0\x9f\xa7\x91\xf0\x9f\x8f\xbf\xe2\x80\x8d\xf0\x9f\xa6\xb2",3300},
{"\xf0\x9f\xa7\x91\xf0\x9f\x8f\xbf\xe2\x80\x8d\xf0\x9f\xa6\xb3",3301},
{"\xf0\x9f\xa7\x91\xf0\x9f\x8f\xbf\xe2\x80\x8d\xf0\x9f\xa6\xbc",3303},
{"\xf0\x9f\xa7\x91\xf0\x9f\x8f\xbf\xe2\x80\x8d\xf0\x9f\xa6\xbc\xe2\x80\x8d\xe2\x9e\xa1",3302},
{"\xf0\x9f\xa7\x91\xf0\x9f\x8f\xbf\xe2\x80\x8d\xf0\x9f\xa6\xbc\xe2\x80\x8d\xe2\x9e\xa1\xef\xb8\x8f",3302},
{"\xf0\x9f\xa7\x91\xf0\x9f\x8f\xbf\xe2\x80\x8d\xf0\x9f\xa6\xbd",3305},
{"\xf0\x9f\xa7\x91\xf0\x9f\x8f\xbf\xe2\x80\x8d\xf0\x9f\xa6\xbd\xe2\x80\x8d\xe2\x9e\xa1",3304},
{"\xf0\x9f\xa7\x91\xf0\x9f\x8f\xbf\xe2\x80\x8d\xf0\x9f\xa6\xbd\xe2\x80\x8d\xe2\x9e\xa1\xef\xb8\x8f",3304},
{"\xf0\x9f\xa7\x91\xf0\x9f\x8f\xbf\xe2\x80\x8d\xf0\x9f\xa9\xb0",3306},
{"\xf0\x9f\xa7\x91\xf0\x9f\x8f\xbf\xe2\x80\x8d\xf0\x9f\xab\xaf\xe2\x80\x8d\xf0\x9f\xa7\x91\xf0\x9f\x8f\xbb",3307},
{"\xf0\x9f\xa7\x91\xf0\x9f\x8f\xbf\xe2\x80\x8d\xf0\x9f\xab\xaf\xe2\x80\x8d\xf0\x9f\xa7\x91\xf0\x9f\x8f\xbc",3308},
{"\xf0\x9f\xa7\x91\xf0\x9f\x8f\xbf\xe2\x80\x8d\xf0\x9f\xab\xaf\xe2\x80\x8d\xf0\x9f\xa7\x91\xf0\x9f\x8f\xbd",3309},
{"\xf0\x9f\xa7\x91\xf0\x9f\x8f\xbf\xe2\x80\x8d\xf0\x9f\xab\xaf\xe2\x80\x8d\xf0\x9f\xa7\x91\xf0\x9f\x8f\xbe",3310},
{"\xf0\x9f\xa7\x91\xf0\x9f\x8f\xbf\xef\xb8\x8f",3322},
{"\xf0\x9f\xa7\x92",3363},
{"\xf0\x9f\xa7\x92\xef\xb8\x8f",3363},
{"\xf0\x9f\xa7\x92\xf0\x9f\x8f\xbb",3358},
{"\xf0\x9f\xa7\x92\xf0\x9f\x8f\xbb\xef\xb8\x8f",3358},
{"\xf0\x9f\xa7\x92\xf0\x9f\x8f\xbc",3359},
{"\xf0\x9f\xa7\x92\xf0\x9f\x8f\xbc\xef\xb8\x8f",3359},
{"\xf0\x9f\xa7\x92\xf0\x9f\x8f\xbd",3360},
{"\xf0\x9f\xa7\x92\xf0\x9f\x8f\xbd\xef\xb8\x8f",3360},
{"\xf0\x9f\xa7\x92\xf0\x9f\x8f\xbe",3361},
{"\xf0\x9f\xa7\x92\xf0\x9f\x8f\xbe\xef\xb8\x8f",3361},
{"\xf0\x9f\xa7\x92\xf0\x9f\x8f\xbf",3362},
{"\xf0\x9f\xa7\x92\xf0\x9f\x8f\xbf\xef\xb8\x8f",3362},
{"\xf0\x9f\xa7\x93",3369},
{"\xf0\x9f\xa7\x93\xef\xb8\x8f",3369},
{"\xf0\x9f\xa7\x93\xf0\x9f\x8f\xbb",3364},
{"\xf0\x9f\xa7\x93\xf0\x9f\x8f\xbb\xef\xb8\x8f",3364},
{"\xf0\x9f\xa7\x93\xf0\x9f\x8f\xbc",3365},
{"\xf0\x9f\xa7\x93\xf0\x9f\x8f\xbc\xef\xb8\x8f",3365},
{"\xf0\x9f\xa7\x93\xf0\x9f\x8f\xbd",3366},
{"\xf0\x9f\xa7\x93\xf0\x9f\x8f\xbd\xef\xb8\x8f",3366},
{"\xf0\x9f\xa7\x93\xf0\x9f\x8f\xbe",3367},
{"\xf0\x9f\xa7\x93\xf0\x9f\x8f\xbe\xef\xb8\x8f",3367},
{"\xf0\x9f\xa7\x93\xf0\x9f\x8f\xbf",3368},
{"\xf0\x9f\xa7\x93\xf0\x9f\x8f\xbf\xef\xb8\x8f",3368},
{"\xf0\x9f\xa7\x94",3387},
{"\xf0\x9f\xa7\x94\xe2\x80\x8d\xe2\x99\x80",3385},
{"\xf0\x9f\xa7\x94\xe2\x80\x8d\xe2\x99\x80\xef\xb8\x8f",3385},
{"\xf0\x9f\xa7\x94\xe2\x80\x8d\xe2\x99\x82",3386},
{"\xf0\x9f\xa7\x94\xe2\x80\x8d\xe2\x99\x82\xef\xb8\x8f",3386},
{"\xf0\x9f\xa7\x94\xef\xb8\x8f",3387},
{"\xf0\x9f\xa7\x94\xf0\x9f\x8f\xbb",3372},
{"\xf0\x9f\xa7\x94\xf0\x9f\x8f\xbb\xe2\x80\x8d\xe2\x99\x80",3370},
{"\xf0\x9f\xa7\x94\xf0\x9f\x8f\xbb\xe2\x80\x8d\xe2\x99\x80\xef\xb8\x8f",3370},
{"\xf0\x9f\xa7\x94\xf0\x9f\x8f\xbb\xe2\x80\x8d\xe2\x99\x82",3371},
{"\xf0\x9f\xa7\x94\xf0\x9f\x8f\xbb\xe2\x80\x8d\xe2\x99\x82\xef\xb8\x8f",3371},
{"\xf0\x9f\xa7\x94\xf0\x9f\x8f\xbb\xef\xb8\x8f",3372},
{"\xf0\x9f\xa7\x94\xf0\x9f\x8f\xbc",3375},
{"\xf0\x9f\xa7\x94\xf0\x9f\x8f\xbc\xe2\x80\x8d\xe2\x99\x80",3373},
{"\xf0\x9f\xa7\x94\xf0\x9f\x8f\xbc\xe2\x80\x8d\xe2\x99\x80\xef\xb8\x8f",3373},
{"\xf0\x9f\xa7\x94\xf0\x9f\x8f\xbc\xe2\x80\x8d\xe2\x99\x82",3374},
{"\xf0\x9f\xa7\x94\xf0\x9f\x8f\xbc\xe2\x80\x8d\xe2\x99\x82\xef\xb8\x8f",3374},
{"\xf0\x9f\xa7\x94\xf0\x9f\x8f\xbc\xef\xb8\x8f",3375},
{"\xf0\x9f\xa7\x94\xf0\x9f\x8f\xbd",3378},
{"\xf0\x9f\xa7\x94\xf0\x9f\x8f\xbd\xe2\x80\x8d\xe2\x99\x80",3376},
{"\xf0\x9f\xa7\x94\xf0\x9f\x8f\xbd\xe2\x80\x8d\xe2\x99\x80\xef\xb8\x8f",3376},
{"\xf0\x9f\xa7\x94\xf0\x9f\x8f\xbd\xe2\x80\x8d\xe2\x99\x82",3377},
{"\xf0\x9f\xa7\x94\xf0\x9f\x8f\xbd\xe2\x80\x8d\xe2\x99\x82\xef\xb8\x8f",3377},
{"\xf0\x9f\xa7\x94\xf0\x9f\x8f\xbd\xef\xb8\x8f",3378},
{"\xf0\x9f\xa7\x94\xf0\x9f\x8f\xbe",3381},
{"\xf0\x9f\xa7\x94\xf0\x9f\x8f\xbe\xe2\x80\x8d\xe2\x99\x80",3379},
{"\xf0\x9f\xa7\x94\xf0\x9f\x8f\xbe\xe2\x80\x8d\xe2\x99\x80\xef\xb8\x8f",3379},
{"\xf0\x9f\xa7\x94\xf0\x9f\x8f\xbe\xe2\x80\x8d\xe2\x99\x82",3380},
{"\xf0\x9f\xa7\x94\xf0\x9f\x8f\xbe\xe2\x80\x8d\xe2\x99\x82\xef\xb8\x8f",3380},
{"\xf0\x9f\xa7\x94\xf0\x9f\x8f\xbe\xef\xb8\x8f",3381},
{"\xf0\x9f\xa7\x94\xf0\x9f\x8f\xbf",3384},
{"\xf0\x9f\xa7\x94\xf0\x9f\x8f\xbf\xe2\x80\x8d\xe2\x99\x80",3382},
{"\xf0\x9f\xa7\x94\xf0\x9f\x8f\xbf\xe2\x80\x8d\xe2\x99\x80\xef\xb8\x8f",3382},
{"\xf0\x9f\xa7\x94\xf0\x9f\x8f\xbf\xe2\x80\x8d\xe2\x99\x82",3383},
{"\xf0\x9f\xa7\x94\xf0\x9f\x8f\xbf\xe2\x80\x8d\xe2\x99\x82\xef\xb8\x8f",3383},
{"\xf0\x9f\xa7\x94\xf0\x9f\x8f\xbf\xef\xb8\x8f",3384},
{"\xf0\x9f\xa7\x95",3393},
{"\xf0\x9f\xa7\x95\xef\xb8\x8f",3393},
{"\xf0\x9f\xa7\x95\xf0\x9f\x8f\xbb",3388},
{"\xf0\x9f\xa7\x95\xf0\x9f\x8f\xbb\xef\xb8\x8f",3388},
{"\xf0\x9f\xa7\x95\xf0\x9f\x8f\xbc",3389},
{"\xf0\x9f\xa7\x95\xf0\x9f\x8f\xbc\xef\xb8\x8f",3389},
{"\xf0\x9f\xa7\x95\xf0\x9f\x8f\xbd",3390},
{"\xf0\x9f\xa7\x95\xf0\x9f\x8f\xbd\xef\xb8\x8f",3390},
{"\xf0\x9f\xa7\x95\xf0\x9f\x8f\xbe",3391},
{"\xf0\x9f\xa7\x95\xf0\x9f\x8f\xbe\xef\xb8\x8f",3391},
{"\xf0\x9f\xa7\x95\xf0\x9f\x8f\xbf",3392},
{"\xf0\x9f\xa7\x95\xf0\x9f\x8f\xbf\xef\xb8\x8f",3392},
{"\xf0\x9f\xa7\x96",3411},
{"\xf0\x9f\xa7\x96\xe2\x80\x8d\xe2\x99\x80",3409},
{"\xf0\x9f\xa7\x96\xe2\x80\x8d\xe2\x99\x80\xef\xb8\x8f",3409},
{"\xf0\x9f\xa7\x96\xe2\x80\x8d\xe2\x99\x82",3410},
{"\xf0\x9f\xa7\x96\xe2\x80\x8d\xe2\x99\x82\xef\xb8\x8f",3410},
{"\xf0\x9f\xa7\x96\xef\xb8\x8f",3411},
{"\xf0\x9f\xa7\x96\xf0\x9f\x8f\xbb",3396},
{"\xf0\x9f\xa7\x96\xf0\x9f\x8f\xbb\xe2\x80\x8d\xe2\x99\x80",3394},
{"\xf0\x9f\xa7\x96\xf0\x9f\x8f\xbb\xe2\x80\x8d\xe2\x99\x80\xef\xb8\x8f",3394},
{"\xf0\x9f\xa7\x96\xf0\x9f\x8f\xbb\xe2\x80\x8d\xe2\x99\x82",3395},
{"\xf0\x9f\xa7\x96\xf0\x9f\x8f\xbb\xe2\x80\x8d\xe2\x99\x82\xef\xb8\x8f",3395},
{"\xf0\x9f\xa7\x96\xf0\x9f\x8f\xbb\xef\xb8\x8f",3396},
{"\xf0\x9f\xa7\x96\xf0\x9f\x8f\xbc",3399},
{"\xf0\x9f\xa7\x96\xf0\x9f\x8f\xbc\xe2\x80\x8d\xe2\x99\x80",3397},
{"\xf0\x9f\xa7\x96\xf0\x9f\x8f\xbc\xe2\x80\x8d\xe2\x99\x80\xef\xb8\x8f",3397},
{"\xf0\x9f\xa7\x96\xf0\x9f\x8f\xbc\xe2\x80\x8d\xe2\x99\x82",3398},
{"\xf0\x9f\xa7\x96\xf0\x9f\x8f\xbc\xe2\x80\x8d\xe2\x99\x82\xef\xb8\x8f",3398},
{"\xf0\x9f\xa7\x96\xf0\x9f\x8f\xbc\xef\xb8\x8f",3399},
{"\xf0\x9f\xa7\x96\xf0\x9f\x8f\xbd",3402},
{"\xf0\x9f\xa7\x96\xf0\x9f\x8f\xbd\xe2\x80\x8d\xe2\x99\x80",3400},
{"\xf0\x9f\xa7\x96\xf0\x9f\x8f\xbd\xe2\x80\x8d\xe2\x99\x80\xef\xb8\x8f",3400},
{"\xf0\x9f\xa7\x96\xf0\x9f\x8f\xbd\xe2\x80\x8d\xe2\x99\x82",3401},
{"\xf0\x9f\xa7\x96\xf0\x9f\x8f\xbd\xe2\x80\x8d\xe2\x99\x82\xef\xb8\x8f",3401},
{"\xf0\x9f\xa7\x96\xf0\x9f\x8f\xbd\xef\xb8\x8f",3402},
{"\xf0\x9f\xa7\x96\xf0\x9f\x8f\xbe",3405},
{"\xf0\x9f\xa7\x96\xf0\x9f\x8f\xbe\xe2\x80\x8d\xe2\x99\x80",3403},
{"\xf0\x9f\xa7\x96\xf0\x9f\x8f\xbe\xe2\x80\x8d\xe2\x99\x80\xef\xb8\x8f",3403},
{"\xf0\x9f\xa7\x96\xf0\x9f\x8f\xbe\xe2\x80\x8d\xe2\x99\x82",3404},
{"\xf0\x9f\xa7\x96\xf0\x9f\x8f\xbe\xe2\x80\x8d\xe2\x99\x82\xef\xb8\x8f",3404},
{"\xf0\x9f\xa7\x96\xf0\x9f\x8f\xbe\xef\xb8\x8f",3405},
{"\xf0\x9f\xa7\x96\xf0\x9f\x8f\xbf",3408},
{"\xf0\x9f\xa7\x96\xf0\x9f\x8f\xbf\xe2\x80\x8d\xe2\x99\x80",3406},
{"\xf0\x9f\xa7\x96\xf0\x9f\x8f\xbf\xe2\x80\x8d\xe2\x99\x80\xef\xb8\x8f",3406},
{"\xf0\x9f\xa7\x96\xf0\x9f\x8f\xbf\xe2\x80\x8d\xe2\x99\x82",3407},
{"\xf0\x9f\xa7\x96\xf0\x9f\x8f\xbf\xe2\x80\x8d\xe2\x99\x82\xef\xb8\x8f",3407},
{"\xf0\x9f\xa7\x96\xf0\x9f\x8f\xbf\xef\xb8\x8f",3408},
{"\xf0\x9f\xa7\x97",3429},
{"\xf0\x9f\xa7\x97\xe2\x80\x8d\xe2\x99\x80",3427},
{"\xf0\x9f\xa7\x97\xe2\x80\x8d\xe2\x99\x80\xef\xb8\x8f",3427},
{"\xf0\x9f\xa7\x97\xe2\x80\x8d\xe2\x99\x82",3428},
{"\xf0\x9f\xa7\x97\xe2\x80\x8d\xe2\x99\x82\xef\xb8\x8f",3428},
{"\xf0\x9f\xa7\x97\xef\xb8\x8f",3429},
{"\xf0\x9f\xa7\x97\xf0\x9f\x8f\xbb",3414},
{"\xf0\x9f\xa7\x97\xf0\x9f\x8f\xbb\xe2\x80\x8d\xe2\x99\x80",3412},
{"\xf0\x9f\xa7\x97\xf0\x9f\x8f\xbb\xe2\x80\x8d\xe2\x99\x80\xef\xb8\x8f",3412},
{"\xf0\x9f\xa7\x97\xf0\x9f\x8f\xbb\xe2\x80\x8d\xe2\x99\x82",3413},
{"\xf0\x9f\xa7\x97\xf0\x9f\x8f\xbb\xe2\x80\x8d\xe2\x99\x82\xef\xb8\x8f",3413},
{"\xf0\x9f\xa7\x97\xf0\x9f\x8f\xbb\xef\xb8\x8f",3414},
{"\xf0\x9f\xa7\x97\xf0\x9f\x8f\xbc",3417},
{"\xf0\x9f\xa7\x97\xf0\x9f\x8f\xbc\xe2\x80\x8d\xe2\x99\x80",3415},
{"\xf0\x9f\xa7\x97\xf0\x9f\x8f\xbc\xe2\x80\x8d\xe2\x99\x80\xef\xb8\x8f",3415},
{"\xf0\x9f\xa7\x97\xf0\x9f\x8f\xbc\xe2\x80\x8d\xe2\x99\x82",3416},
{"\xf0\x9f\xa7\x97\xf0\x9f\x8f\xbc\xe2\x80\x8d\xe2\x99\x82\xef\xb8\x8f",3416},
{"\xf0\x9f\xa7\x97\xf0\x9f\x8f\xbc\xef\xb8\x8f",3417},
{"\xf0\x9f\xa7\x97\xf0\x9f\x8f\xbd",3420},
{"\xf0\x9f\xa7\x97\xf0\x9f\x8f\xbd\xe2\x80\x8d\xe2\x99\x80",3418},
{"\xf0\x9f\xa7\x97\xf0\x9f\x8f\xbd\xe2\x80\x8d\xe2\x99\x80\xef\xb8\x8f",3418},
{"\xf0\x9f\xa7\x97\xf0\x9f\x8f\xbd\xe2\x80\x8d\xe2\x99\x82",3419},
{"\xf0\x9f\xa7\x97\xf0\x9f\x8f\xbd\xe2\x80\x8d\xe2\x99\x82\xef\xb8\x8f",3419},
{"\xf0\x9f\xa7\x97\xf0\x9f\x8f\xbd\xef\xb8\x8f",3420},
{"\xf0\x9f\xa7\x97\xf0\x9f\x8f\xbe",3423},
{"\xf0\x9f\xa7\x97\xf0\x9f\x8f\xbe\xe2\x80\x8d\xe2\x99\x80",3421},
{"\xf0\x9f\xa7\x97\xf0\x9f\x8f\xbe\xe2\x80\x8d\xe2\x99\x80\xef\xb8\x8f",3421},
{"\xf0\x9f\xa7\x97\xf0\x9f\x8f\xbe\xe2\x80\x8d\xe2\x99\x82",3422},
{"\xf0\x9f\xa7\x97\xf0\x9f\x8f\xbe\xe2\x80\x8d\xe2\x99\x82\xef\xb8\x8f",3422},
{"\xf0\x9f\xa7\x97\xf0\x9f\x8f\xbe\xef\xb8\x8f",3423},
{"\xf0\x9f\xa7\x97\xf0\x9f\x8f\xbf",3426},
{"\xf0\x9f\xa7\x97\xf0\x9f\x8f\xbf\xe2\x80\x8d\xe2\x99\x80",3424},
{"\xf0\x9f\xa7\x97\xf0\x9f\x8f\xbf\xe2\x80\x8d\xe2\x99\x80\xef\xb8\x8f",3424},
{"\xf0\x9f\xa7\x97\xf0\x9f\x8f\xbf\xe2\x80\x8d\xe2\x99\x82",3425},
{"\xf0\x9f\xa7\x97\xf0\x9f\x8f\xbf\xe2\x80\x8d\xe2\x99\x82\xef\xb8\x8f",3425},
{"\xf0\x9f\xa7\x97\xf0\x9f\x8f\xbf\xef\xb8\x8f",3426},
{"\xf0\x9f\xa7\x98",3447},
{"\xf0\x9f\xa7\x98\xe2\x80\x8d\xe2\x99\x80",3445},
{"\xf0\x9f\xa7\x98\xe2\x80\x8d\xe2\x99\x80\xef\xb8\x8f",3445},
{"\xf0\x9f\xa7\x98\xe2\x80\x8d\xe2\x99\x82",3446},
{"\xf0\x9f\xa7\x98\xe2\x80\x8d\xe2\x99\x82\xef\xb8\x8f",3446},
{"\xf0\x9f\xa7\x98\xef\xb8\x8f",3447},
{"\xf0\x9f\xa7\x98\xf0\x9f\x8f\xbb",3432},
{"\xf0\x9f\xa7\x98\xf0\x9f\x8f\xbb\xe2\x80\x8d\xe2\x99\x80",3430},
{"\xf0\x9f\xa7\x98\xf0\x9f\x8f\xbb\xe2\x80\x8d\xe2\x99\x80\xef\xb8\x8f",3430},
{"\xf0\x9f\xa7\x98\xf0\x9f\x8f\xbb\xe2\x80\x8d\xe2\x99\x82",3431},
{"\xf0\x9f\xa7\x98\xf0\x9f\x8f\xbb\xe2\x80\x8d\xe2\x99\x82\xef\xb8\x8f",3431},
{"\xf0\x9f\xa7\x98\xf0\x9f\x8f\xbb\xef\xb8\x8f",3432},
{"\xf0\x9f\xa7\x98\xf0\x9f\x8f\xbc",3435},
{"\xf0\x9f\xa7\x98\xf0\x9f\x8f\xbc\xe2\x80\x8d\xe2\x99\x80",3433},
{"\xf0\x9f\xa7\x98\xf0\x9f\x8f\xbc\xe2\x80\x8d\xe2\x99\x80\xef\xb8\x8f",3433},
{"\xf0\x9f\xa7\x98\xf0\x9f\x8f\xbc\xe2\x80\x8d\xe2\x99\x82",3434},
{"\xf0\x9f\xa7\x98\xf0\x9f\x8f\xbc\xe2\x80\x8d\xe2\x99\x82\xef\xb8\x8f",3434},
{"\xf0\x9f\xa7\x98\xf0\x9f\x8f\xbc\xef\xb8\x8f",3435},
{"\xf0\x9f\xa7\x98\xf0\x9f\x8f\xbd",3438},
{"\xf0\x9f\xa7\x98\xf0\x9f\x8f\xbd\xe2\x80\x8d\xe2\x99\x80",3436},
{"\xf0\x9f\xa7\x98\xf0\x9f\x8f\xbd\xe2\x80\x8d\xe2\x99\x80\xef\xb8\x8f",3436},
{"\xf0\x9f\xa7\x98\xf0\x9f\x8f\xbd\xe2\x80\x8d\xe2\x99\x82",3437},
{"\xf0\x9f\xa7\x98\xf0\x9f\x8f\xbd\xe2\x80\x8d\xe2\x99\x82\xef\xb8\x8f",3437},
{"\xf0\x9f\xa7\x98\xf0\x9f\x8f\xbd\xef\xb8\x8f",3438},
{"\xf0\x9f\xa7\x98\xf0\x9f\x8f\xbe",3441},
{"\xf0\x9f\xa7\x98\xf0\x9f\x8f\xbe\xe2\x80\x8d\xe2\x99\x80",3439},
{"\xf0\x9f\xa7\x98\xf0\x9f\x8f\xbe\xe2\x80\x8d\xe2\x99\x80\xef\xb8\x8f",3439},
{"\xf0\x9f\xa7\x98\xf0\x9f\x8f\xbe\xe2\x80\x8d\xe2\x99\x82",3440},
{"\xf0\x9f\xa7\x98\xf0\x9f\x8f\xbe\xe2\x80\x8d\xe2\x99\x82\xef\xb8\x8f",3440},
{"\xf0\x9f\xa7\x98\xf0\x9f\x8f\xbe\xef\xb8\x8f",3441},
{"\xf0\x9f\xa7\x98\xf0\x9f\x8f\xbf",3444},
{"\xf0\x9f\xa7\x98\xf0\x9f\x8f\xbf\xe2\x80\x8d\xe2\x99\x80",3442},
{"\xf0\x9f\xa7\x98\xf0\x9f\x8f\xbf\xe2\x80\x8d\xe2\x99\x80\xef\xb8\x8f",3442},
{"\xf0\x9f\xa7\x98\xf0\x9f\x8f\xbf\xe2\x80\x8d\xe2\x99\x82",3443},
{"\xf0\x9f\xa7\x98\xf0\x9f\x8f\xbf\xe2\x80\x8d\xe2\x99\x82\xef\xb8\x8f",3443},
{"\xf0\x9f\xa7\x98\xf0\x9f\x8f\xbf\xef\xb8\x8f",3444},
{"\xf0\x9f\xa7\x99",3465},
{"\xf0\x9f\xa7\x99\xe2\x80\x8d\xe2\x99\x80",3463},
{"\xf0\x9f\xa7\x99\xe2\x80\x8d\xe2\x99\x80\xef\xb8\x8f",3463},
{"\xf0\x9f\xa7\x99\xe2\x80\x8d\xe2\x99\x82",3464},
{"\xf0\x9f\xa7\x99\xe2\x80\x8d\xe2\x99\x82\xef\xb8\x8f",3464},
{"\xf0\x9f\xa7\x99\xef\xb8\x8f",3465},
{"\xf0\x9f\xa7\x99\xf0\x9f\x8f\xbb",3450},
{"\xf0\x9f\xa7\x99\xf0\x9f\x8f\xbb\xe2\x80\x8d\xe2\x99\x80",3448},
{"\xf0\x9f\xa7\x99\xf0\x9f\x8f\xbb\xe2\x80\x8d\xe2\x99\x80\xef\xb8\x8f",3448},
{"\xf0\x9f\xa7\x99\xf0\x9f\x8f\xbb\xe2\x80\x8d\xe2\x99\x82",3449},
{"\xf0\x9f\xa7\x99\xf0\x9f\x8f\xbb\xe2\x80\x8d\xe2\x99\x82\xef\xb8\x8f",3449},
{"\xf0\x9f\xa7\x99\xf0\x9f\x8f\xbb\xef\xb8\x8f",3450},
{"\xf0\x9f\xa7\x99\xf0\x9f\x8f\xbc",3453},
{"\xf0\x9f\xa7\x99\xf0\x9f\x8f\xbc\xe2\x80\x8d\xe2\x99\x80",3451},
{"\xf0\x9f\xa7\x99\xf0\x9f\x8f\xbc\xe2\x80\x8d\xe2\x99\x80\xef\xb8\x8f",3451},
{"\xf0\x9f\xa7\x99\xf0\x9f\x8f\xbc\xe2\x80\x8d\xe2\x99\x82",3452},
{"\xf0\x9f\xa7\x99\xf0\x9f\x8f\xbc\xe2\x80\x8d\xe2\x99\x82\xef\xb8\x8f",3452},
{"\xf0\x9f\xa7\x99\xf0\x9f\x8f\xbc\xef\xb8\x8f",3453},
{"\xf0\x9f\xa7\x99\xf0\x9f\x8f\xbd",3456},
{"\xf0\x9f\xa7\x99\xf0\x9f\x8f\xbd\xe2\x80\x8d\xe2\x99\x80",3454},
{"\xf0\x9f\xa7\x99\xf0\x9f\x8f\xbd\xe2\x80\x8d\xe2\x99\x80\xef\xb8\x8f",3454},
{"\xf0\x9f\xa7\x99\xf0\x9f\x8f\xbd\xe2\x80\x8d\xe2\x99\x82",3455},
{"\xf0\x9f\xa7\x99\xf0\x9f\x8f\xbd\xe2\x80\x8d\xe2\x99\x82\xef\xb8\x8f",3455},
{"\xf0\x9f\xa7\x99\xf0\x9f\x8f\xbd\xef\xb8\x8f",3456},
{"\xf0\x9f\xa7\x99\xf0\x9f\x8f\xbe",3459},
{"\xf0\x9f\xa7\x99\xf0\x9f\x8f\xbe\xe2\x80\x8d\xe2\x99\x80",3457},
{"\xf0\x9f\xa7\x99\xf0\x9f\x8f\xbe\xe2\x80\x8d\xe2\x99\x80\xef\xb8\x8f",3457},
{"\xf0\x9f\xa7\x99\xf0\x9f\x8f\xbe\xe2\x80\x8d\xe2\x99\x82",3458},
{"\xf0\x9f\xa7\x99\xf0\x9f\x8f\xbe\xe2\x80\x8d\xe2\x99\x82\xef\xb8\x8f",3458},
{"\xf0\x9f\xa7\x99\xf0\x9f\x8f\xbe\xef\xb8\x8f",3459},
{"\xf0\x9f\xa7\x99\xf0\x9f\x8f\xbf",3462},
{"\xf0\x9f\xa7\x99\xf0\x9f\x8f\xbf\xe2\x80\x8d\xe2\x99\x80",3460},
{"\xf0\x9f\xa7\x99\xf0\x9f\x8f\xbf\xe2\x80\x8d\xe2\x99\x80\xef\xb8\x8f",3460},
{"\xf0\x9f\xa7\x99\xf0\x9f\x8f\xbf\xe2\x80\x8d\xe2\x99\x82",3461},
{"\xf0\x9f\xa7\x99\xf0\x9f\x8f\xbf\xe2\x80\x8d\xe2\x99\x82\xef\xb8\x8f",3461},
{"\xf0\x9f\xa7\x99\xf0\x9f\x8f\xbf\xef\xb8\x8f",3462},
{"\xf0\x9f\xa7\x9a",3483},
{"\xf0\x9f\xa7\x9a\xe2\x80\x8d\xe2\x99\x80",3481},
{"\xf0\x9f\xa7\x9a\xe2\x80\x8d\xe2\x99\x80\xef\xb8\x8f",3481},
{"\xf0\x9f\xa7\x9a\xe2\x80\x8d\xe2\x99\x82",3482},
{"\xf0\x9f\xa7\x9a\xe2\x80\x8d\xe2\x99\x82\xef\xb8\x8f",3482},
{"\xf0\x9f\xa7\x9a\xef\xb8\x8f",3483},
{"\xf0\x9f\xa7\x9a\xf0\x9f\x8f\xbb",3468},
{"\xf0\x9f\xa7\x9a\xf0\x9f\x8f\xbb\xe2\x80\x8d\xe2\x99\x80",3466},
{"\xf0\x9f\xa7\x9a\xf0\x9f\x8f\xbb\xe2\x80\x8d\xe2\x99\x80\xef\xb8\x8f",3466},
{"\xf0\x9f\xa7\x9a\xf0\x9f\x8f\xbb\xe2\x80\x8d\xe2\x99\x82",3467},
{"\xf0\x9f\xa7\x9a\xf0\x9f\x8f\xbb\xe2\x80\x8d\xe2\x99\x82\xef\xb8\x8f",3467},
{"\xf0\x9f\xa7\x9a\xf0\x9f\x8f\xbb\xef\xb8\x8f",3468},
{"\xf0\x9f\xa7\x9a\xf0\x9f\x8f\xbc",3471},
{"\xf0\x9f\xa7\x9a\xf0\x9f\x8f\xbc\xe2\x80\x8d\xe2\x99\x80",3469},
{"\xf0\x9f\xa7\x9a\xf0\x9f\x8f\xbc\xe2\x80\x8d\xe2\x99\x80\xef\xb8\x8f",3469},
{"\xf0\x9f\xa7\x9a\xf0\x9f\x8f\xbc\xe2\x80\x8d\xe2\x99\x82",3470},
{"\xf0\x9f\xa7\x9a\xf0\x9f\x8f\xbc\xe2\x80\x8d\xe2\x99\x82\xef\xb8\x8f",3470},
{"\xf0\x9f\xa7\x9a\xf0\x9f\x8f\xbc\xef\xb8\x8f",3471},
{"\xf0\x9f\xa7\x9a\xf0\x9f\x8f\xbd",3474},
{"\xf0\x9f\xa7\x9a\xf0\x9f\x8f\xbd\xe2\x80\x8d\xe2\x99\x80",3472},
{"\xf0\x9f\xa7\x9a\xf0\x9f\x8f\xbd\xe2\x80\x8d\xe2\x99\x80\xef\xb8\x8f",3472},
{"\xf0\x9f\xa7\x9a\xf0\x9f\x8f\xbd\xe2\x80\x8d\xe2\x99\x82",3473},
{"\xf0\x9f\xa7\x9a\xf0\x9f\x8f\xbd\xe2\x80\x8d\xe2\x99\x82\xef\xb8\x8f",3473},
{"\xf0\x9f\xa7\x9a\xf0\x9f\x8f\xbd\xef\xb8\x8f",3474},
{"\xf0\x9f\xa7\x9a\xf0\x9f\x8f\xbe",3477},
{"\xf0\x9f\xa7\x9a\xf0\x9f\x8f\xbe\xe2\x80\x8d\xe2\x99\x80",3475},
{"\xf0\x9f\xa7\x9a\xf0\x9f\x8f\xbe\xe2\x80\x8d\xe2\x99\x80\xef\xb8\x8f",3475},
{"\xf0\x9f\xa7\x9a\xf0\x9f\x8f\xbe\xe2\x80\x8d\xe2\x99\x82",3476},
{"\xf0\x9f\xa7\x9a\xf0\x9f\x8f\xbe\xe2\x80\x8d\xe2\x99\x82\xef\xb8\x8f",3476},
{"\xf0\x9f\xa7\x9a\xf0\x9f\x8f\xbe\xef\xb8\x8f",3477},
{"\xf0\x9f\xa7\x9a\xf0\x9f\x8f\xbf",3480},
{"\xf0\x9f\xa7\x9a\xf0\x9f\x8f\xbf\xe2\x80\x8d\xe2\x99\x80",3478},
{"\xf0\x9f\xa7\x9a\xf0\x9f\x8f\xbf\xe2\x80\x8d\xe2\x99\x80\xef\xb8\x8f",3478},
{"\xf0\x9f\xa7\x9a\xf0\x9f\x8f\xbf\xe2\x80\x8d\xe2\x99\x82",3479},
{"\xf0\x9f\xa7\x9a\xf0\x9f\x8f\xbf\xe2\x80\x8d\xe2\x99\x82\xef\xb8\x8f",3479},
{"\xf0\x9f\xa7\x9a\xf0\x9f\x8f\xbf\xef\xb8\x8f",3480},
{"\xf0\x9f\xa7\x9b",3501},
{"\xf0\x9f\xa7\x9b\xe2\x80\x8d\xe2\x99\x80",3499},
{"\xf0\x9f\xa7\x9b\xe2\x80\x8d\xe2\x99\x80\xef\xb8\x8f",3499},
{"\xf0\x9f\xa7\x9b\xe2\x80\x8d\xe2\x99\x82",3500},
{"\xf0\x9f\xa7\x9b\xe2\x80\x8d\xe2\x99\x82\xef\xb8\x8f",3500},
{"\xf0\x9f\xa7\x9b\xef\xb8\x8f",3501},
{"\xf0\x9f\xa7\x9b\xf0\x9f\x8f\xbb",3486},
{"\xf0\x9f\xa7\x9b\xf0\x9f\x8f\xbb\xe2\x80\x8d\xe2\x99\x80",3484},
{"\xf0\x9f\xa7\x9b\xf0\x9f\x8f\xbb\xe2\x80\x8d\xe2\x99\x80\xef\xb8\x8f",3484},
{"\xf0\x9f\xa7\x9b\xf0\x9f\x8f\xbb\xe2\x80\x8d\xe2\x99\x82",3485},
{"\xf0\x9f\xa7\x9b\xf0\x9f\x8f\xbb\xe2\x80\x8d\xe2\x99\x82\xef\xb8\x8f",3485},
{"\xf0\x9f\xa7\x9b\xf0\x9f\x8f\xbb\xef\xb8\x8f",3486},
{"\xf0\x9f\xa7\x9b\xf0\x9f\x8f\xbc",3489},
{"\xf0\x9f\xa7\x9b\xf0\x9f\x8f\xbc\xe2\x80\x8d\xe2\x99\x80",3487},
{"\xf0\x9f\xa7\x9b\xf0\x9f\x8f\xbc\xe2\x80\x8d\xe2\x99\x80\xef\xb8\x8f",3487},
{"\xf0\x9f\xa7\x9b\xf0\x9f\x8f\xbc\xe2\x80\x8d\xe2\x99\x82",3488},
{"\xf0\x9f\xa7\x9b\xf0\x9f\x8f\xbc\xe2\x80\x8d\xe2\x99\x82\xef\xb8\x8f",3488},
{"\xf0\x9f\xa7\x9b\xf0\x9f\x8f\xbc\xef\xb8\x8f",3489},
{"\xf0\x9f\xa7\x9b\xf0\x9f\x8f\xbd",3492},
{"\xf0\x9f\xa7\x9b\xf0\x9f\x8f\xbd\xe2\x80\x8d\xe2\x99\x80",3490},
{"\xf0\x9f\xa7\x9b\xf0\x9f\x8f\xbd\xe2\x80\x8d\xe2\x99\x80\xef\xb8\x8f",3490},
{"\xf0\x9f\xa7\x9b\xf0\x9f\x8f\xbd\xe2\x80\x8d\xe2\x99\x82",3491},
{"\xf0\x9f\xa7\x9b\xf0\x9f\x8f\xbd\xe2\x80\x8d\xe2\x99\x82\xef\xb8\x8f",3491},
{"\xf0\x9f\xa7\x9b\xf0\x9f\x8f\xbd\xef\xb8\x8f",3492},
{"\xf0\x9f\xa7\x9b\xf0\x9f\x8f\xbe",3495},
{"\xf0\x9f\xa7\x9b\xf0\x9f\x8f\xbe\xe2\x80\x8d\xe2\x99\x80",3493},
{"\xf0\x9f\xa7\x9b\xf0\x9f\x8f\xbe\xe2\x80\x8d\xe2\x99\x80\xef\xb8\x8f",3493},
{"\xf0\x9f\xa7\x9b\xf0\x9f\x8f\xbe\xe2\x80\x8d\xe2\x99\x82",3494},
{"\xf0\x9f\xa7\x9b\xf0\x9f\x8f\xbe\xe2\x80\x8d\xe2\x99\x82\xef\xb8\x8f",3494},
{"\xf0\x9f\xa7\x9b\xf0\x9f\x8f\xbe\xef\xb8\x8f",3495},
{"\xf0\x9f\xa7\x9b\xf0\x9f\x8f\xbf",3498},
{"\xf0\x9f\xa7\x9b\xf0\x9f\x8f\xbf\xe2\x80\x8d\xe2\x99\x80",3496},
{"\xf0\x9f\xa7\x9b\xf0\x9f\x8f\xbf\xe2\x80\x8d\xe2\x99\x80\xef\xb8\x8f",3496},
{"\xf0\x9f\xa7\x9b\xf0\x9f\x8f\xbf\xe2\x80\x8d\xe2\x99\x82",3497},
{"\xf0\x9f\xa7\x9b\xf0\x9f\x8f\xbf\xe2\x80\x8d\xe2\x99\x82\xef\xb8\x8f",3497},
{"\xf0\x9f\xa7\x9b\xf0\x9f\x8f\xbf\xef\xb8\x8f",3498},
{"\xf0\x9f\xa7\x9c",3519},
{"\xf0\x9f\xa7\x9c\xe2\x80\x8d\xe2\x99\x80",3517},
{"\xf0\x9f\xa7\x9c\xe2\x80\x8d\xe2\x99\x80\xef\xb8\x8f",3517},
{"\xf0\x9f\xa7\x9c\xe2\x80\x8d\xe2\x99\x82",3518},
{"\xf0\x9f\xa7\x9c\xe2\x80\x8d\xe2\x99\x82\xef\xb8\x8f",3518},
{"\xf0\x9f\xa7\x9c\xef\xb8\x8f",3519},
{"\xf0\x9f\xa7\x9c\xf0\x9f\x8f\xbb",3504},
{"\xf0\x9f\xa7\x9c\xf0\x9f\x8f\xbb\xe2\x80\x8d\xe2\x99\x80",3502},
{"\xf0\x9f\xa7\x9c\xf0\x9f\x8f\xbb\xe2\x80\x8d\xe2\x99\x80\xef\xb8\x8f",3502},
{"\xf0\x9f\xa7\x9c\xf0\x9f\x8f\xbb\xe2\x80\x8d\xe2\x99\x82",3503},
{"\xf0\x9f\xa7\x9c\xf0\x9f\x8f\xbb\xe2\x80\x8d\xe2\x99\x82\xef\xb8\x8f",3503},
{"\xf0\x9f\xa7\x9c\xf0\x9f\x8f\xbb\xef\xb8\x8f",3504},
{"\xf0\x9f\xa7\x9c\xf0\x9f\x8f\xbc",3507},
{"\xf0\x9f\xa7\x9c\xf0\x9f\x8f\xbc\xe2\x80\x8d\xe2\x99\x80",3505},
{"\xf0\x9f\xa7\x9c\xf0\x9f\x8f\xbc\xe2\x80\x8d\xe2\x99\x80\xef\xb8\x8f",3505},
{"\xf0\x9f\xa7\x9c\xf0\x9f\x8f\xbc\xe2\x80\x8d\xe2\x99\x82",3506},
{"\xf0\x9f\xa7\x9c\xf0\x9f\x8f\xbc\xe2\x80\x8d\xe2\x99\x82\xef\xb8\x8f",3506},
{"\xf0\x9f\xa7\x9c\xf0\x9f\x8f\xbc\xef\xb8\x8f",3507},
{"\xf0\x9f\xa7\x9c\xf0\x9f\x8f\xbd",3510},
{"\xf0\x9f\xa7\x9c\xf0\x9f\x8f\xbd\xe2\x80\x8d\xe2\x99\x80",3508},
{"\xf0\x9f\xa7\x9c\xf0\x9f\x8f\xbd\xe2\x80\x8d\xe2\x99\x80\xef\xb8\x8f",3508},
{"\xf0\x9f\xa7\x9c\xf0\x9f\x8f\xbd\xe2\x80\x8d\xe2\x99\x82",3509},
{"\xf0\x9f\xa7\x9c\xf0\x9f\x8f\xbd\xe2\x80\x8d\xe2\x99\x82\xef\xb8\x8f",3509},
{"\xf0\x9f\xa7\x9c\xf0\x9f\x8f\xbd\xef\xb8\x8f",3510},
{"\xf0\x9f\xa7\x9c\xf0\x9f\x8f\xbe",3513},
{"\xf0\x9f\xa7\x9c\xf0\x9f\x8f\xbe\xe2\x80\x8d\xe2\x99\x80",3511},
{"\xf0\x9f\xa7\x9c\xf0\x9f\x8f\xbe\xe2\x80\x8d\xe2\x99\x80\xef\xb8\x8f",3511},
{"\xf0\x9f\xa7\x9c\xf0\x9f\x8f\xbe\xe2\x80\x8d\xe2\x99\x82",3512},
{"\xf0\x9f\xa7\x9c\xf0\x9f\x8f\xbe\xe2\x80\x8d\xe2\x99\x82\xef\xb8\x8f",3512},
{"\xf0\x9f\xa7\x9c\xf0\x9f\x8f\xbe\xef\xb8\x8f",3513},
{"\xf0\x9f\xa7\x9c\xf0\x9f\x8f\xbf",3516},
{"\xf0\x9f\xa7\x9c\xf0\x9f\x8f\xbf\xe2\x80\x8d\xe2\x99\x80",3514},
{"\xf0\x9f\xa7\x9c\xf0\x9f\x8f\xbf\xe2\x80\x8d\xe2\x99\x80\xef\xb8\x8f",3514},
{"\xf0\x9f\xa7\x9c\xf0\x9f\x8f\xbf\xe2\x80\x8d\xe2\x99\x82",3515},
{"\xf0\x9f\xa7\x9c\xf0\x9f\x8f\xbf\xe2\x80\x8d\xe2\x99\x82\xef\xb8\x8f",3515},
{"\xf0\x9f\xa7\x9c\xf0\x9f\x8f\xbf\xef\xb8\x8f",3516},
{"\xf0\x9f\xa7\x9d",3537},
{"\xf0\x9f\xa7\x9d\xe2\x80\x8d\xe2\x99\x80",3535},
{"\xf0\x9f\xa7\x9d\xe2\x80\x8d\xe2\x99\x80\xef\xb8\x8f",3535},
{"\xf0\x9f\xa7\x9d\xe2\x80\x8d\xe2\x99\x82",3536},
{"\xf0\x9f\xa7\x9d\xe2\x80\x8d\xe2\x99\x82\xef\xb8\x8f",3536},
{"\xf0\x9f\xa7\x9d\xef\xb8\x8f",3537},
{"\xf0\x9f\xa7\x9d\xf0\x9f\x8f\xbb",3522},
{"\xf0\x9f\xa7\x9d\xf0\x9f\x8f\xbb\xe2\x80\x8d\xe2\x99\x80",3520},
{"\xf0\x9f\xa7\x9d\xf0\x9f\x8f\xbb\xe2\x80\x8d\xe2\x99\x80\xef\xb8\x8f",3520},
{"\xf0\x9f\xa7\x9d\xf0\x9f\x8f\xbb\xe2\x80\x8d\xe2\x99\x82",3521},
{"\xf0\x9f\xa7\x9d\xf0\x9f\x8f\xbb\xe2\x80\x8d\xe2\x99\x82\xef\xb8\x8f",3521},
{"\xf0\x9f\xa7\x9d\xf0\x9f\x8f\xbb\xef\xb8\x8f",3522},
{"\xf0\x9f\xa7\x9d\xf0\x9f\x8f\xbc",3525},
{"\xf0\x9f\xa7\x9d\xf0\x9f\x8f\xbc\xe2\x80\x8d\xe2\x99\x80",3523},
{"\xf0\x9f\xa7\x9d\xf0\x9f\x8f\xbc\xe2\x80\x8d\xe2\x99\x80\xef\xb8\x8f",3523},
{"\xf0\x9f\xa7\x9d\xf0\x9f\x8f\xbc\xe2\x80\x8d\xe2\x99\x82",3524},
{"\xf0\x9f\xa7\x9d\xf0\x9f\x8f\xbc\xe2\x80\x8d\xe2\x99\x82\xef\xb8\x8f",3524},
{"\xf0\x9f\xa7\x9d\xf0\x9f\x8f\xbc\xef\xb8\x8f",3525},
{"\xf0\x9f\xa7\x9d\xf0\x9f\x8f\xbd",3528},
{"\xf0\x9f\xa7\x9d\xf0\x9f\x8f\xbd\xe2\x80\x8d\xe2\x99\x80",3526},
{"\xf0\x9f\xa7\x9d\xf0\x9f\x8f\xbd\xe2\x80\x8d\xe2\x99\x80\xef\xb8\x8f",3526},
{"\xf0\x9f\xa7\x9d\xf0\x9f\x8f\xbd\xe2\x80\x8d\xe2\x99\x82",3527},
{"\xf0\x9f\xa7\x9d\xf0\x9f\x8f\xbd\xe2\x80\x8d\xe2\x99\x82\xef\xb8\x8f",3527},
{"\xf0\x9f\xa7\x9d\xf0\x9f\x8f\xbd\xef\xb8\x8f",3528},
{"\xf0\x9f\xa7\x9d\xf0\x9f\x8f\xbe",3531},
{"\xf0\x9f\xa7\x9d\xf0\x9f\x8f\xbe\xe2\x80\x8d\xe2\x99\x80",3529},
{"\xf0\x9f\xa7\x9d\xf0\x9f\x8f\xbe\xe2\x80\x8d\xe2\x99\x80\xef\xb8\x8f",3529},
{"\xf0\x9f\xa7\x9d\xf0\x9f\x8f\xbe\xe2\x80\x8d\xe2\x99\x82",3530},
{"\xf0\x9f\xa7\x9d\xf0\x9f\x8f\xbe\xe2\x80\x8d\xe2\x99\x82\xef\xb8\x8f",3530},
{"\xf0\x9f\xa7\x9d\xf0\x9f\x8f\xbe\xef\xb8\x8f",3531},
{"\xf0\x9f\xa7\x9d\xf0\x9f\x8f\xbf",3534},
{"\xf0\x9f\xa7\x9d\xf0\x9f\x8f\xbf\xe2\x80\x8d\xe2\x99\x80",3532},
{"\xf0\x9f\xa7\x9d\xf0\x9f\x8f\xbf\xe2\x80\x8d\xe2\x99\x80\xef\xb8\x8f",3532},
{"\xf0\x9f\xa7\x9d\xf0\x9f\x8f\xbf\xe2\x80\x8d\xe2\x99\x82",3533},
{"\xf0\x9f\xa7\x9d\xf0\x9f\x8f\xbf\xe2\x80\x8d\xe2\x99\x82\xef\xb8\x8f",3533},
{"\xf0\x9f\xa7\x9d\xf0\x9f\x8f\xbf\xef\xb8\x8f",3534},
{"\xf0\x9f\xa7\x9e",3540},
{"\xf0\x9f\xa7\x9e\xe2\x80\x8d\xe2\x99\x80",3538},
{"\xf0\x9f\xa7\x9e\xe2\x80\x8d\xe2\x99\x80\xef\xb8\x8f",3538},
{"\xf0\x9f\xa7\x9e\xe2\x80\x8d\xe2\x99\x82",3539},
{"\xf0\x9f\xa7\x9e\xe2\x80\x8d\xe2\x99\x82\xef\xb8\x8f",3539},
{"\xf0\x9f\xa7\x9e\xef\xb8\x8f",3540},
{"\xf0\x9f\xa7\x9f",3543},
{"\xf0\x9f\xa7\x9f\xe2\x80\x8d\xe2\x99\x80",3541},
{"\xf0\x9f\xa7\x9f\xe2\x80\x8d\xe2\x99\x80\xef\xb8\x8f",3541},
{"\xf0\x9f\xa7\x9f\xe2\x80\x8d\xe2\x99\x82",3542},
{"\xf0\x9f\xa7\x9f\xe2\x80\x8d\xe2\x99\x82\xef\xb8\x8f",3542},
{"\xf0\x9f\xa7\x9f\xef\xb8\x8f",3543},
{"\xf0\x9f\xa7\xa0",3544},
{"\xf0\x9f\xa7\xa0\xef\xb8\x8f",3544},
{"\xf0\x9f\xa7\xa1",3545},
{"\xf0\x9f\xa7\xa1\xef\xb8\x8f",3545},
{"\xf0\x9f\xa7\xa2",3546},
{"\xf0\x9f\xa7\xa2\xef\xb8\x8f",3546},
{"\xf0\x9f\xa7\xa3",3547},
{"\xf0\x9f\xa7\xa3\xef\xb8\x8f",3547},
{"\xf0\x9f\xa7\xa4",3548},
{"\xf0\x9f\xa7\xa4\xef\xb8\x8f",3548},
{"\xf0\x9f\xa7\xa5",3549},
{"\xf0\x9f\xa7\xa5\xef\xb8\x8f",3549},
{"\xf0\x9f\xa7\xa6",3550},
{"\xf0\x9f\xa7\xa6\xef\xb8\x8f",3550},
{"\xf0\x9f\xa7\xa7",3551},
{"\xf0\x9f\xa7\xa7\xef\xb8\x8f",3551},
{"\xf0\x9f\xa7\xa8",3552},
{"\xf0\x9f\xa7\xa8\xef\xb8\x8f",3552},
{"\xf0\x9f\xa7\xa9",3553},
{"\xf0\x9f\xa7\xa9\xef\xb8\x8f",3553},
{"\xf0\x9f\xa7\xaa",3554},
{"\xf0\x9f\xa7\xaa\xef\xb8\x8f",3554},
{"\xf0\x9f\xa7\xab",3555},
{"\xf0\x9f\xa7\xab\xef\xb8\x8f",3555},
{"\xf0\x9f\xa7\xac",3556},
{"\xf0\x9f\xa7\xac\xef\xb8\x8f",3556},
{"\xf0\x9f\xa7\xad",3557},
{"\xf0\x9f\xa7\xad\xef\xb8\x8f",3557},
{"\xf0\x9f\xa7\xae",3558},
{"\xf0\x9f\xa7\xae\xef\xb8\x8f",3558},
{"\xf0\x9f\xa7\xaf",3559},
{"\xf0\x9f\xa7\xaf\xef\xb8\x8f",3559},
{"\xf0\x9f\xa7\xb0",3560},
{"\xf0\x9f\xa7\xb0\xef\xb8\x8f",3560},
{"\xf0\x9f\xa7\xb1",3561},
{"\xf0\x9f\xa7\xb1\xef\xb8\x8f",3561},
{"\xf0\x9f\xa7\xb2",3562},
{"\xf0\x9f\xa7\xb2\xef\xb8\x8f",3562},
{"\xf0\x9f\xa7\xb3",3563},
{"\xf0\x9f\xa7\xb3\xef\xb8\x8f",3563},
{"\xf0\x9f\xa7\xb4",3564},
{"\xf0\x9f\xa7\xb4\xef\xb8\x8f",3564},
{"\xf0\x9f\xa7\xb5",3565},
{"\xf0\x9f\xa7\xb5\xef\xb8\x8f",3565},
{"\xf0\x9f\xa7\xb6",3566},
{"\xf0\x9f\xa7\xb6\xef\xb8\x8f",3566},
{"\xf0\x9f\xa7\xb7",3567},
{"\xf0\x9f\xa7\xb7\xef\xb8\x8f",3567},
{"\xf0\x9f\xa7\xb8",3568},
{"\xf0\x9f\xa7\xb8\xef\xb8\x8f",3568},
{"\xf0\x9f\xa7\xb9",3569},
{"\xf0\x9f\xa7\xb9\xef\xb8\x8f",3569},
{"\xf0\x9f\xa7\xba",3570},
{"\xf0\x9f\xa7\xba\xef\xb8\x8f",3570},
{"\xf0\x9f\xa7\xbb",3571},
{"\xf0\x9f\xa7\xbb\xef\xb8\x8f",3571},
{"\xf0\x9f\xa7\xbc",3572},
{"\xf0\x9f\xa7\xbc\xef\xb8\x8f",3572},
{"\xf0\x9f\xa7\xbd",3573},
{"\xf0\x9f\xa7\xbd\xef\xb8\x8f",3573},
{"\xf0\x9f\xa7\xbe",3574},
{"\xf0\x9f\xa7\xbe\xef\xb8\x8f",3574},
{"\xf0\x9f\xa7\xbf",3575},
{"\xf0\x9f\xa7\xbf\xef\xb8\x8f",3575},
{"\xf0\x9f\xa9\xb0",3576},
{"\xf0\x9f\xa9\xb0\xef\xb8\x8f",3576},
{"\xf0\x9f\xa9\xb1",3577},
{"\xf0\x9f\xa9\xb1\xef\xb8\x8f",3577},
{"\xf0\x9f\xa9\xb2",3578},
{"\xf0\x9f\xa9\xb2\xef\xb8\x8f",3578},
{"\xf0\x9f\xa9\xb3",3579},
{"\xf0\x9f\xa9\xb3\xef\xb8\x8f",3579},
{"\xf0\x9f\xa9\xb4",3580},
{"\xf0\x9f\xa9\xb4\xef\xb8\x8f",3580},
{"\xf0\x9f\xa9\xb5",3581},
{"\xf0\x9f\xa9\xb5\xef\xb8\x8f",3581},
{"\xf0\x9f\xa9\xb6",3582},
{"\xf0\x9f\xa9\xb6\xef\xb8\x8f",3582},
{"\xf0\x9f\xa9\xb7",3583},
{"\xf0\x9f\xa9\xb7\xef\xb8\x8f",3583},
{"\xf0\x9f\xa9\xb8",3584},
{"\xf0\x9f\xa9\xb8\xef\xb8\x8f",3584},
{"\xf0\x9f\xa9\xb9",3585},
{"\xf0\x9f\xa9\xb9\xef\xb8\x8f",3585},
{"\xf0\x9f\xa9\xba",3586},
{"\xf0\x9f\xa9\xba\xef\xb8\x8f",3586},
{"\xf0\x9f\xa9\xbb",3587},
{"\xf0\x9f\xa9\xbb\xef\xb8\x8f",3587},
{"\xf0\x9f\xa9\xbc",3588},
{"\xf0\x9f\xa9\xbc\xef\xb8\x8f",3588},
{"\xf0\x9f\xaa\x80",3589},
{"\xf0\x9f\xaa\x80\xef\xb8\x8f",3589},
{"\xf0\x9f\xaa\x81",3590},
{"\xf0\x9f\xaa\x81\xef\xb8\x8f",3590},
{"\xf0\x9f\xaa\x82",3591},
{"\xf0\x9f\xaa\x82\xef\xb8\x8f",3591},
{"\xf0\x9f\xaa\x83",3592},
{"\xf0\x9f\xaa\x83\xef\xb8\x8f",3592},
{"\xf0\x9f\xaa\x84",3593},
{"\xf0\x9f\xaa\x84\xef\xb8\x8f",3593},
{"\xf0\x9f\xaa\x85",3594},
{"\xf0\x9f\xaa\x85\xef\xb8\x8f",3594},
{"\xf0\x9f\xaa\x86",3595},
{"\xf0\x9f\xaa\x86\xef\xb8\x8f",3595},
{"\xf0\x9f\xaa\x87",3596},
{"\xf0\x9f\xaa\x87\xef\xb8\x8f",3596},
{"\xf0\x9f\xaa\x88",3597},
{"\xf0\x9f\xaa\x88\xef\xb8\x8f",3597},
{"\xf0\x9f\xaa\x89",3598},
{"\xf0\x9f\xaa\x89\xef\xb8\x8f",3598},
{"\xf0\x9f\xaa\x8a",3599},
{"\xf0\x9f\xaa\x8a\xef\xb8\x8f",3599},
{"\xf0\x9f\xaa\x8e",3600},
{"\xf0\x9f\xaa\x8e\xef\xb8\x8f",3600},
{"\xf0\x9f\xaa\x8f",3601},
{"\xf0\x9f\xaa\x8f\xef\xb8\x8f",3601},
{"\xf0\x9f\xaa\x90",3602},
{"\xf0\x9f\xaa\x90\xef\xb8\x8f",3602},
{"\xf0\x9f\xaa\x91",3603},
{"\xf0\x9f\xaa\x91\xef\xb8\x8f",3603},
{"\xf0\x9f\xaa\x92",3604},
{"\xf0\x9f\xaa\x92\xef\xb8\x8f",3604},
{"\xf0\x9f\xaa\x93",3605},
{"\xf0\x9f\xaa\x93\xef\xb8\x8f",3605},
{"\xf0\x9f\xaa\x94",3606},
{"\xf0\x9f\xaa\x94\xef\xb8\x8f",3606},
{"\xf0\x9f\xaa\x95",3607},
{"\xf0\x9f\xaa\x95\xef\xb8\x8f",3607},
{"\xf0\x9f\xaa\x96",3608},
{"\xf0\x9f\xaa\x96\xef\xb8\x8f",3608},
{"\xf0\x9f\xaa\x97",3609},
{"\xf0\x9f\xaa\x97\xef\xb8\x8f",3609},
{"\xf0\x9f\xaa\x98",3610},
{"\xf0\x9f\xaa\x98\xef\xb8\x8f",3610},
{"\xf0\x9f\xaa\x99",3611},
{"\xf0\x9f\xaa\x99\xef\xb8\x8f",3611},
{"\xf0\x9f\xaa\x9a",3612},
{"\xf0\x9f\xaa\x9a\xef\xb8\x8f",3612},
{"\xf0\x9f\xaa\x9b",3613},
{"\xf0\x9f\xaa\x9b\xef\xb8\x8f",3613},
{"\xf0\x9f\xaa\x9c",3614},
{"\xf0\x9f\xaa\x9c\xef\xb8\x8f",3614},
{"\xf0\x9f\xaa\x9d",3615},
{"\xf0\x9f\xaa\x9d\xef\xb8\x8f",3615},
{"\xf0\x9f\xaa\x9e",3616},
{"\xf0\x9f\xaa\x9e\xef\xb8\x8f",3616},
{"\xf0\x9f\xaa\x9f",3617},
{"\xf0\x9f\xaa\x9f\xef\xb8\x8f",3617},
{"\xf0\x9f\xaa\xa0",3618},
{"\xf0\x9f\xaa\xa0\xef\xb8\x8f",3618},
{"\xf0\x9f\xaa\xa1",3619},
{"\xf0\x9f\xaa\xa1\xef\xb8\x8f",3619},
{"\xf0\x9f\xaa\xa2",3620},
{"\xf0\x9f\xaa\xa2\xef\xb8\x8f",3620},
{"\xf0\x9f\xaa\xa3",3621},
{"\xf0\x9f\xaa\xa3\xef\xb8\x8f",3621},
{"\xf0\x9f\xaa\xa4",3622},
{"\xf0\x9f\xaa\xa4\xef\xb8\x8f",3622},
{"\xf0\x9f\xaa\xa5",3623},
{"\xf0\x9f\xaa\xa5\xef\xb8\x8f",3623},
{"\xf0\x9f\xaa\xa6",3624},
{"\xf0\x9f\xaa\xa6\xef\xb8\x8f",3624},
{"\xf0\x9f\xaa\xa7",3625},
{"\xf0\x9f\xaa\xa7\xef\xb8\x8f",3625},
{"\xf0\x9f\xaa\xa8",3626},
{"\xf0\x9f\xaa\xa8\xef\xb8\x8f",3626},
{"\xf0\x9f\xaa\xa9",3627},
{"\xf0\x9f\xaa\xa9\xef\xb8\x8f",3627},
{"\xf0\x9f\xaa\xaa",3628},
{"\xf0\x9f\xaa\xaa\xef\xb8\x8f",3628},
{"\xf0\x9f\xaa\xab",3629},
{"\xf0\x9f\xaa\xab\xef\xb8\x8f",3629},
{"\xf0\x9f\xaa\xac",3630},
{"\xf0\x9f\xaa\xac\xef\xb8\x8f",3630},
{"\xf0\x9f\xaa\xad",3631},
{"\xf0\x9f\xaa\xad\xef\xb8\x8f",3631},
{"\xf0\x9f\xaa\xae",3632},
{"\xf0\x9f\xaa\xae\xef\xb8\x8f",3632},
{"\xf0\x9f\xaa\xaf",3633},
{"\xf0\x9f\xaa\xaf\xef\xb8\x8f",3633},
{"\xf0\x9f\xaa\xb0",3634},
{"\xf0\x9f\xaa\xb0\xef\xb8\x8f",3634},
{"\xf0\x9f\xaa\xb1",3635},
{"\xf0\x9f\xaa\xb1\xef\xb8\x8f",3635},
{"\xf0\x9f\xaa\xb2",3636},
{"\xf0\x9f\xaa\xb2\xef\xb8\x8f",3636},
{"\xf0\x9f\xaa\xb3",3637},
{"\xf0\x9f\xaa\xb3\xef\xb8\x8f",3637},
{"\xf0\x9f\xaa\xb4",3638},
{"\xf0\x9f\xaa\xb4\xef\xb8\x8f",3638},
{"\xf0\x9f\xaa\xb5",3639},
{"\xf0\x9f\xaa\xb5\xef\xb8\x8f",3639},
{"\xf0\x9f\xaa\xb6",3640},
{"\xf0\x9f\xaa\xb6\xef\xb8\x8f",3640},
{"\xf0\x9f\xaa\xb7",3641},
{"\xf0\x9f\xaa\xb7\xef\xb8\x8f",3641},
{"\xf0\x9f\xaa\xb8",3642},
{"\xf0\x9f\xaa\xb8\xef\xb8\x8f",3642},
{"\xf0\x9f\xaa\xb9",3643},
{"\xf0\x9f\xaa\xb9\xef\xb8\x8f",3643},
{"\xf0\x9f\xaa\xba",3644},
{"\xf0\x9f\xaa\xba\xef\xb8\x8f",3644},
{"\xf0\x9f\xaa\xbb",3645},
{"\xf0\x9f\xaa\xbb\xef\xb8\x8f",3645},
{"\xf0\x9f\xaa\xbc",3646},
{"\xf0\x9f\xaa\xbc\xef\xb8\x8f",3646},
{"\xf0\x9f\xaa\xbd",3647},
{"\xf0\x9f\xaa\xbd\xef\xb8\x8f",3647},
{"\xf0\x9f\xaa\xbe",3648},
{"\xf0\x9f\xaa\xbe\xef\xb8\x8f",3648},
{"\xf0\x9f\xaa\xbf",3649},
{"\xf0\x9f\xaa\xbf\xef\xb8\x8f",3649},
{"\xf0\x9f\xab\x80",3650},
{"\xf0\x9f\xab\x80\xef\xb8\x8f",3650},
{"\xf0\x9f\xab\x81",3651},
{"\xf0\x9f\xab\x81\xef\xb8\x8f",3651},
{"\xf0\x9f\xab\x82",3652},
{"\xf0\x9f\xab\x82\xef\xb8\x8f",3652},
{"\xf0\x9f\xab\x83",3658},
{"\xf0\x9f\xab\x83\xef\xb8\x8f",3658},
{"\xf0\x9f\xab\x83\xf0\x9f\x8f\xbb",3653},
{"\xf0\x9f\xab\x83\xf0\x9f\x8f\xbb\xef\xb8\x8f",3653},
{"\xf0\x9f\xab\x83\xf0\x9f\x8f\xbc",3654},
{"\xf0\x9f\xab\x83\xf0\x9f\x8f\xbc\xef\xb8\x8f",3654},
{"\xf0\x9f\xab\x83\xf0\x9f\x8f\xbd",3655},
{"\xf0\x9f\xab\x83\xf0\x9f\x8f\xbd\xef\xb8\x8f",3655},
{"\xf0\x9f\xab\x83\xf0\x9f\x8f\xbe",3656},
{"\xf0\x9f\xab\x83\xf0\x9f\x8f\xbe\xef\xb8\x8f",3656},
{"\xf0\x9f\xab\x83\xf0\x9f\x8f\xbf",3657},
{"\xf0\x9f\xab\x83\xf0\x9f\x8f\xbf\xef\xb8\x8f",3657},
{"\xf0\x9f\xab\x84",3664},
{"\xf0\x9f\xab\x84\xef\xb8\x8f",3664},
{"\xf0\x9f\xab\x84\xf0\x9f\x8f\xbb",3659},
{"\xf0\x9f\xab\x84\xf0\x9f\x8f\xbb\xef\xb8\x8f",3659},
{"\xf0\x9f\xab\x84\xf0\x9f\x8f\xbc",3660},
{"\xf0\x9f\xab\x84\xf0\x9f\x8f\xbc\xef\xb8\x8f",3660},
{"\xf0\x9f\xab\x84\xf0\x9f\x8f\xbd",3661},
{"\xf0\x9f\xab\x84\xf0\x9f\x8f\xbd\xef\xb8\x8f",3661},
{"\xf0\x9f\xab\x84\xf0\x9f\x8f\xbe",3662},
{"\xf0\x9f\xab\x84\xf0\x9f\x8f\xbe\xef\xb8\x8f",3662},
{"\xf0\x9f\xab\x84\xf0\x9f\x8f\xbf",3663},
{"\xf0\x9f\xab\x84\xf0\x9f\x8f\xbf\xef\xb8\x8f",3663},
{"\xf0\x9f\xab\x85",3670},
{"\xf0\x9f\xab\x85\xef\xb8\x8f",3670},
{"\xf0\x9f\xab\x85\xf0\x9f\x8f\xbb",3665},
{"\xf0\x9f\xab\x85\xf0\x9f\x8f\xbb\xef\xb8\x8f",3665},
{"\xf0\x9f\xab\x85\xf0\x9f\x8f\xbc",3666},
{"\xf0\x9f\xab\x85\xf0\x9f\x8f\xbc\xef\xb8\x8f",3666},
{"\xf0\x9f\xab\x85\xf0\x9f\x8f\xbd",3667},
{"\xf0\x9f\xab\x85\xf0\x9f\x8f\xbd\xef\xb8\x8f",3667},
{"\xf0\x9f\xab\x85\xf0\x9f\x8f\xbe",3668},
{"\xf0\x9f\xab\x85\xf0\x9f\x8f\xbe\xef\xb8\x8f",3668},
{"\xf0\x9f\xab\x85\xf0\x9f\x8f\xbf",3669},
{"\xf0\x9f\xab\x85\xf0\x9f\x8f\xbf\xef\xb8\x8f",3669},
{"\xf0\x9f\xab\x86",3671},
{"\xf0\x9f\xab\x86\xef\xb8\x8f",3671},
{"\xf0\x9f\xab\x88",3672},
{"\xf0\x9f\xab\x88\xef\xb8\x8f",3672},
{"\xf0\x9f\xab\x8d",3673},
{"\xf0\x9f\xab\x8d\xef\xb8\x8f",3673},
{"\xf0\x9f\xab\x8e",3674},
{"\xf0\x9f\xab\x8e\xef\xb8\x8f",3674},
{"\xf0\x9f\xab\x8f",3675},
{"\xf0\x9f\xab\x8f\xef\xb8\x8f",3675},
{"\xf0\x9f\xab\x90",3676},
{"\xf0\x9f\xab\x90\xef\xb8\x8f",3676},
{"\xf0\x9f\xab\x91",3677},
{"\xf0\x9f\xab\x91\xef\xb8\x8f",3677},
{"\xf0\x9f\xab\x92",3678},
{"\xf0\x9f\xab\x92\xef\xb8\x8f",3678},
{"\xf0\x9f\xab\x93",3679},
{"\xf0\x9f\xab\x93\xef\xb8\x8f",3679},
{"\xf0\x9f\xab\x94",3680},
{"\xf0\x9f\xab\x94\xef\xb8\x8f",3680},
{"\xf0\x9f\xab\x95",3681},
{"\xf0\x9f\xab\x95\xef\xb8\x8f",3681},
{"\xf0\x9f\xab\x96",3682},
{"\xf0\x9f\xab\x96\xef\xb8\x8f",3682},
{"\xf0\x9f\xab\x97",3683},
{"\xf0\x9f\xab\x97\xef\xb8\x8f",3683},
{"\xf0\x9f\xab\x98",3684},
{"\xf0\x9f\xab\x98\xef\xb8\x8f",3684},
{"\xf0\x9f\xab\x99",3685},
{"\xf0\x9f\xab\x99\xef\xb8\x8f",3685},
{"\xf0\x9f\xab\x9a",3686},
{"\xf0\x9f\xab\x9a\xef\xb8\x8f",3686},
{"\xf0\x9f\xab\x9b",3687},
{"\xf0\x9f\xab\x9b\xef\xb8\x8f",3687},
{"\xf0\x9f\xab\x9c",3688},
{"\xf0\x9f\xab\x9c\xef\xb8\x8f",3688},
{"\xf0\x9f\xab\x9f",3689},
{"\xf0\x9f\xab\x9f\xef\xb8\x8f",3689},
{"\xf0\x9f\xab\xa0",3690},
{"\xf0\x9f\xab\xa0\xef\xb8\x8f",3690},
{"\xf0\x9f\xab\xa1",3691},
{"\xf0\x9f\xab\xa1\xef\xb8\x8f",3691},
{"\xf0\x9f\xab\xa2",3692},
{"\xf0\x9f\xab\xa2\xef\xb8\x8f",3692},
{"\xf0\x9f\xab\xa3",3693},
{"\xf0\x9f\xab\xa3\xef\xb8\x8f",3693},
{"\xf0\x9f\xab\xa4",3694},
{"\xf0\x9f\xab\xa4\xef\xb8\x8f",3694},
{"\xf0\x9f\xab\xa5",3695},
{"\xf0\x9f\xab\xa5\xef\xb8\x8f",3695},
{"\xf0\x9f\xab\xa6",3696},
{"\xf0\x9f\xab\xa6\xef\xb8\x8f",3696},
{"\xf0\x9f\xab\xa7",3697},
{"\xf0\x9f\xab\xa7\xef\xb8\x8f",3697},
{"\xf0\x9f\xab\xa8",3698},
{"\xf0\x9f\xab\xa8\xef\xb8\x8f",3698},
{"\xf0\x9f\xab\xa9",3699},
{"\xf0\x9f\xab\xa9\xef\xb8\x8f",3699},
{"\xf0\x9f\xab\xaa",3700},
{"\xf0\x9f\xab\xaa\xef\xb8\x8f",3700},
{"\xf0\x9f\xab\xaf",3701},
{"\xf0\x9f\xab\xaf\xef\xb8\x8f",3701},
{"\xf0\x9f\xab\xb0",3707},
{"\xf0\x9f\xab\xb0\xef\xb8\x8f",3707},
{"\xf0\x9f\xab\xb0\xf0\x9f\x8f\xbb",3702},
{"\xf0\x9f\xab\xb0\xf0\x9f\x8f\xbb\xef\xb8\x8f",3702},
{"\xf0\x9f\xab\xb0\xf0\x9f\x8f\xbc",3703},
{"\xf0\x9f\xab\xb0\xf0\x9f\x8f\xbc\xef\xb8\x8f",3703},
{"\xf0\x9f\xab\xb0\xf0\x9f\x8f\xbd",3704},
{"\xf0\x9f\xab\xb0\xf0\x9f\x8f\xbd\xef\xb8\x8f",3704},
{"\xf0\x9f\xab\xb0\xf0\x9f\x8f\xbe",3705},
{"\xf0\x9f\xab\xb0\xf0\x9f\x8f\xbe\xef\xb8\x8f",3705},
{"\xf0\x9f\xab\xb0\xf0\x9f\x8f\xbf",3706},
{"\xf0\x9f\xab\xb0\xf0\x9f\x8f\xbf\xef\xb8\x8f",3706},
{"\xf0\x9f\xab\xb1",3733},
{"\xf0\x9f\xab\xb1\xef\xb8\x8f",3733},
{"\xf0\x9f\xab\xb1\xf0\x9f\x8f\xbb",3712},
{"\xf0\x9f\xab\xb1\xf0\x9f\x8f\xbb\xe2\x80\x8d\xf0\x9f\xab\xb2\xf0\x9f\x8f\xbc",3708},
{"\xf0\x9f\xab\xb1\xf0\x9f\x8f\xbb\xe2\x80\x8d\xf0\x9f\xab\xb2\xf0\x9f\x8f\xbd",3709},
{"\xf0\x9f\xab\xb1\xf0\x9f\x8f\xbb\xe2\x80\x8d\xf0\x9f\xab\xb2\xf0\x9f\x8f\xbe",3710},
{"\xf0\x9f\xab\xb1\xf0\x9f\x8f\xbb\xe2\x80\x8d\xf0\x9f\xab\xb2\xf0\x9f\x8f\xbf",3711},
{"\xf0\x9f\xab\xb1\xf0\x9f\x8f\xbb\xef\xb8\x8f",3712},
{"\xf0\x9f\xab\xb1\xf0\x9f\x8f\xbc",3717},
{"\xf0\x9f\xab\xb1\xf0\x9f\x8f\xbc\xe2\x80\x8d\xf0\x9f\xab\xb2\xf0\x9f\x8f\xbb",3713},
{"\xf0\x9f\xab\xb1\xf0\x9f\x8f\xbc\xe2\x80\x8d\xf0\x9f\xab\xb2\xf0\x9f\x8f\xbd",3714},
{"\xf0\x9f\xab\xb1\xf0\x9f\x8f\xbc\xe2\x80\x8d\xf0\x9f\xab\xb2\xf0\x9f\x8f\xbe",3715},
{"\xf0\x9f\xab\xb1\xf0\x9f\x8f\xbc\xe2\x80\x8d\xf0\x9f\xab\xb2\xf0\x9f\x8f\xbf",3716},
{"\xf0\x9f\xab\xb1\xf0\x9f\x8f\xbc\xef\xb8\x8f",3717},
{"\xf0\x9f\xab\xb1\xf0\x9f\x8f\xbd",3722},
{"\xf0\x9f\xab\xb1\xf0\x9f\x8f\xbd\xe2\x80\x8d\xf0\x9f\xab\xb2\xf0\x9f\x8f\xbb",3718},
{"\xf0\x9f\xab\xb1\xf0\x9f\x8f\xbd\xe2\x80\x8d\xf0\x9f\xab\xb2\xf0\x9f\x8f\xbc",3719},
{"\xf0\x9f\xab\xb1\xf0\x9f\x8f\xbd\xe2\x80\x8d\xf0\x9f\xab\xb2\xf0\x9f\x8f\xbe",3720},
{"\xf0\x9f\xab\xb1\xf0\x9f\x8f\xbd\xe2\x80\x8d\xf0\x9f\xab\xb2\xf0\x9f\x8f\xbf",3721},
{"\xf0\x9f\xab\xb1\xf0\x9f\x8f\xbd\xef\xb8\x8f",3722},
{"\xf0\x9f\xab\xb1\xf0\x9f\x8f\xbe",3727},
{"\xf0\x9f\xab\xb1\xf0\x9f\x8f\xbe\xe2\x80\x8d\xf0\x9f\xab\xb2\xf0\x9f\x8f\xbb",3723},
{"\xf0\x9f\xab\xb1\xf0\x9f\x8f\xbe\xe2\x80\x8d\xf0\x9f\xab\xb2\xf0\x9f\x8f\xbc",3724},
{"\xf0\x9f\xab\xb1\xf0\x9f\x8f\xbe\xe2\x80\x8d\xf0\x9f\xab\xb2\xf0\x9f\x8f\xbd",3725},
{"\xf0\x9f\xab\xb1\xf0\x9f\x8f\xbe\xe2\x80\x8d\xf0\x9f\xab\xb2\xf0\x9f\x8f\xbf",3726},
{"\xf0\x9f\xab\xb1\xf0\x9f\x8f\xbe\xef\xb8\x8f",3727},
{"\xf0\x9f\xab\xb1\xf0\x9f\x8f\xbf",3732},
{"\xf0\x9f\xab\xb1\xf0\x9f\x8f\xbf\xe2\x80\x8d\xf0\x9f\xab\xb2\xf0\x9f\x8f\xbb",3728},
{"\xf0\x9f\xab\xb1\xf0\x9f\x8f\xbf\xe2\x80\x8d\xf0\x9f\xab\xb2\xf0\x9f\x8f\xbc",3729},
{"\xf0\x9f\xab\xb1\xf0\x9f\x8f\xbf\xe2\x80\x8d\xf0\x9f\xab\xb2\xf0\x9f\x8f\xbd",3730},
{"\xf0\x9f\xab\xb1\xf0\x9f\x8f\xbf\xe2\x80\x8d\xf0\x9f\xab\xb2\xf0\x9f\x8f\xbe",3731},
{"\xf0\x9f\xab\xb1\xf0\x9f\x8f\xbf\xef\xb8\x8f",3732},
{"\xf0\x9f\xab\xb2",3739},
{"\xf0\x9f\xab\xb2\xef\xb8\x8f",3739},
{"\xf0\x9f\xab\xb2\xf0\x9f\x8f\xbb",3734},
{"\xf0\x9f\xab\xb2\xf0\x9f\x8f\xbb\xef\xb8\x8f",3734},
{"\xf0\x9f\xab\xb2\xf0\x9f\x8f\xbc",3735},
{"\xf0\x9f\xab\xb2\xf0\x9f\x8f\xbc\xef\xb8\x8f",3735},
{"\xf0\x9f\xab\xb2\xf0\x9f\x8f\xbd",3736},
{"\xf0\x9f\xab\xb2\xf0\x9f\x8f\xbd\xef\xb8\x8f",3736},
{"\xf0\x9f\xab\xb2\xf0\x9f\x8f\xbe",3737},
{"\xf0\x9f\xab\xb2\xf0\x9f\x8f\xbe\xef\xb8\x8f",3737},
{"\xf0\x9f\xab\xb2\xf0\x9f\x8f\xbf",3738},
{"\xf0\x9f\xab\xb2\xf0\x9f\x8f\xbf\xef\xb8\x8f",3738},
{"\xf0\x9f\xab\xb3",3745},
{"\xf0\x9f\xab\xb3\xef\xb8\x8f",3745},
{"\xf0\x9f\xab\xb3\xf0\x9f\x8f\xbb",3740},
{"\xf0\x9f\xab\xb3\xf0\x9f\x8f\xbb\xef\xb8\x8f",3740},
{"\xf0\x9f\xab\xb3\xf0\x9f\x8f\xbc",3741},
{"\xf0\x9f\xab\xb3\xf0\x9f\x8f\xbc\xef\xb8\x8f",3741},
{"\xf0\x9f\xab\xb3\xf0\x9f\x8f\xbd",3742},
{"\xf0\x9f\xab\xb3\xf0\x9f\x8f\xbd\xef\xb8\x8f",3742},
{"\xf0\x9f\xab\xb3\xf0\x9f\x8f\xbe",3743},
{"\xf0\x9f\xab\xb3\xf0\x9f\x8f\xbe\xef\xb8\x8f",3743},
{"\xf0\x9f\xab\xb3\xf0\x9f\x8f\xbf",3744},
{"\xf0\x9f\xab\xb3\xf0\x9f\x8f\xbf\xef\xb8\x8f",3744},
{"\xf0\x9f\xab\xb4",3751},
{"\xf0\x9f\xab\xb4\xef\xb8\x8f",3751},
{"\xf0\x9f\xab\xb4\xf0\x9f\x8f\xbb",3746},
{"\xf0\x9f\xab\xb4\xf0\x9f\x8f\xbb\xef\xb8\x8f",3746},
{"\xf0\x9f\xab\xb4\xf0\x9f\x8f\xbc",3747},
{"\xf0\x9f\xab\xb4\xf0\x9f\x8f\xbc\xef\xb8\x8f",3747},
{"\xf0\x9f\xab\xb4\xf0\x9f\x8f\xbd",3748},
{"\xf0\x9f\xab\xb4\xf0\x9f\x8f\xbd\xef\xb8\x8f",3748},
{"\xf0\x9f\xab\xb4\xf0\x9f\x8f\xbe",3749},
{"\xf0\x9f\xab\xb4\xf0\x9f\x8f\xbe\xef\xb8\x8f",3749},
{"\xf0\x9f\xab\xb4\xf0\x9f\x8f\xbf",3750},
{"\xf0\x9f\xab\xb4\xf0\x9f\x8f\xbf\xef\xb8\x8f",3750},
{"\xf0\x9f\xab\xb5",3757},
{"\xf0\x9f\xab\xb5\xef\xb8\x8f",3757},
{"\xf0\x9f\xab\xb5\xf0\x9f\x8f\xbb",3752},
{"\xf0\x9f\xab\xb5\xf0\x9f\x8f\xbb\xef\xb8\x8f",3752},
{"\xf0\x9f\xab\xb5\xf0\x9f\x8f\xbc",3753},
{"\xf0\x9f\xab\xb5\xf0\x9f\x8f\xbc\xef\xb8\x8f",3753},
{"\xf0\x9f\xab\xb5\xf0\x9f\x8f\xbd",3754},
{"\xf0\x9f\xab\xb5\xf0\x9f\x8f\xbd\xef\xb8\x8f",3754},
{"\xf0\x9f\xab\xb5\xf0\x9f\x8f\xbe",3755},
{"\xf0\x9f\xab\xb5\xf0\x9f\x8f\xbe\xef\xb8\x8f",3755},
{"\xf0\x9f\xab\xb5\xf0\x9f\x8f\xbf",3756},
{"\xf0\x9f\xab\xb5\xf0\x9f\x8f\xbf\xef\xb8\x8f",3756},
{"\xf0\x9f\xab\xb6",3763},
{"\xf0\x9f\xab\xb6\xef\xb8\x8f",3763},
{"\xf0\x9f\xab\xb6\xf0\x9f\x8f\xbb",3758},
{"\xf0\x9f\xab\xb6\xf0\x9f\x8f\xbb\xef\xb8\x8f",3758},
{"\xf0\x9f\xab\xb6\xf0\x9f\x8f\xbc",3759},
{"\xf0\x9f\xab\xb6\xf0\x9f\x8f\xbc\xef\xb8\x8f",3759},
{"\xf0\x9f\xab\xb6\xf0\x9f\x8f\xbd",3760},
{"\xf0\x9f\xab\xb6\xf0\x9f\x8f\xbd\xef\xb8\x8f",3760},
{"\xf0\x9f\xab\xb6\xf0\x9f\x8f\xbe",3761},
{"\xf0\x9f\xab\xb6\xf0\x9f\x8f\xbe\xef\xb8\x8f",3761},
{"\xf0\x9f\xab\xb6\xf0\x9f\x8f\xbf",3762},
{"\xf0\x9f\xab\xb6\xf0\x9f\x8f\xbf\xef\xb8\x8f",3762},
{"\xf0\x9f\xab\xb7",3769},
{"\xf0\x9f\xab\xb7\xef\xb8\x8f",3769},
{"\xf0\x9f\xab\xb7\xf0\x9f\x8f\xbb",3764},
{"\xf0\x9f\xab\xb7\xf0\x9f\x8f\xbb\xef\xb8\x8f",3764},
{"\xf0\x9f\xab\xb7\xf0\x9f\x8f\xbc",3765},
{"\xf0\x9f\xab\xb7\xf0\x9f\x8f\xbc\xef\xb8\x8f",3765},
{"\xf0\x9f\xab\xb7\xf0\x9f\x8f\xbd",3766},
{"\xf0\x9f\xab\xb7\xf0\x9f\x8f\xbd\xef\xb8\x8f",3766},
{"\xf0\x9f\xab\xb7\xf0\x9f\x8f\xbe",3767},
{"\xf0\x9f\xab\xb7\xf0\x9f\x8f\xbe\xef\xb8\x8f",3767},
{"\xf0\x9f\xab\xb7\xf0\x9f\x8f\xbf",3768},
{"\xf0\x9f\xab\xb7\xf0\x9f\x8f\xbf\xef\xb8\x8f",3768},
{"\xf0\x9f\xab\xb8",3775},
{"\xf0\x9f\xab\xb8\xef\xb8\x8f",3775},
{"\xf0\x9f\xab\xb8\xf0\x9f\x8f\xbb",3770},
{"\xf0\x9f\xab\xb8\xf0\x9f\x8f\xbb\xef\xb8\x8f",3770},
{"\xf0\x9f\xab\xb8\xf0\x9f\x8f\xbc",3771},
{"\xf0\x9f\xab\xb8\xf0\x9f\x8f\xbc\xef\xb8\x8f",3771},
{"\xf0\x9f\xab\xb8\xf0\x9f\x8f\xbd",3772},
{"\xf0\x9f\xab\xb8\xf0\x9f\x8f\xbd\xef\xb8\x8f",3772},
{"\xf0\x9f\xab\xb8\xf0\x9f\x8f\xbe",3773},
{"\xf0\x9f\xab\xb8\xf0\x9f\x8f\xbe\xef\xb8\x8f",3773},
{"\xf0\x9f\xab\xb8\xf0\x9f\x8f\xbf",3774},
{"\xf0\x9f\xab\xb8\xf0\x9f\x8f\xbf\xef\xb8\x8f",3774},
};
}
